Price,Close,Returns,Volatility_30d
Ticker,BZ=F,,
Date,,,
2018-01-02,66.56999969482422,,
2018-01-03,67.83999633789062,0.01889791647375279,
2018-01-04,68.06999969482422,0.003384645474514864,
2018-01-05,67.62000274658203,-0.00663274507896233,
2018-01-08,67.77999877929688,0.0023633102714878816,
2018-01-09,68.81999969482422,0.015227247765807283,
2018-01-10,69.19999694824219,0.005506422588147696,
2018-01-11,69.26000213623047,0.0008667512948383967,
2018-01-12,69.87000274658203,0.008768842056333834,
2018-01-16,69.1500015258789,-0.010358331697264843,
2018-01-17,69.37999725341797,0.00332052177710048,
2018-01-18,69.30999755859375,-0.00100944124863618,
2018-01-19,68.61000061035156,-0.010150855106692438,
2018-01-22,69.02999877929688,0.00610286943296717,
2018-01-23,69.95999908447266,0.013382462032238213,
2018-01-24,70.52999877929688,0.008114496848553532,
2018-01-25,70.41999816894531,-0.0015608461875212208,
2018-01-26,70.5199966430664,0.001419022202099801,
2018-01-29,69.45999908447266,-0.01514527579180667,
2018-01-30,69.0199966430664,-0.006354765102544165,
2018-01-31,69.05000305175781,0.0004346550189056237,
2018-02-01,69.08000183105469,0.0004343557331221614,
2018-02-02,68.58000183105469,-0.007264306050452695,
2018-02-05,67.62000274658203,-0.01409713583668361,
2018-02-06,66.86000061035156,-0.011302947776881253,
2018-02-07,65.51000213623047,-0.020398054767740818,
2018-02-08,64.80999755859375,-0.010742960583596767,
2018-02-09,62.790000915527344,-0.03166403506261424,
2018-02-12,62.59000015258789,-0.0031903163322948877,
2018-02-13,62.720001220703125,0.0020748721303877004,
2018-02-14,64.36000061035156,0.025811936102688185,0.011880514858143924
2018-02-15,64.33000183105469,-0.000466217721208092,0.011265227388587075
2018-02-16,64.83999633789062,0.007896526501930536,0.011366095466646063
2018-02-20,65.25,0.00630340581449902,0.011414664337086305
2018-02-21,65.41999816894531,0.0026019479182159775,0.011417308245290069
2018-02-22,66.38999938964844,0.014718439416622934,0.011392443863713773
2018-02-23,67.30999755859375,0.013762344213901347,0.011656640152357456
2018-02-26,67.5,0.002818820126940848,0.01167241337256492
2018-02-27,66.62999725341797,-0.01297271252544142,0.011728899601512405
2018-02-28,65.77999877929688,-0.012839063149491679,0.011801423450545962
2018-03-01,65.70999908447266,-0.001064715226621099,0.011764638114524257
2018-03-02,64.37000274658203,-0.02060337824374035,0.012252354182466367
2018-03-05,65.54000091552734,0.018012928506464795,0.012713422787775744
2018-03-06,65.79000091552734,0.003807207774156173,0.012672765528316319
2018-03-07,64.33999633789062,-0.022286400121013766,0.01288977184657887
2018-03-08,63.61000061035156,-0.011410764606870223,0.01281282641882311
2018-03-09,65.48999786376953,0.02912672632484913,0.014125905040916641
2018-03-12,64.94999694824219,-0.008279730480432094,0.014146000346198577
2018-03-13,64.63999938964844,-0.004784291359824074,0.013957984583725713
2018-03-14,64.88999938964844,0.0038601144566154,0.013982685502901326
2018-03-15,65.12000274658203,0.003538244644391206,0.01401320210580795
2018-03-16,66.20999908447266,0.01659973123759865,0.01441327065686089
2018-03-19,66.05000305175781,-0.002419417937040103,0.014372549944299842
2018-03-20,67.41999816894531,0.02052960547490465,0.014692334446718046
2018-03-21,69.47000122070312,0.02995333962945829,0.01551521289786415
2018-03-22,68.91000366210938,-0.008093663763966556,0.015078988420657987
2018-03-23,70.44999694824219,0.02210183651413986,0.015335588838253058
2018-03-26,70.12000274658203,-0.004695095803850353,0.013977064663671232
2018-03-27,70.11000061035156,-0.00014265329826704284,0.013936421019689645
2018-03-28,69.52999877929688,-0.008307149370073041,0.01410811872965562
2018-03-29,70.2699966430664,0.010586620877743185,0.013537751982106598
2018-04-02,67.63999938964844,-0.03814540242532462,0.015473071590507346
2018-04-03,68.12000274658203,0.007071381107396927,0.015462355863647106
2018-04-04,68.0199966430664,-0.001469165887353392,0.015446717802256813
2018-04-05,68.33000183105469,0.004547205363023069,0.015456078762333555
2018-04-06,67.11000061035156,-0.018015862324975044,0.015641475529316905
2018-04-09,68.6500015258789,0.022688081175971132,0.0159862976325237
2018-04-10,71.04000091552734,0.03422195713049319,0.017120612352717193
2018-04-11,72.05999755859375,0.014255959868354675,0.017037267719480307
2018-04-12,72.0199966430664,-0.0005552598301620498,0.016799082132419395
2018-04-13,72.58000183105469,0.007745615403414898,0.016802204657748086
2018-04-16,71.41999816894531,-0.01611151048455295,0.01660051908866957
2018-04-17,71.58000183105469,0.0022378143899543564,0.01637206153708112
2018-04-18,73.4800033569336,0.026197575113506785,0.01691439545083679
2018-04-19,73.77999877929688,0.004074369591431853,0.016187787458104994
2018-04-20,74.05999755859375,0.0037878668968654946,0.015905987513315793
2018-04-23,74.70999908447266,0.008738397213076579,0.0152653475407109
2018-04-24,73.86000061035156,-0.011442522045249749,0.015366455803249494
2018-04-25,74.0,0.0018936755161246424,0.01527866348277739
2018-04-26,74.73999786376953,0.00995030227100992,0.015310189421401464
2018-04-27,74.63999938964844,-0.0013388471133630318,0.015348913125183184
2018-04-30,75.16999816894531,0.0070756424687114265,0.01518870845250338
2018-05-01,75.16999816894531,0.0,0.015158574167268415
2018-05-02,73.36000061035156,-0.024373354562368357,0.015708836594474234
2018-05-03,73.62000274658203,0.0035379289902672437,0.01485215677176562
2018-05-04,74.87000274658203,0.01683654766884664,0.014968728403616278
2018-05-07,76.16999816894531,0.01721434741836949,0.014776375424881822
2018-05-08,74.8499984741211,-0.01748156986582983,0.015173198956554857
2018-05-09,77.20999908447266,0.031042879983284342,0.016051705138319147
2018-05-10,77.47000122070312,0.0033618099378208057,0.015903558681238095
2018-05-11,77.12000274658203,-0.004528094484235574,0.015914148524766452
2018-05-14,78.2300033569336,0.014290562691382748,0.013991223749774432
2018-05-15,78.43000030517578,0.0025532625075684705,0.01399078761583208
2018-05-16,79.27999877929688,0.010779363508732633,0.013983332135218955
2018-05-17,79.30000305175781,0.0002522925001395829,0.014011210150215059
2018-05-18,78.51000213623047,-0.010012134704682069,0.013629579799962637
2018-05-21,79.22000122070312,0.009002775182973044,0.013248809719695194
2018-05-22,79.56999969482422,0.004408325951333852,0.012025398966231813
2018-05-23,79.80000305175781,0.0028864091442101646,0.011861900379024183
2018-05-24,78.79000091552734,-0.012737445820902924,0.012205541186207295
2018-05-25,76.44000244140625,-0.0302799455665095,0.013590967871496046
2018-05-29,75.38999938964844,-0.013831519183240644,0.013493802645119608
2018-05-30,77.5,0.027603304231612953,0.01429300157624763
2018-05-31,77.58999633789062,0.0011605693483421066,0.013583939424302702
2018-06-01,77.58999633789062,0.0,0.013580930198063118
2018-06-04,75.29000091552734,-0.030091169685600033,0.014757116008795925
2018-06-05,75.37999725341797,0.00119461538046315,0.014676812880673977
2018-06-06,75.36000061035156,-0.0002653130352539455,0.01450942418719251
2018-06-07,77.31999969482422,0.025676012025958605,0.015211293419981196
2018-06-08,76.45999908447266,-0.011184934098882972,0.01529386008465168
2018-06-11,76.45999908447266,0.0,0.015289481936220106
2018-06-12,75.87999725341797,-0.0076146074239047574,0.01531687962889515
2018-06-13,76.73999786376953,0.01126994811113388,0.015446584334998919
2018-06-14,75.94000244140625,-0.010479470028754115,0.014866636678332653
2018-06-15,73.44000244140625,-0.033474807397019496,0.016142853439847237
2018-06-18,75.33999633789062,0.025542374100340357,0.01653105514042918
2018-06-19,75.08000183105469,-0.0034569175497676454,0.016225772091085007
2018-06-20,74.73999786376953,-0.004538840631176701,0.01592746846895234
2018-06-21,73.05000305175781,-0.022871215502184482,0.015328695577157155
2018-06-22,75.55000305175781,0.033650549139634896,0.01662612346950216
2018-06-25,74.7300033569336,-0.010913066249602782,0.01671563526628243
2018-06-26,76.30999755859375,0.020922296445246357,0.016967449536333397
2018-06-27,77.62000274658203,0.017021202017464463,0.017269794869097875
2018-06-28,77.8499984741211,0.0029587173540261613,0.017154708431206558
2018-06-29,79.44000244140625,0.020218171789859518,0.017571418293177547
2018-07-02,77.30000305175781,-0.027308055396845818,0.018186236524730642
2018-07-03,77.76000213623047,0.005933192551504872,0.018139399912014922
2018-07-05,77.38999938964844,-0.004769622228613259,0.018129061764154974
2018-07-06,77.11000061035156,-0.0036245836354643884,0.01812081914654422
2018-07-09,78.06999969482422,0.012372874462992286,0.018146710095278518
2018-07-10,78.86000061035156,0.01006827996596847,0.017325198385402203
2018-07-11,73.4000015258789,-0.07175017978015552,0.021711285801607305
2018-07-12,74.44999694824219,0.014203761730303757,0.0212375245873451
2018-07-13,75.33000183105469,0.011750768005399823,0.02136810616428839
2018-07-16,71.83999633789062,-0.047437113126681335,0.022986555627847894
2018-07-17,72.16000366210938,0.004444553486186912,0.022418331156512667
2018-07-18,72.9000015258789,0.010202733441516088,0.022514615329928798
2018-07-19,72.58000183105469,-0.004399232932722962,0.022521884275285897
2018-07-20,73.06999969482422,0.006728454613628449,0.02200030667641436
2018-07-23,73.05999755859375,-0.000136893675960915,0.02193161673447591
2018-07-24,73.44000244140625,0.005187791605103308,0.021964411930315824
2018-07-25,73.93000030517578,0.0066499241411268626,0.021978364020156863
2018-07-26,74.54000091552734,0.008217202636564766,0.021927236790300855
2018-07-27,74.29000091552734,-0.0033595408460649974,0.021859182313389295
2018-07-30,74.97000122070312,0.009111684310114918,0.02102647365402295
2018-07-31,74.25,-0.0096502721147163,0.020568701097114492
2018-08-01,74.25,0.0,0.020561163974456998
2018-08-02,73.44999694824219,-0.010832916611702447,0.02063713461486233
2018-08-03,73.20999908447266,-0.003272849918051039,0.02021301402765573
2018-08-06,73.75,0.007348984066873682,0.019254052331106827
2018-08-07,74.6500015258789,0.012129549205710702,0.019296428573539744
2018-08-08,72.27999877929688,-0.032263095590144786,0.019742558594477346
2018-08-09,72.06999969482422,-0.0029095841335811537,0.01941977437735769
2018-08-10,72.80999755859375,0.010215410173510936,0.01953461740792559
2018-08-13,72.61000061035156,-0.0027506130773810645,0.019068981219247466
2018-08-14,72.45999908447266,-0.002067988966047131,0.018507908583539574
2018-08-15,70.76000213623047,-0.023740773350609572,0.01885049579465153
2018-08-16,71.43000030517578,0.009424053957869303,0.018985934101779015
2018-08-17,71.83000183105469,0.005584288138956603,0.019044344532957343
2018-08-20,72.20999908447266,0.005276286206198882,0.01889849419864586
2018-08-21,72.62999725341797,0.005799494017581991,0.01881570363369512
2018-08-22,74.77999877929688,0.02917243142304816,0.014602813835681811
2018-08-23,74.7300033569336,-0.0006687903620150069,0.014376487703142803
2018-08-24,75.81999969482422,0.014480443200157673,0.014460993599542405
2018-08-27,76.20999908447266,0.005130569601623007,0.011334565407155139
2018-08-28,75.94999694824219,-0.003417486804169961,0.011366184726581689
2018-08-29,77.13999938964844,0.015546756007185997,0.011544413930769404
2018-08-30,77.7699966430664,0.008133764674135782,0.011535948120177922
2018-08-31,77.41999816894531,-0.00451058804338391,0.01156969420903464
2018-09-04,78.16999816894531,0.009640797309655152,0.011646994429542843
2018-09-05,77.2699966430664,-0.011580180306942843,0.011900898693385469
2018-09-06,76.5,-0.010014997668798088,0.012049626213376817
2018-09-07,76.83000183105469,0.004304471879601385,0.011991406032169378
2018-09-10,77.37000274658203,0.007003931348586209,0.01201048841826277
2018-09-11,79.05999755859375,0.02160788292743799,0.012495700993603524
2018-09-12,79.73999786376953,0.008564288175144456,0.012363449248091107
2018-09-13,78.18000030517578,-0.019757450894949784,0.013004103247123103
2018-09-14,78.08999633789062,-0.0011519034897375137,0.012800401148559177
2018-09-17,78.05000305175781,-0.0005122747170968389,0.01277076539567948
2018-09-18,79.02999877929688,0.012477825709334747,0.01287687535395259
2018-09-19,79.4000015258789,0.0046708756998971816,0.012752042598355776
2018-09-20,78.69999694824219,-0.008855270824452026,0.011201604231537791
2018-09-21,78.80000305175781,0.0012699189454674546,0.011153562003836985
2018-09-24,81.19999694824219,0.03000217399268361,0.012138024143212559
2018-09-25,81.87000274658203,0.008217447352037856,0.01210417621091551
2018-09-26,81.33999633789062,-0.006494801479612178,0.012207258113015295
2018-09-27,81.72000122070312,0.004660929430218396,0.011038834697329145
2018-09-28,82.72000122070312,0.012162640630117013,0.011089597467344444
2018-10-01,84.9800033569336,0.026954548672127654,0.011799288978059767
2018-10-02,84.80000305175781,-0.002120395403729022,0.01188334895922443
2018-10-03,86.29000091552734,0.017418148344538587,0.012085864867200959
2018-10-04,84.58000183105469,-0.020015873436972694,0.012134387294442743
2018-10-05,84.16000366210938,-0.004978061190076832,0.012218062492227373
2018-10-08,83.91000366210938,-0.0029749529777778143,0.012115041004772195
2018-10-09,85.0,0.012906416965038432,0.012236370256903948
2018-10-10,83.08999633789062,-0.02272694288743602,0.013097854115073167
2018-10-11,80.26000213623047,-0.034652922147732405,0.014563624937096868
2018-10-12,80.43000030517578,0.002115853255132542,0.014507898709194212
2018-10-15,80.77999877929688,0.004342150313533727,0.01447940556180401
2018-10-16,81.41000366210938,0.007768765545603589,0.014446735024465151
2018-10-17,80.05000305175781,-0.016846683003549145,0.014640026634360181
2018-10-18,79.29000091552734,-0.009539448734993612,0.014627741483327369
2018-10-19,79.77999877929688,0.006160802345518951,0.014645268591727035
2018-10-22,79.83000183105469,0.0006265654182377513,0.01460518759864917
2018-10-23,76.44000244140625,-0.0433932452837027,0.01618524799825132
2018-10-24,76.16999816894531,-0.0035384909652858977,0.01608598128603474
2018-10-25,76.88999938964844,0.00940816076046246,0.01582541240690816
2018-10-26,77.62000274658203,0.009449340219632363,0.01592963246573018
2018-10-29,77.33999633789062,-0.003613922497368868,0.015941781573518415
2018-10-30,75.91000366210938,-0.01866276255691427,0.0160938817333033
2018-10-31,75.47000122070312,-0.005813233799997675,0.016072613155647876
2018-11-01,75.5,0.0003974137835218123,0.016019104238844093
2018-11-02,72.83000183105469,-0.03600467288366601,0.01720765422656488
2018-11-05,73.16999816894531,0.004657492499960838,0.016139509009776332
2018-11-06,72.12999725341797,-0.014315467433913733,0.01610106812195761
2018-11-07,72.06999969482422,-0.0008321437354462252,0.016106697137515957
2018-11-08,70.6500015258789,-0.01989973397365796,0.01627287782399385
2018-11-09,70.18000030517578,-0.00667475622471482,0.01595401300706841
2018-11-12,70.12000274658203,-0.0008552752807702894,0.014768323044452301
2018-11-13,65.47000122070312,-0.06861605812454244,0.0185966347063145
2018-11-14,66.12000274658203,0.009879273393947102,0.018280856079955696
2018-11-15,66.62000274658203,0.007533559500946718,0.018393505280317354
2018-11-16,66.76000213623047,0.0020992567991701353,0.01847821330174925
2018-11-19,66.79000091552734,0.00044925165280286153,0.01851906806255628
2018-11-20,62.529998779296875,-0.0659069603877688,0.02094068099424557
2018-11-21,63.47999954223633,0.015078466389733505,0.021297416851840688
2018-11-23,58.79999923706055,-0.07658304651764002,0.02421658601138344
2018-11-26,60.47999954223633,0.028170882373013392,0.025129851527095973
2018-11-27,60.209999084472656,-0.004474288031646933,0.02501364563073103
2018-11-28,58.7599983215332,-0.024377113529896154,0.024923614830890575
2018-11-29,59.5099983215332,0.012683014711083997,0.025260193136120206
2018-11-30,58.709999084472656,-0.013534282969941558,0.025268844575555536
2018-12-03,61.689998626708984,0.04951176647835314,0.02737744270191652
2018-12-04,62.08000183105469,0.006302084409658754,0.0274626733263326
2018-12-06,60.060001373291016,-0.03307981994954258,0.02707105240281527
2018-12-07,61.66999816894531,0.026453473891725005,0.02778730226352327
2018-12-10,59.970001220703125,-0.027953101776579333,0.027861883709799865
2018-12-11,60.20000076293945,0.003827907452540263,0.027757211979790215
2018-12-12,60.150001525878906,-0.0008308971996052058,0.02777864952525734
2018-12-13,61.45000076293945,0.021382380639074272,0.028225982970460452
2018-12-14,60.279998779296875,-0.019223494919912328,0.02831187395292415
2018-12-17,59.61000061035156,-0.01117699803682981,0.028279512606847333
2018-12-18,56.2599983215332,-0.057839582243310705,0.02929128193039049
2018-12-19,57.2400016784668,0.017269210783964626,0.029577292709736913
2018-12-20,54.349998474121094,-0.05180839851939987,0.03061905862267802
2018-12-21,53.81999969482422,-0.009799445863713858,0.030575927954369416
2018-12-24,50.470001220703125,-0.06426601508957717,0.032118638215017474
2018-12-26,54.470001220703125,0.0762709892672633,0.035873315802938385
2018-12-27,52.15999984741211,-0.043334199113125194,0.03639783686523354
2018-12-28,52.20000076293945,0.0007665948112751663,0.03470063340012524
2018-12-31,53.79999923706055,0.030190943482416716,0.035246298319738203
2019-01-02,54.90999984741211,0.020422025525200796,0.03550555271944091
2019-01-03,55.95000076293945,0.01876296988211938,0.03577314552357605
2019-01-04,57.060001373291016,0.0196449214588163,0.03606092278565746
2019-01-07,57.33000183105469,0.004720709006303803,0.03422287581947677
2019-01-08,58.720001220703125,0.02395632623565265,0.0344214529616758
2019-01-09,61.439998626708984,0.045280661392873726,0.03252789062385553
2019-01-10,61.68000030517578,0.003898667715126005,0.032140251462025995
2019-01-11,60.47999954223633,-0.019647009900367003,0.032342489629013114
2019-01-14,58.9900016784668,-0.024944757834037812,0.03235749568633104
2019-01-15,60.63999938964844,0.027586764800556062,0.03266977057888132
2019-01-16,61.31999969482422,0.011151317757887446,0.032611617050068535
2019-01-17,61.18000030517578,-0.002285705315919485,0.0313250946526191
2019-01-18,62.70000076293945,0.024541116096048442,0.031632665637172784
2019-01-22,61.5,-0.019324284994496097,0.031228785227538847
2019-01-23,61.13999938964844,-0.0058708683326356235,0.030868343001189236
2019-01-24,61.09000015258789,-0.0008181173204053084,0.03042409840819786
2019-01-25,61.63999938964844,0.008962811390609006,0.030457213082359855
2019-01-28,59.93000030517578,-0.028133780987742323,0.03091178264844284
2019-01-29,61.31999969482422,0.022928829464541608,0.030950145652904677
2019-01-30,61.650001525878906,0.005367205334185172,0.030750392890692074
2019-01-31,61.88999938964844,0.0038853515283686166,0.03067181965341809
2019-02-01,61.869998931884766,-0.00032321361035935023,0.02857690478299562
2019-02-04,62.5099983215332,0.010291124813514302,0.028486428811354256
2019-02-05,61.97999954223633,-0.00851477211861337,0.026655227803235194
2019-02-06,62.689998626708984,0.011390178405880486,0.026547095135350647
2019-02-07,61.630001068115234,-0.017053141074570954,0.023521017995503934
2019-02-08,62.099998474121094,0.007597182062869693,0.019512822351875733
2019-02-11,61.5099983215332,-0.009546228435543314,0.017539789999373175
2019-02-12,62.41999816894531,0.01468597157563929,0.017594385095683746
2019-02-13,63.61000061035156,0.01888499277771698,0.017173523757538094
2019-02-14,64.56999969482422,0.014979201626170592,0.017039583437232823
2019-02-15,66.25,0.02568556295423412,0.0172720496571903
2019-02-19,66.44999694824219,0.003014274367296156,0.01707254035064107
2019-02-20,67.08000183105469,0.009436225017961517,0.01709083304378664
2019-02-21,67.06999969482422,-0.0001491186900519486,0.0167434509538855
2019-02-22,67.12000274658203,0.0007452575178838218,0.014865844099686476
2019-02-25,64.76000213623047,-0.03579394128310552,0.016459221913833307
2019-02-26,65.20999908447266,0.006924655569117942,0.01598314267034336
2019-02-27,66.38999938964844,0.017933616172208,0.015347922936889852
2019-02-28,66.02999877929688,-0.0054372678182606675,0.014766652533217229
2019-03-01,65.06999969482422,-0.014645556902449782,0.01501490350812383
2019-03-04,65.66999816894531,0.009178563503283327,0.015048481447585462
2019-03-05,65.86000061035156,0.00288911389541259,0.014455555677343492
2019-03-06,65.98999786376953,0.0019718968076693232,0.013902944092352293
2019-03-07,66.30000305175781,0.00468676019804871,0.013821085870896645
2019-03-08,65.73999786376953,-0.008482407480412051,0.013958526185559931
2019-03-11,66.58000183105469,0.012696723907517499,0.014035081734207927
2019-03-12,66.66999816894531,0.0013507895170703145,0.012787819662808566
2019-03-13,67.55000305175781,0.013113060418447517,0.012394484312353939
2019-03-14,67.2300033569336,-0.00474848317094676,0.012471565753743093
2019-03-15,67.16000366210938,-0.0010417396755509206,0.012490409627816682
2019-03-18,67.54000091552734,0.005642141775285756,0.01248770953283839
2019-03-19,67.61000061035156,0.0010358816173634152,0.012413503655790706
2019-03-20,68.5,0.013077835138059308,0.012371887649954623
2019-03-21,67.86000061035156,-0.00938697691781971,0.012486377208261804
2019-03-22,67.02999877929688,-0.012306506191789095,0.012256162265463987
2019-03-25,67.20999908447266,0.0026817702014118273,0.012222625635851157
2019-03-26,67.97000122070312,0.011244416958003902,0.012096850521806549
2019-03-27,67.83000183105469,-0.0020618473652370107,0.01194009053603905
2019-03-28,67.81999969482422,-0.00014746975504730705,0.011553735359534183
2019-03-29,68.38999938964844,0.008369473987729133,0.011361808596359237
2019-04-01,69.01000213623047,0.009024846402454082,0.010537154963722171
2019-04-02,69.37000274658203,0.00520308440254869,0.010556560391932129
2019-04-03,69.30999755859375,-0.0008653762849861895,0.01045432051343622
2019-04-04,69.4000015258789,0.0012977287940380946,0.01045174354934279
2019-04-05,70.33999633789062,0.013453685483377718,0.01069008440790292
2019-04-08,71.0999984741211,0.010746740365305407,0.008159521440904653
2019-04-09,70.61000061035156,-0.006915529175932217,0.008326157402086302
2019-04-10,71.7300033569336,0.015737330765680815,0.008195791947775075
2019-04-11,70.83000183105469,-0.012626451320986847,0.008536287744707745
2019-04-12,71.55000305175781,0.010113883037628627,0.00801875296118771
2019-04-15,71.18000030517578,-0.005184664285132205,0.008075873904899476
2019-04-16,71.72000122070312,0.007557781387904967,0.00812476438422054
2019-04-17,71.62000274658203,-0.0013952628376744374,0.008160368126188618
2019-04-18,71.97000122070312,0.004874979561332032,0.008161997384400023
2019-04-22,74.04000091552734,0.028356117589613764,0.009129867986745878
2019-04-23,74.51000213623047,0.006327873165418013,0.008992805922153152
2019-04-24,74.56999969482422,0.0008049042272076805,0.008998380499708223
2019-04-25,74.3499984741211,-0.0029546250799829714,0.008898431777857436
2019-04-26,72.1500015258789,-0.0300363460146641,0.01069369555976631
2019-04-29,72.04000091552734,-0.0015257733522299752,0.01069935971102037
2019-04-30,72.80000305175781,0.010494464106037212,0.01078734441844442
2019-05-01,72.18000030517578,-0.008552993679764464,0.010972685135957921
2019-05-02,70.75,-0.020010466919278016,0.011490280581944328
2019-05-03,70.8499984741211,0.0014124080765898453,0.011319031405484091
2019-05-06,71.23999786376953,0.0054894838351330225,0.011036719393128313
2019-05-07,69.87999725341797,-0.019274982473479717,0.011700124251935617
2019-05-08,70.37000274658203,0.0069876290474481986,0.011600737075021735
2019-05-09,70.38999938964844,0.00028412394000363244,0.011586191048706947
2019-05-10,70.62000274658203,0.003262230443608004,0.01158888668972536
2019-05-13,70.2300033569336,-0.005537811422582254,0.011576503957156627
2019-05-14,71.23999786376953,0.014278810465002028,0.011742444584438306
2019-05-15,71.7699966430664,0.007412086233416617,0.011776197349392356
2019-05-16,72.62000274658203,0.011773889138991876,0.011927333657447239
2019-05-17,72.20999908447266,-0.005661876023066196,0.011999971994638698
2019-05-20,71.97000122070312,-0.0033291453034220955,0.011804561489197993
2019-05-21,72.18000030517578,0.0029136209616350346,0.011661899573524846
2019-05-22,70.98999786376953,-0.016624011483322376,0.01200451928026812
2019-05-23,67.76000213623047,-0.04656691008908053,0.014375336771464582
2019-05-24,68.69000244140625,0.013631581897949916,0.014498441244602289
2019-05-28,70.11000061035156,0.020461782156331963,0.014890320820471658
2019-05-29,69.44999694824219,-0.0094584206659494,0.014955229088870002
2019-05-30,66.87000274658203,-0.03785654811921186,0.016314646148053703
2019-05-31,64.48999786376953,-0.036240337242045215,0.01744661849596053
2019-06-03,61.279998779296875,-0.05105663438505207,0.01940038353158522
2019-06-04,61.970001220703125,0.011196911160061893,0.018608874764666525
2019-06-05,60.630001068115234,-0.021860578971725605,0.018680022948366785
2019-06-06,61.66999816894531,0.017007721611645286,0.01913823747981114
2019-06-07,63.290000915527344,0.025929793940579073,0.02002021488426386
2019-06-10,62.290000915527344,-0.01592643928893012,0.019581653515668828
2019-06-11,62.290000915527344,0.0,0.019592693060922556
2019-06-12,59.970001220703125,-0.03795645642822838,0.0202696703786521
2019-06-13,61.310001373291016,0.022098526638084214,0.020922652629229075
2019-06-14,62.0099983215332,0.011352651120374797,0.02095307788188321
2019-06-17,60.939998626708984,-0.017405884271677333,0.021054655395695437
2019-06-18,62.13999938964844,0.01950014312027087,0.021447588094919208
2019-06-19,61.81999969482422,-0.0051629623752520405,0.021267620785171387
2019-06-20,64.44999694824219,0.041662750266966274,0.02277871032149451
2019-06-21,65.19999694824219,0.011569740092090141,0.022926320538883712
2019-06-24,64.86000061035156,-0.005228311837040552,0.02290445329062052
2019-06-25,65.05000305175781,0.002925141583081484,0.022922139821387782
2019-06-26,66.48999786376953,0.02189527641321962,0.02315599269105271
2019-06-27,66.55000305175781,0.0009020624119706115,0.023092254690033173
2019-06-28,66.55000305175781,0.0,0.022940550785117964
2019-07-01,65.05999755859375,-0.022643707177988474,0.023218635346266087
2019-07-02,62.400001525878906,-0.04174458369117816,0.024246824375449488
2019-07-03,63.81999969482422,0.02250131623970765,0.024719600313785402
2019-07-05,64.2300033569336,0.006403827465685416,0.02467488741938962
2019-07-08,64.11000061035156,-0.001870076014416507,0.023284789813032718
2019-07-09,64.16000366210938,0.0007796531164759836,0.02310776965817389
2019-07-10,67.01000213623047,0.043461873228335626,0.024241833293567473
2019-07-11,66.5199966430664,-0.007339290004658953,0.024220944699344448
2019-07-12,66.72000122070312,0.003002172486702639,0.023230947282979565
2019-07-15,66.4800033569336,-0.0036035753038188615,0.022221172751914958
2019-07-16,64.3499984741211,-0.03256429071262901,0.020946913575268174
2019-07-17,63.65999984741211,-0.01078049087292614,0.020985045935761962
2019-07-18,61.93000030517578,-0.027551699579304142,0.021222249545131917
2019-07-19,62.470001220703125,0.008681741168384636,0.021055515574237228
2019-07-22,63.2599983215332,0.012566730298565093,0.020634592489218374
2019-07-23,63.83000183105469,0.008970136609720562,0.02047264227948298
2019-07-24,63.18000030517578,-0.010235527750194904,0.020571726738411057
2019-07-25,63.38999938964844,0.0033183104633617263,0.019250773963698967
2019-07-26,63.459999084472656,0.0011036610606482526,0.018867034152342522
2019-07-29,63.709999084472656,0.003931750029958579,0.01877707360937482
2019-07-30,64.72000122070312,0.015728769853365857,0.018637064588140715
2019-07-31,65.16999816894531,0.006928920636167162,0.018369566116604705
2019-08-01,60.5,-0.0743558472109041,0.0230052094659591
2019-08-02,61.88999938964844,0.02271524085259737,0.022041432012041756
2019-08-05,59.810001373291016,-0.03418571187203467,0.02269004121983739
2019-08-06,58.939998626708984,-0.014652940007623709,0.022788759481354923
2019-08-07,56.22999954223633,-0.047069539846539825,0.024115501863326855
2019-08-08,57.380001068115234,0.020245415004789057,0.024054193227050946
2019-08-09,58.529998779296875,0.019843593279120816,0.024457276895949946
2019-08-12,58.56999969482422,0.0006831924441410312,0.0244617177110936
2019-08-13,61.29999923706055,0.045557215604925726,0.025825227098355327
2019-08-14,59.47999954223633,-0.030139716600311017,0.025290510232765323
2019-08-15,58.22999954223633,-0.02123943590813465,0.02511351083941953
2019-08-16,58.63999938964844,0.007016369182219496,0.02512171445519623
2019-08-19,59.7400016784668,0.01858479371421518,0.025430115135628817
2019-08-20,60.029998779296875,0.004842576044706732,0.02545817853980695
2019-08-21,60.29999923706055,0.004487674151877249,0.023999382544543896
2019-08-22,59.91999816894531,-0.006321782430103127,0.023994512944997413
2019-08-23,59.34000015258789,-0.009726691216548197,0.023988421318781945
2019-08-26,58.70000076293945,-0.010843877602777193,0.024021658174754774
2019-08-27,59.5099983215332,0.01370459762065899,0.02361625485744195
2019-08-28,60.4900016784668,0.016333752414687208,0.02381067993187341
2019-08-29,61.08000183105469,0.00970642046174417,0.023383772927132063
2019-08-30,60.43000030517578,-0.010698834904867777,0.023390198526180815
2019-09-03,58.2599983215332,-0.036569952702184626,0.024109048287252802
2019-09-04,60.70000076293945,0.04102798791311799,0.025325934964061773
2019-09-05,60.95000076293945,0.004110157810273293,0.025294159239083448
2019-09-06,61.540000915527344,0.00963351632609823,0.025359234863831532
2019-09-09,62.59000015258789,0.016918138603662796,0.025567711809433548
2019-09-10,62.380001068115234,-0.0033607950721293435,0.02555918156041249
2019-09-11,60.810001373291016,-0.025490456587049366,0.025752564800491744
2019-09-12,60.380001068115234,-0.007096329746749773,0.025710703349189287
2019-09-13,60.220001220703125,-0.0026533986442635956,0.0218474059644345
2019-09-16,69.0199966430664,0.13639172570842875,0.03297496237814997
2019-09-17,64.55000305175781,-0.06695610446266652,0.03476520772705978
2019-09-18,63.599998474121094,-0.014826718215806384,0.03476818594786751
2019-09-19,64.4000015258789,0.012500210449810064,0.03351593188908962
2019-09-20,64.27999877929688,-0.0018651349251711422,0.033401162293287275
2019-09-23,64.7699966430664,0.007593959487390615,0.033272709021223444
2019-09-24,63.099998474121094,-0.02612173600104777,0.033704639037051745
2019-09-25,62.38999938964844,-0.011315749025398902,0.032785251380304456
2019-09-26,62.7400016784668,0.005594233175417871,0.03227556449312228
2019-09-27,61.90999984741211,-0.013317514448802022,0.03211274322611249
2019-09-30,60.779998779296875,-0.018420947661781824,0.03231209607574851
2019-10-01,58.88999938964844,-0.031589480812471794,0.032677397029373355
2019-10-02,57.689998626708984,-0.020587462128079714,0.032863929364555136
2019-10-03,57.709999084472656,0.0003466283944646246,0.03284736402211811
2019-10-04,58.369998931884766,0.011371588058055477,0.03291589481153597
2019-10-07,58.349998474121094,-0.000342708334542745,0.032873423544713676
2019-10-08,58.2400016784668,-0.001886899873853769,0.032817436528417315
2019-10-09,58.31999969482422,0.0013726497593633939,0.032713527235090994
2019-10-10,59.099998474121094,0.01328581612583646,0.03266358218639977
2019-10-11,60.5099983215332,0.023577714302103633,0.03291428607031037
2019-10-14,59.349998474121094,-0.019356517549723434,0.03304618305263599
2019-10-15,58.7400016784668,-0.010331141000853432,0.032402332498693974
2019-10-16,59.41999816894531,0.011509884874015318,0.03155930812919094
2019-10-17,59.90999984741211,0.008212594329881433,0.031589789515419874
2019-10-18,59.41999816894531,-0.008212594329881372,0.03155896464738134
2019-10-21,58.959999084472656,-0.007771606865859227,0.031392526986931055
2019-10-22,59.70000076293945,0.012472800824970588,0.031501624151683685
2019-10-23,61.16999816894531,0.024324810142493658,0.03150438752209466
2019-10-24,61.66999816894531,0.008140715991621921,0.03150557977571413
2019-10-25,62.02000045776367,0.005659361740979828,0.031511582088733274
2019-10-28,61.56999969482422,-0.0072821870866544005,0.01842110036655213
2019-10-29,61.59000015258789,0.0003247882098775938,0.01404327624622653
2019-10-30,60.61000061035156,-0.016039616143090435,0.014084459136466198
2019-10-31,60.22999954223633,-0.006289346577970372,0.013851429832437322
2019-11-01,61.689998626708984,0.023951261505016745,0.01465368546662001
2019-11-04,62.130001068115234,0.007107160306834359,0.014643682109988338
2019-11-05,62.959999084472656,0.01327060830051453,0.014105523041496254
2019-11-06,61.7400016784668,-0.019567543307670975,0.014409477920978457
2019-11-07,62.290000915527344,0.008868867703812141,0.014468335023378758
2019-11-08,62.5099983215332,0.0035256031286718392,0.014268785524275135
2019-11-11,62.18000030517578,-0.005293107553999163,0.013869899116838965
2019-11-12,62.060001373291016,-0.0019317283898745428,0.01247112543513211
2019-11-13,62.369998931884766,0.004982692263892031,0.011744628166292532
2019-11-14,62.279998779296875,-0.0014440460470118196,0.011761014263539322
2019-11-15,63.29999923706055,0.016244989731819925,0.01191978528841927
2019-11-18,62.439998626708984,-0.013679243443913651,0.012280519994719958
2019-11-19,60.90999984741211,-0.024808711310204533,0.013224125403912134
2019-11-20,62.400001525878906,0.02416793748531304,0.01385666984160764
2019-11-21,63.970001220703125,0.02484894271590792,0.014326952069445004
2019-11-22,63.38999938964844,-0.009108131876917286,0.013916707137512812
2019-11-25,63.650001525878906,0.0040932383088152545,0.01334893407102051
2019-11-26,64.2699966430664,0.009693558175083323,0.01319367052159987
2019-11-27,64.05999755859375,-0.00327280108169071,0.013140793689608143
2019-11-29,62.43000030517578,-0.02577417210782786,0.014064450017054907
2019-12-02,60.91999816894531,-0.024484435991688067,0.014744215757575974
2019-12-03,60.81999969482422,-0.0016428207387213956,0.014663145989017495
2019-12-04,63.0,0.03521604916000201,0.01581737622343849
2019-12-05,63.38999938964844,0.006171384276027408,0.015263219904554554
2019-12-06,64.38999938964844,0.01565222140355153,0.015441768945745026
2019-12-09,64.25,-0.002176608295782254,0.015434185321175992
2019-12-10,64.33999633789062,0.0013997411174678665,0.01535126512788586
2019-12-11,63.720001220703125,-0.009682960693649902,0.015485093146733431
2019-12-12,64.19999694824219,0.007504658961598909,0.015178322353456716
2019-12-13,65.22000122070312,0.015763025917126205,0.015300633064483463
2019-12-16,65.33999633789062,0.0018381610480748504,0.01476240386842443
2019-12-17,66.0999984741211,0.011564373647292243,0.014838682513556202
2019-12-18,66.16999816894531,0.0010584365787517699,0.01468740533283411
2019-12-19,66.54000091552734,0.005576123997391666,0.014141711062429336
2019-12-20,66.13999938964844,-0.0060295860239122576,0.014171749990082534
2019-12-23,66.38999938964844,0.0037727352121710925,0.014172739707242974
2019-12-24,67.19999694824219,0.012126768578398346,0.014220094492084268
2019-12-26,67.91999816894531,0.010657312928060159,0.014267789591915854
2019-12-27,68.16000366210938,0.003527421205089033,0.014263316206605012
2019-12-30,68.44000244140625,0.004099548447015521,0.014240195447718849
2019-12-31,66.0,-0.03630274266977947,0.015727276221255148
2020-01-02,66.25,0.0037807228399061523,0.015471286273074874
2020-01-03,68.5999984741211,0.03485704762237492,0.015742252993408985
2020-01-06,68.91000366210938,0.004508846023775064,0.01527440939236881
2020-01-07,68.2699966430664,-0.009330976253724733,0.014881949474076938
2020-01-08,65.44000244140625,-0.042336652656713075,0.01685582311038022
2020-01-09,65.37000274658203,-0.0010702499614657563,0.016850153612673762
2020-01-10,64.9800033569336,-0.005983897738596964,0.01681073160572245
2020-01-13,64.19999694824219,-0.012076418741234857,0.016952686277445464
2020-01-14,64.48999786376953,0.0045069767365515856,0.016247489477997278
2020-01-15,64.0,-0.007627056537625708,0.015611859363491841
2020-01-16,64.62000274658203,0.00964091954027014,0.01566577279049475
2020-01-17,64.8499984741211,0.0035528843331520867,0.014364757447688834
2020-01-21,64.58999633789062,-0.004017343886490598,0.014357856300283342
2020-01-22,63.209999084472656,-0.021597041346296558,0.014621728162091811
2020-01-23,62.040000915527344,-0.01868314893491948,0.01498843215468393
2020-01-24,60.689998626708984,-0.022000435845585885,0.0154519760705922
2020-01-27,59.31999969482422,-0.022832405094638304,0.01586010106163616
2020-01-28,59.5099983215332,0.0031978253268112916,0.015786818031567597
2020-01-29,59.810001373291016,0.005028556565383941,0.015476534593818505
2020-01-30,58.290000915527344,-0.02574232625347812,0.01599664185150096
2020-01-31,58.15999984741211,-0.0022327371622046545,0.015735717237015945
2020-02-03,54.45000076293945,-0.06591496721096247,0.019301190552655254
2020-02-04,53.959999084472656,-0.00903984901793625,0.01916992453712724
2020-02-05,55.279998779296875,0.02416814300445346,0.019996830449930437
2020-02-06,54.93000030517578,-0.006351504466979818,0.01991183532419979
2020-02-07,54.470001220703125,-0.008409539104109088,0.019606591348990676
2020-02-10,53.27000045776367,-0.022276784283960287,0.019505549954856358
2020-02-11,54.0099983215332,0.013795854005654683,0.019804401627936816
2020-02-12,55.790000915527344,0.03242547473984197,0.021026652654102203
2020-02-13,56.34000015258789,0.009810106888889,0.02047471352721689
2020-02-14,57.31999969482422,0.017244832479332707,0.020824634701433108
2020-02-18,57.75,0.007473751766003469,0.01958872915491077
2020-02-19,59.119998931884766,0.023445909171141414,0.020225126708180226
2020-02-20,59.310001373291016,0.0032086904320504698,0.02026437550716932
2020-02-21,58.5,-0.013751194767284064,0.019070002881556487
2020-02-24,56.29999923706055,-0.03833223264348862,0.020077204024280995
2020-02-25,54.95000076293945,-0.024270826860443455,0.020384027297207636
2020-02-26,53.43000030517578,-0.028051303052505274,0.02076446352504891
2020-02-27,52.18000030517578,-0.023673106124270874,0.020904030250364303
2020-02-28,50.52000045776367,-0.0323299790137735,0.021407593887264167
2020-03-02,51.900001525878906,0.026949513028877783,0.022117651401739123
2020-03-03,51.86000061035156,-0.000771027692472155,0.022058452621736443
2020-03-04,51.130001068115234,-0.01417636189764057,0.02208188956237367
2020-03-05,49.9900016784668,-0.02254841098056453,0.022103075492353994
2020-03-06,45.27000045776367,-0.09917844744180751,0.027655513494165805
2020-03-09,34.36000061035156,-0.27575145668023454,0.05578822988057766
2020-03-10,37.220001220703125,0.07995316913158396,0.058626437540896054
2020-03-11,35.790000915527344,-0.039177733652602534,0.05866996474443459
2020-03-12,33.220001220703125,-0.0745164094272906,0.059434933327522546
2020-03-13,33.849998474121094,0.018786813349441232,0.05983097276430409
2020-03-16,30.049999237060547,-0.11907631868840345,0.062504662019649
2020-03-17,28.729999542236328,-0.044920778534316815,0.062112457929947025
2020-03-18,24.8799991607666,-0.14387762291816714,0.06595364662729805
2020-03-19,28.469999313354492,0.13478664303200127,0.07168689412270236
2020-03-20,26.979999542236328,-0.05375504335890181,0.07184961923383786
2020-03-23,27.030000686645508,0.0018515518786137634,0.07194926731067187
2020-03-24,27.149999618530273,0.004429646638048709,0.0721280849216874
2020-03-25,27.389999389648438,0.008800928661755294,0.0720472115572604
2020-03-26,26.34000015258789,-0.03908925888310411,0.071342328809376
2020-03-27,24.93000030517578,-0.05501679233137187,0.07123276607834055
2020-03-30,22.760000228881836,-0.09106729046232354,0.07164725766094052
2020-03-31,22.739999771118164,-0.0008791410572241768,0.07150953785155398
2020-04-01,24.739999771118164,0.08429587945562718,0.07393106519684123
2020-04-02,29.940000534057617,0.19077403911622495,0.08399777499596969
2020-04-03,34.11000061035156,0.1303952174951018,0.08853275954465359
2020-04-06,33.04999923706055,-0.031569071110885624,0.08848775036233913
2020-04-07,31.8700008392334,-0.03635638845102778,0.08854592523715238
2020-04-08,32.84000015258789,0.02998213446836474,0.08895532578408163
2020-04-09,31.479999542236328,-0.04229488022284128,0.08907398819939297
2020-04-13,31.739999771118164,0.008225298879325292,0.08913859575702023
2020-04-14,29.600000381469727,-0.06980333366960965,0.0893001885082107
2020-04-15,27.690000534057617,-0.06670301774761381,0.08965388120218742
2020-04-16,27.81999969482422,0.004683819055751004,0.08976882199620895
2020-04-17,28.079999923706055,0.009302400914947061,0.08992936247416082
2020-04-20,25.56999969482422,-0.09363779907240957,0.08976504006812494
2020-04-21,19.329999923706055,-0.2797614880948595,0.09016259065556054
2020-04-22,20.3700008392334,0.05240498216487274,0.08925390378871888
2020-04-23,21.329999923706055,0.046051257468228475,0.08997896003913623
2020-04-24,21.440000534057617,0.005143832205583004,0.08940434843786875
2020-04-27,19.989999771118164,-0.07002622404951277,0.08973064651651419
2020-04-28,20.459999084472656,0.023239578713805414,0.08792220507635969
2020-04-29,22.540000915527344,0.0968198334532265,0.08992293397840113
2020-04-30,25.270000457763672,0.11432639028548452,0.08882804307904023
2020-05-01,26.440000534057617,0.04526009566732763,0.08560714551768825
2020-05-04,27.200000762939453,0.028338966168859676,0.08522234829062894
2020-05-05,30.969999313354492,0.12980197046260408,0.08844494683179038
2020-05-06,29.719999313354492,-0.04119877506806109,0.08883828475317766
2020-05-07,29.459999084472656,-0.008786816788218644,0.08885681454340606
2020-05-08,30.969999313354492,0.04998559185627972,0.08890986210259195
2020-05-11,29.6299991607666,-0.044231638552099606,0.08867865804018582
2020-05-12,29.979999542236328,0.011743144143782788,0.08677393300769544
2020-05-13,29.190000534057617,-0.02670427424354974,0.0870049995184452
2020-05-14,31.1299991607666,0.06434575433259176,0.08647894825211432
2020-05-15,32.5,0.04306813184116668,0.07962734536438328
2020-05-18,34.810001373291016,0.06866465193870404,0.07696785126100393
2020-05-19,34.650001525878906,-0.0046069716015752216,0.07673539975990523
2020-05-20,35.75,0.03125249946719612,0.07657558939792804
2020-05-21,36.060001373291016,0.008633986718653938,0.07642321758070854
2020-05-22,35.130001068115234,-0.026128759176288832,0.07614846488561665
2020-05-26,36.16999816894531,0.029174498658048966,0.07628773266501382
2020-05-27,34.7400016784668,-0.0403381862123667,0.0754855100544463
2020-05-28,35.290000915527344,0.015707854502082244,0.07426308526825616
2020-05-29,35.33000183105469,0.0011328495680979934,0.07427152145753058
2020-06-01,38.31999969482422,0.08123943194053808,0.07546779007760317
2020-06-02,39.56999969482422,0.032099302546248765,0.0729419550171482
2020-06-03,39.790000915527344,0.005544399762786702,0.04735813226160342
2020-06-04,39.9900016784668,0.005013817383071267,0.04717024931111193
2020-06-05,42.29999923706055,0.05615760318494942,0.047379975538353235
2020-06-08,40.79999923706055,-0.036105005305218985,0.048496069390844554
2020-06-09,41.18000030517578,0.009270646299800497,0.045400681407137995
2020-06-10,41.72999954223633,0.013267574623386852,0.04544361225554092
2020-06-11,38.54999923706055,-0.07926420341537527,0.04702554654775468
2020-06-12,38.72999954223633,0.004658401488872677,0.04339259235340091
2020-06-15,39.720001220703125,0.025240388202374158,0.043051583374867405
2020-06-16,40.959999084472656,0.03074108846983184,0.043082229876615655
2020-06-17,40.709999084472656,-0.006122218353626866,0.03718963276222643
2020-06-18,41.5099983215332,0.019460581603823416,0.035989403929571846
2020-06-19,42.189998626708984,0.016248871956385465,0.03580124813794531
2020-06-22,43.08000183105469,0.020875701205685198,0.03512349073883575
2020-06-23,42.630001068115234,-0.010500638959176096,0.03380973958838927
2020-06-24,40.310001373291016,-0.05595864463528123,0.03602317411160254
2020-06-25,41.04999923706055,0.018191206115502866,0.03537819006319141
2020-06-26,41.02000045776367,-0.0007310535090646587,0.03398535427563516
2020-06-29,41.709999084472656,0.016681122455266886,0.03341517061253342
2020-06-30,41.150001525878906,-0.013516922055050208,0.03161750867211663
2020-07-01,42.029998779296875,0.021159655769435213,0.031681223737921455
2020-07-02,43.13999938964844,0.026067006839441444,0.03155505407001163
2020-07-06,43.099998474121094,-0.0009276651063729722,0.03157856369513031
2020-07-07,43.08000183105469,-0.00046406691470096575,0.031022449279954515
2020-07-08,43.290000915527344,0.004862787810814128,0.030734018304335847
2020-07-09,42.349998474121094,-0.02195329753472752,0.029951735299672166
2020-07-10,43.2400016784668,0.020797646520598415,0.03001942911826703
2020-07-13,42.720001220703125,-0.012098808362012454,0.030201789584172543
2020-07-14,42.900001525878906,0.004204638275793083,0.026683169934474137
2020-07-15,43.790000915527344,0.02053364021828735,0.02634100797558949
2020-07-16,43.369998931884766,-0.009637568501230345,0.026443586786374877
2020-07-17,43.13999938964844,-0.005317306406448919,0.026481971413906676
2020-07-20,43.279998779296875,0.0032399795205883255,0.024472724516169487
2020-07-21,44.31999969482422,0.023745429219853145,0.023793652332085472
2020-07-22,44.290000915527344,-0.0006770969469888953,0.02376907209317072
2020-07-23,43.310001373291016,-0.022375351671364563,0.02409705749301424
2020-07-24,43.34000015258789,0.0006924126939906257,0.018704456313393625
2020-07-27,43.40999984741211,0.0016138261675317847,0.018708481084637327
2020-07-28,43.220001220703125,-0.004386446473781735,0.018315650771785576
2020-07-29,43.75,0.01218823348094314,0.017641002848352735
2020-07-30,42.939998626708984,-0.01868785233461492,0.01799102931354757
2020-07-31,43.29999923706055,0.008348856919586712,0.017726870634257708
2020-08-03,44.150001525878906,0.01944034422261683,0.01782829540187212
2020-08-04,44.43000030517578,0.0063219622052924996,0.017477834349869437
2020-08-05,45.16999816894531,0.01651818531304302,0.017559200034997134
2020-08-06,45.09000015258789,-0.0017726133124807255,0.013779387168553805
2020-08-07,44.400001525878906,-0.015420992012246164,0.01392914212255447
2020-08-10,44.9900016784668,0.013200776355812464,0.014045496212740278
2020-08-11,44.5,-0.01095109098843846,0.014028784123109294
2020-08-12,45.43000030517578,0.020683497316612006,0.014100476535796384
2020-08-13,44.959999084472656,-0.010399501266523828,0.01389775659947612
2020-08-14,44.79999923706055,-0.0035650628312419866,0.01318091599158999
2020-08-17,45.369998931884766,0.012642947742507515,0.013335259461079014
2020-08-18,45.459999084472656,0.0019817281516637426,0.013328978659288216
2020-08-19,45.369998931884766,-0.001981728151663667,0.013333189779898412
2020-08-20,44.900001525878906,-0.010413241401400354,0.012786562519723403
2020-08-21,44.349998474121094,-0.01232515438194692,0.012530373258010374
2020-08-24,45.130001068115234,0.01743456315622975,0.012638067024420578
2020-08-25,45.86000061035156,0.016046053232345373,0.012897073277820257
2020-08-26,45.63999938964844,-0.004808779118073258,0.012479655176166296
2020-08-27,45.09000015258789,-0.012124015803636272,0.012563321097889938
2020-08-28,45.04999923706055,-0.0008875286981128289,0.012508822047616643
2020-08-31,45.279998779296875,0.005092439816982031,0.012522557764808174
2020-09-01,45.58000183105469,0.006603657053929012,0.011845575940358111
2020-09-02,44.43000030517578,-0.025554140173360444,0.01279497617711916
2020-09-03,44.06999969482422,-0.008135651887405384,0.012181682868720858
2020-09-04,42.65999984741211,-0.03251756246273213,0.013597757882949858
2020-09-08,39.779998779296875,-0.06989746672689436,0.018568853659891457
2020-09-09,40.790000915527344,0.025072733034891142,0.019254415570685107
2020-09-10,40.060001373291016,-0.018058611255837968,0.019281599822500297
2020-09-11,39.83000183105469,-0.005757921353226758,0.01906063006634103
2020-09-14,39.61000061035156,-0.005538816122446678,0.01895626455037748
2020-09-15,40.529998779296875,0.02296078347885669,0.019110045277014945
2020-09-16,42.220001220703125,0.04085166081137687,0.020658724785036598
2020-09-17,43.29999923706055,0.02525854605550947,0.02098359868458643
2020-09-18,43.150001525878906,-0.0034701644969594696,0.020986900627089126
2020-09-21,41.439998626708984,-0.0404358880796707,0.02203140815315323
2020-09-22,41.720001220703125,0.006734094580029052,0.021905797783965834
2020-09-23,41.77000045776367,0.0011977300762390673,0.0218567120996634
2020-09-24,41.939998626708984,0.004061603261357402,0.02146615915016352
2020-09-25,41.91999816894531,-0.00047699639654470016,0.021419259141451378
2020-09-28,42.43000030517578,0.012092670073640416,0.02157839444825438
2020-09-29,41.029998779296875,-0.03355218970406972,0.02215195985661232
2020-09-30,40.95000076293945,-0.001951647772538406,0.022130935056664195
2020-10-01,40.93000030517578,-0.000488530969725148,0.022136105718756783
2020-10-02,39.27000045776367,-0.04140241771360606,0.023171887442017272
2020-10-05,41.290000915527344,0.05015948182435251,0.025163722232453604
2020-10-06,42.650001525878906,0.03240694764334992,0.025712809853872465
2020-10-07,41.9900016784668,-0.015595775045335965,0.025600688120646392
2020-10-08,43.34000015258789,0.03164446495981678,0.026362634896533812
2020-10-09,42.849998474121094,-0.011370390194918353,0.02635273986156704
2020-10-12,41.720001220703125,-0.026724950042017824,0.026744611677545858
2020-10-13,42.45000076293945,0.017346271338022776,0.026958231847679082
2020-10-14,43.31999969482422,0.02028748435808724,0.027225906392481274
2020-10-15,43.15999984741211,-0.0037002782335708996,0.026855359076408403
2020-10-16,42.93000030517578,-0.0053432475093805635,0.026834485893852567
2020-10-19,42.619998931884766,-0.007247287736043632,0.02619594422136839
2020-10-20,43.15999984741211,0.012590535245424164,0.022706381349711344
2020-10-21,41.72999954223633,-0.03369385322072633,0.023239994910243842
2020-10-22,42.459999084472656,0.0173421510791892,0.023150122319928086
2020-10-23,41.77000045776367,-0.016384045244762887,0.023352364037901745
2020-10-26,40.459999084472656,-0.03186458035659627,0.02411158854726397
2020-10-27,41.20000076293945,0.018124465761791213,0.023973445860725376
2020-10-28,39.119998931884766,-0.05180445701037138,0.02456308364429755
2020-10-29,37.650001525878906,-0.038300823089163036,0.02482224355561573
2020-10-30,37.459999084472656,-0.00505932219808382,0.02482131103886421
2020-11-02,38.970001220703125,0.03951847809898279,0.0251438180331246
2020-11-03,39.709999084472656,0.01881087141303213,0.025384799478094175
2020-11-04,41.22999954223633,0.03756311352829917,0.026374252057510955
2020-11-05,40.93000030517578,-0.0073028376557711565,0.026389068602634767
2020-11-06,39.45000076293945,-0.03682923132906704,0.027195425626986087
2020-11-09,42.400001525878906,0.07211433159433533,0.030300395458644776
2020-11-10,43.61000061035156,0.028138097624732464,0.03003868797031218
2020-11-11,43.79999923706055,0.004347304113337351,0.030031890768989423
2020-11-12,43.529998779296875,-0.00618347244228653,0.030067727848472694
2020-11-13,42.779998779296875,-0.017379652401580625,0.0291772244947283
2020-11-16,43.81999969482422,0.02401965208319272,0.028085696767204488
2020-11-17,43.75,-0.001598714399393454,0.02749545731986014
2020-11-18,44.34000015258789,0.013395594825856639,0.027406886750257285
2020-11-19,44.20000076293945,-0.003162401284754138,0.026831268798811307
2020-11-20,44.959999084472656,0.01704837887755679,0.026893664692087364
2020-11-23,46.060001373291016,0.024171738985519026,0.02664932491333969
2020-11-24,47.86000061035156,0.03833517102527877,0.02729844004711912
2020-11-25,48.61000061035156,0.015549188380373995,0.0272145235505291
2020-11-27,48.18000030517578,-0.008885280092653337,0.027280449249298563
2020-11-30,47.59000015258789,-0.012321345181480616,0.027389460067817235
2020-12-01,47.41999816894531,-0.0035786163156150677,0.027348279674160474
2020-12-02,48.25,0.017351785761289356,0.027416239853816967
2020-12-03,48.709999084472656,0.009488501237986221,0.02650277709415686
2020-12-04,49.25,0.01102503859511686,0.02642760119134716
2020-12-07,48.790000915527344,-0.00938397502570075,0.026263180242200396
2020-12-08,48.84000015258789,0.0010242597743471097,0.025333577309662538
2020-12-09,48.86000061035156,0.00040942595469555134,0.025254177999314238
2020-12-10,50.25,0.0280514686177455,0.023102651544496575
2020-12-11,49.970001220703125,-0.005587697154352032,0.02154450091328964
2020-12-14,50.290000915527344,0.00638341860399824,0.021379680890364898
2020-12-15,50.7599983215332,0.009302341390633285,0.02063085290252808
2020-12-16,51.08000183105469,0.006284457231676039,0.020548072287164394
2020-12-17,51.5,0.00818874065854965,0.01979625483625693
2020-12-18,52.2599983215332,0.014649420305155892,0.01963860413902599
2020-12-21,50.90999984741211,-0.026171863057810392,0.018878682821746994
2020-12-22,50.08000183105469,-0.016437601562599994,0.015142545596234057
2020-12-23,51.20000076293945,0.02211778359218723,0.014870306441607743
2020-12-24,51.290000915527344,0.0017562723045701886,0.014883839865127584
2020-12-28,50.86000061035156,-0.00841904725659924,0.014948576113941889
2020-12-29,51.09000015258789,0.00451201433476139,0.01433050866181546
2020-12-30,51.34000015258789,0.004881392085744301,0.013916882078843236
2020-12-31,51.79999923706055,0.008919956121776582,0.013870046135371626
2021-01-04,51.09000015258789,-0.013801348207520905,0.014229136661297914
2021-01-05,53.599998474121094,0.047960253279510354,0.01617970749292057
2021-01-06,54.29999923706055,0.01297517328057341,0.0161044230567461
2021-01-07,54.380001068115234,0.0014722459565775809,0.015765060272668212
2021-01-08,55.9900016784668,0.029176674492759236,0.01518604076783313
2021-01-11,55.65999984741211,-0.005911379982459529,0.015188632391789428
2021-01-12,56.58000183105469,0.016393844879329024,0.015120675406620808
2021-01-13,56.060001373291016,-0.0092330280021964,0.015006247773330317
2021-01-14,56.41999816894531,0.006401102886400397,0.014909272764534204
2021-01-15,55.099998474121094,-0.023673984653883217,0.015674349262055482
2021-01-19,55.900001525878906,0.014414718991668345,0.015754820577019157
2021-01-20,56.08000183105469,0.0032148679194607074,0.01570927067887762
2021-01-21,56.099998474121094,0.0003565099522874926,0.015515539326722783
2021-01-22,55.40999984741211,-0.012375705203921518,0.015813644063109627
2021-01-25,55.880001068115234,0.008446473377745437,0.01581516842505645
2021-01-26,55.90999984741211,0.0005366988061771741,0.01518607269265518
2021-01-27,55.810001373291016,-0.0017901629025017802,0.01512290740024841
2021-01-28,55.529998779296875,-0.005029696136134952,0.01519604641929212
2021-01-29,55.880001068115234,0.006283160232459482,0.015164916232243083
2021-02-01,56.349998474121094,0.008375659903981713,0.015184361282302177
2021-02-02,57.459999084472656,0.019506824210656127,0.01544900757684631
2021-02-03,58.459999084472656,0.017253706404506845,0.015520097612271085
2021-02-04,58.84000015258789,0.0064791543041532035,0.01445894209643839
2021-02-05,59.34000015258789,0.008461719107588117,0.013900148862182554
2021-02-08,60.560001373291016,0.0203510143716361,0.013831569281968081
2021-02-09,61.09000015258789,0.008713557353702227,0.013823283896957148
2021-02-10,61.470001220703125,0.0062010816180050905,0.013558857636698063
2021-02-11,61.13999938964844,-0.005382964297599755,0.013723600058345478
2021-02-12,62.43000030517578,0.02087962748210367,0.013987494331946052
2021-02-16,63.349998474121094,0.014628948718721429,0.01405993083857686
2021-02-17,64.33999633789062,0.015506582212135545,0.013596184083761046
2021-02-18,63.93000030517578,-0.0063927253405688935,0.011505016181192755
2021-02-19,62.90999984741211,-0.016083608395784883,0.012094737381834341
2021-02-22,65.23999786376953,0.0363676138521867,0.013364451411242971
2021-02-23,65.37000274658203,0.0019907346319477173,0.012645963593371917
2021-02-24,67.04000091552734,0.025225990189683894,0.01297910066052806
2021-02-25,66.87999725341797,-0.0023895421211313534,0.01292337432120192
2021-02-26,66.12999725341797,-0.011277467555631823,0.013009257159773942
2021-03-01,63.689998626708984,-0.037594917332337864,0.015200280088150588
2021-03-02,62.70000076293945,-0.01566608301419226,0.014760772892171425
2021-03-03,64.06999969482422,0.021614771080799934,0.014987576644044064
2021-03-04,66.73999786376953,0.04082821042721123,0.016380796634995184
2021-03-05,69.36000061035156,0.03850589995706988,0.017393074548605884
2021-03-08,68.23999786376953,-0.016279469393293035,0.017557419022788085
2021-03-09,67.5199966430664,-0.01060707130867429,0.01784342324419221
2021-03-10,67.9000015258789,0.0056122564670115565,0.017810854855731903
2021-03-11,69.62999725341797,0.025159412471977827,0.018057454374989578
2021-03-12,69.22000122070312,-0.005905613666751599,0.0180788982446116
2021-03-15,68.87999725341797,-0.00492403559772953,0.018216871313610813
2021-03-16,68.38999938964844,-0.007139214059158822,0.01839500423694826
2021-03-17,68.0,-0.005718901009324729,0.018354312023499908
2021-03-18,63.279998779296875,-0.07193840100721295,0.023031651488931448
2021-03-19,64.52999877929688,0.019560908862023073,0.023229813347205742
2021-03-22,64.62000274658203,0.0013937898690251484,0.02320914997266143
2021-03-23,60.790000915527344,-0.0610986860788184,0.02571855545974094
2021-03-24,64.41000366210938,0.05784364059389785,0.027766864906004766
2021-03-25,61.95000076293945,-0.03894133702446334,0.02872477962075233
2021-03-26,64.56999969482422,0.04142228152153926,0.029663520802995693
2021-03-29,64.9800033569336,0.0063296799898833415,0.029459384506104483
2021-03-30,64.13999938964844,-0.013011397152899031,0.029461487628458845
2021-03-31,63.540000915527344,-0.009398541499034614,0.029372270786842146
2021-04-01,64.86000061035156,0.020561467039417178,0.02959458879198579
2021-04-05,62.150001525878906,-0.04268026778119327,0.03049267984367265
2021-04-06,62.7400016784668,0.009448387006998987,0.029760540747039408
2021-04-07,63.15999984741211,0.006671957456276928,0.029790660092495997
2021-04-08,63.20000076293945,0.0006331262530915522,0.02937540749805656
2021-04-09,62.95000076293945,-0.003963540614513474,0.02937759529942854
2021-04-12,63.279998779296875,0.00522853155876869,0.029352767607276085
2021-04-13,63.66999816894531,0.006144161101524169,0.028572366074640827
2021-04-14,66.58000183105469,0.04469079437803289,0.029540560055191838
2021-04-15,66.94000244140625,0.005392472606289403,0.02931678334028592
2021-04-16,66.7699966430664,-0.002542904661040013,0.028362350299627154
2021-04-19,67.05000305175781,0.0041848276486442905,0.027433202049794183
2021-04-20,66.56999969482422,-0.007184634214016132,0.027309979526701327
2021-04-21,65.31999969482422,-0.018955757598075343,0.027455237315834505
2021-04-22,65.4000015258789,0.0012240183643813882,0.027429897913556076
2021-04-23,66.11000061035156,0.010797748783215913,0.027076126674661152
2021-04-26,65.6500015258789,-0.006982406586411758,0.02708256696852477
2021-04-27,66.41999816894531,0.01166056438934014,0.027184933718352115
2021-04-28,67.2699966430664,0.0127161337543469,0.027277202810149503
2021-04-29,68.55999755859375,0.01899491654462169,0.027488101107743107
2021-04-30,67.25,-0.01929222019779917,0.024203276319932486
2021-05-03,67.55999755859375,0.004599037320790426,0.023982689208443906
2021-05-04,68.87999725341797,0.01934976444185151,0.024202242153886496
2021-05-05,68.95999908447266,0.0011607928346388217,0.02105887744377176
2021-05-06,68.08999633789062,-0.01269630736772097,0.018665173024157298
2021-05-07,68.27999877929688,0.002786574336830026,0.0170010187827632
2021-05-10,68.31999969482422,0.0005856649651178476,0.01539796088675027
2021-05-11,68.55000305175781,0.003360905513580224,0.015377916146653067
2021-05-12,69.31999969482422,0.011170009917948951,0.015208537926011106
2021-05-13,67.05000305175781,-0.03329480520264059,0.01643439787021899
2021-05-14,68.70999908447266,0.024456080476126348,0.016602298633836086
2021-05-17,69.45999908447266,0.010856298416815794,0.014369941014424946
2021-05-18,68.70999908447266,-0.010856298416815884,0.014567004664450326
2021-05-19,66.66000366210938,-0.030289607901744217,0.01576236667009588
2021-05-20,65.11000061035156,-0.023526971193795685,0.01642710581026552
2021-05-21,66.44000244140625,0.020221164868192993,0.016765449659855474
2021-05-24,68.45999908447266,0.029950298237743568,0.017529983529288747
2021-05-25,68.6500015258789,0.0027715347120448085,0.017517431229514904
2021-05-26,68.87000274658203,0.0031995549963681194,0.015605972278513121
2021-05-27,69.45999908447266,0.008530324698006304,0.015646008810129057
2021-05-28,69.62999725341797,0.0024444353737848564,0.015631007015373077
2021-06-01,70.25,0.008864838704783724,0.015683045650392226
2021-06-02,71.3499984741211,0.01553701432316103,0.01579472746229917
2021-06-03,71.30999755859375,-0.0005607867333246127,0.01528962433379176
2021-06-04,71.88999938964844,0.008100628702012601,0.015314776127414852
2021-06-07,71.48999786376953,-0.005579614608472627,0.015324795782613195
2021-06-08,72.22000122070312,0.010159482854643425,0.015274374105181733
2021-06-09,72.22000122070312,0.0,0.015199288496721275
2021-06-10,72.5199966430664,0.004145306845011569,0.01508642185861237
2021-06-11,72.69000244140625,0.0023415174862060485,0.014761630440811356
2021-06-14,72.86000061035156,0.002335942874371047,0.014206116308044376
2021-06-15,73.98999786376953,0.015390120108114717,0.014392024581854066
2021-06-16,74.38999938964844,0.005391595932918977,0.014068234886298506
2021-06-17,73.08000183105469,-0.017766759433208656,0.014549577362629152
2021-06-18,73.51000213623047,0.005866723881113683,0.014298468669872728
2021-06-21,74.9000015258789,0.018732430448986422,0.014600640596595353
2021-06-22,74.80999755859375,-0.0012023776458336068,0.014614835736710342
2021-06-23,75.19000244140625,0.0050667426102065545,0.014619505492068068
2021-06-24,75.55999755859375,0.004908734462717795,0.014544557452083051
2021-06-25,76.18000030517578,0.008171954733961775,0.012861896360258147
2021-06-28,74.68000030517578,-0.019886642296473134,0.013007486055140452
2021-06-29,74.76000213623047,0.0010706884019053417,0.012920306868803098
2021-06-30,75.12999725341797,0.004936898661468477,0.012678892054601569
2021-07-01,75.83999633789062,0.009405899836116562,0.011054681890509885
2021-07-02,76.16999816894531,0.004341850686185245,0.009726798599091853
2021-07-06,74.52999877929688,-0.021765947830722297,0.010486379658877967
2021-07-07,73.43000030517578,-0.014869136895392224,0.009807449815913737
2021-07-08,74.12000274658203,0.009352862853512382,0.009890778822515973
2021-07-09,75.55000305175781,0.019109290639589112,0.01034270404166775
2021-07-12,75.16000366210938,-0.005175505843186665,0.01039648309773554
2021-07-13,76.48999786376953,0.017540762136098776,0.010746692731966174
2021-07-14,74.76000213623047,-0.022876974243669163,0.011684467787815693
2021-07-15,73.47000122070312,-0.017405834914699665,0.011921177345349874
2021-07-16,73.58999633789062,0.0016319209276507332,0.011918151737494942
2021-07-19,68.62000274658203,-0.06992501971855172,0.017522294982101453
2021-07-20,69.3499984741211,0.010582047301988126,0.017642223210116017
2021-07-21,72.2300033569336,0.040689393780107636,0.01912697332304354
2021-07-22,73.79000091552734,0.021367714939107708,0.01952059461112674
2021-07-23,74.0999984741211,0.004192278232407083,0.019520880963823373
2021-07-26,74.5,0.0053836136756307785,0.019537497110335613
2021-07-27,74.4800033569336,-0.0002684473450921285,0.019536314307645675
2021-07-28,74.73999786376953,0.0034847174347579775,0.01934832843226867
2021-07-29,76.05000305175781,0.01737566335842925,0.019578644260047268
2021-07-30,76.33000183105469,0.0036750109654332366,0.01926883464049162
2021-08-02,72.88999938964844,-0.04611462277851875,0.021107449313404185
2021-08-03,72.41000366210938,-0.006606985045159602,0.020825419757505504
2021-08-04,70.37999725341797,-0.02843536910696152,0.02141403526378347
2021-08-05,71.29000091552734,0.012846985103431453,0.021549688656397593
2021-08-06,70.69999694824219,-0.008310548234198974,0.021543451447462936
2021-08-09,69.04000091552734,-0.0237594697016377,0.021799802153227008
2021-08-10,70.62999725341797,0.022768884497928955,0.02206874881853979
2021-08-11,71.44000244140625,0.011403026208536598,0.022196296332430324
2021-08-12,71.30999755859375,-0.0018214349387710993,0.022162835624556065
2021-08-13,70.58999633789062,-0.010148096274897912,0.02211123024542226
2021-08-16,69.51000213623047,-0.015417781683692445,0.022197879574801068
2021-08-17,69.02999877929688,-0.006929482813378128,0.021930181716393618
2021-08-18,68.2300033569336,-0.011656775004134097,0.021875758788892703
2021-08-19,66.44999694824219,-0.026434660793961094,0.022183641316583336
2021-08-20,65.18000030517578,-0.019297061142166023,0.021932229466488866
2021-08-23,68.75,0.0533240584552189,0.024373568039877083
2021-08-24,71.05000305175781,0.03290716094868432,0.024973576184573833
2021-08-25,72.25,0.016748429497176472,0.02490424031658084
2021-08-26,71.06999969482422,-0.016467024447754646,0.024883675727894947
2021-08-27,72.69999694824219,0.02267604001727452,0.02525736104099567
2021-08-30,73.41000366210938,0.00971887344632933,0.021622314410562456
2021-08-31,72.98999786376953,-0.0057377998122904224,0.02161073168313464
2021-09-01,71.58999633789062,-0.01936706794193126,0.0206345344255026
2021-09-02,73.02999877929688,0.019914950662757985,0.02058358066365384
2021-09-03,72.61000061035156,-0.005767637118883045,0.020588195046087786
2021-09-07,71.69000244140625,-0.012751359878217464,0.020670178910604277
2021-09-08,72.5999984741211,0.012613598893308136,0.020825176193782047
2021-09-09,71.44999694824219,-0.015967039149054684,0.02098767156917734
2021-09-10,72.91999816894531,0.02036506303592312,0.02108724430910811
2021-09-13,73.51000213623047,0.008058555746399493,0.021138753878744213
2021-09-14,73.5999984741211,0.001223524556377764,0.019367235156443997
2021-09-15,75.45999908447266,0.024957697400766414,0.019829644556732168
2021-09-16,75.66999816894531,0.002779054104988875,0.019013649725422674
2021-09-17,75.33999633789062,-0.004370602852411224,0.018947668400342316
2021-09-20,73.91999816894531,-0.019027751093457123,0.019244390260656257
2021-09-21,74.36000061035156,0.005934768498639207,0.018655866916897166
2021-09-22,76.19000244140625,0.024312081467268938,0.018715785868618228
2021-09-23,77.25,0.013816663249279777,0.018760397235778315
2021-09-24,78.08999633789062,0.010815045000718271,0.018799375123030208
2021-09-27,79.52999877929688,0.018272332841506235,0.018828593813731587
2021-09-28,79.08999633789062,-0.005547895391819288,0.01856240502874156
2021-09-29,78.63999938964844,-0.005705930150686414,0.018538200581629725
2021-09-30,78.5199966430664,-0.001527141421907292,0.018327757072126052
2021-10-01,79.27999877929688,0.009632547968700556,0.017374349037940717
2021-10-04,81.26000213623047,0.02466804222404493,0.017027815204879854
2021-10-05,82.55999755859375,0.015871355313543518,0.014763297845526581
2021-10-06,81.08000183105469,-0.01808892799484756,0.014504045333352547
2021-10-07,81.94999694824219,0.010672923783464494,0.014367479216452357
2021-10-08,82.38999938964844,0.005354794968848032,0.013827356006575493
2021-10-11,83.6500015258789,0.01517738275464265,0.013560642121187344
2021-10-12,83.41999816894531,-0.002753378855092469,0.013591878919737682
2021-10-13,83.18000030517578,-0.0028811288353448807,0.013529276558178498
2021-10-14,84.0,0.009809860859687831,0.012793820993153338
2021-10-15,84.86000061035156,0.010186048123318229,0.012531964889415537
2021-10-18,84.33000183105469,-0.0062651516671127245,0.012547031458600977
2021-10-19,85.08000183105469,0.008854316554081327,0.012106029343605345
2021-10-20,85.81999969482422,0.008660064153779679,0.012049651600090748
2021-10-21,84.61000061035156,-0.014199605857265951,0.011944550171629376
2021-10-22,85.52999877929688,0.010814707170354099,0.01166236700242219
2021-10-25,85.98999786376953,0.005363808259558507,0.011650893548677606
2021-10-26,86.4000015258789,0.004756707890618279,0.011626861966990662
2021-10-27,84.58000183105469,-0.021289839777512674,0.011996800456929899
2021-10-28,84.31999969482422,-0.003078772519337846,0.012061540403104306
2021-10-29,84.37999725341797,0.000711292972242865,0.011981040782870008
2021-11-01,84.70999908447266,0.0039032734896382224,0.011180698047794858
2021-11-02,84.72000122070312,0.00011806806615199769,0.011206112930020624
2021-11-03,81.98999786376953,-0.032754453148510505,0.012472289264903071
2021-11-04,80.54000091552734,-0.017843295762647402,0.012811775754113764
2021-11-05,82.73999786376953,0.026949168424000882,0.013539038544298623
2021-11-08,83.43000030517578,0.008304825357178327,0.013243185802235151
2021-11-09,84.77999877929688,0.01605169095416173,0.013427283868209669
2021-11-10,82.63999938964844,-0.025565834100295486,0.014297764226331
2021-11-11,82.87000274658203,0.002779330578495924,0.01428634050026866
2021-11-12,82.16999816894531,-0.008482898344852444,0.014326536267359547
2021-11-15,82.05000305175781,-0.001461394929380259,0.013627399627271273
2021-11-16,82.43000030517578,0.004620597297399024,0.013336444714587756
2021-11-17,80.27999877929688,-0.026428943304810108,0.013804106102299775
2021-11-18,81.23999786376953,0.01188720169431228,0.013839218175493358
2021-11-19,78.88999938964844,-0.029353241046623558,0.014770479146215319
2021-11-22,79.69999694824219,0.010215078135350058,0.014604743980577057
2021-11-23,82.30999755859375,0.032223029817832316,0.015853220917938133
2021-11-24,82.25,-0.0007291876779574276,0.01584669224051879
2021-11-26,72.72000122070312,-0.1231469229899114,0.027330942835267484
2021-11-29,73.44000244140625,0.009852312900213723,0.027324697125376166
2021-11-30,70.56999969482422,-0.03986365886748544,0.02806459403155721
2021-12-01,68.87000274658203,-0.02438441125101787,0.028116548396773213
2021-12-02,69.66999816894531,0.011549073322922888,0.02817707856161234
2021-12-03,69.87999725341797,0.0030096632013869857,0.028199554140732885
2021-12-06,73.08000183105469,0.04477531060369844,0.029562153718671047
2021-12-07,75.44000244140625,0.03178291412213797,0.030273975866290638
2021-12-08,75.81999969482422,0.005024435375758508,0.030276796264177296
2021-12-09,74.41999816894531,-0.018637407749044932,0.030229471182613942
2021-12-10,75.1500015258789,0.009761438189286355,0.03033756341512644
2021-12-13,74.38999938964844,-0.01016462050492935,0.03034630988829057
2021-12-14,73.69999694824219,-0.009318758211047171,0.03032056353730175
2021-12-15,73.87999725341797,0.002439360367329335,0.030336085216648826
2021-12-16,75.0199966430664,0.01531258175177888,0.03006395067730205
2021-12-17,73.5199966430664,-0.020197267519269035,0.030107171956164535
2021-12-20,71.5199966430664,-0.027580348459022557,0.029879405757321082
2021-12-21,73.9800033569336,0.0338177478522715,0.030620829380093598
2021-12-22,75.29000091552734,0.017552504241505208,0.030655936556125293
2021-12-23,76.8499984741211,0.02050811410727306,0.030690138738099195
2021-12-27,78.5999984741211,0.022516229892626662,0.031015292125657432
2021-12-28,78.94000244140625,0.004316421140123197,0.03100770392818346
2021-12-29,79.2300033569336,0.003666956184559522,0.031021126359035818
2021-12-30,79.31999969482422,0.0011352424575692592,0.03100523073969142
2021-12-31,77.77999877929688,-0.019605986770900044,0.030838988563820096
2022-01-03,78.9800033569336,0.015310385328798035,0.03089480748096338
2022-01-04,80.0,0.012831936311788373,0.030514697231658755
2022-01-05,80.80000305175781,0.009950368622447272,0.03051181903096146
2022-01-06,81.98999786376953,0.01462025925698872,0.030045567467628872
2022-01-07,81.75,-0.0029314527759547178,0.030049772357300365
2022-01-10,80.87000274658203,-0.01082284870670404,0.019265610688452083
2022-01-11,83.72000122070312,0.03463495108792288,0.020060497447874713
2022-01-12,84.66999816894531,0.011283413869825253,0.018264881475522462
2022-01-13,84.47000122070312,-0.0023648698376802176,0.017421748510906956
2022-01-14,86.05999755859375,0.01864824285107383,0.017536234760848486
2022-01-18,87.51000213623047,0.016708397917211567,0.017605815131250303
2022-01-19,88.44000244140625,0.01057128663545987,0.016156458972796835
2022-01-20,88.37999725341797,-0.0006787149688418971,0.01546735360614967
2022-01-21,87.88999938964844,-0.005559642993569911,0.015593505875369453
2022-01-24,86.2699966430664,-0.01860415145551945,0.015591774212054913
2022-01-25,88.19999694824219,0.022125054235775852,0.01588465838253733
2022-01-26,89.95999908447266,0.0197581885017494,0.01581700512279524
2022-01-27,89.33999633789062,-0.006915841980796554,0.015740903345532815
2022-01-28,90.02999877929688,0.007693659628267731,0.015724366475330726
2022-01-31,91.20999908447266,0.013021595592953792,0.015686060680713675
2022-02-01,89.16000366210938,-0.022731980563366935,0.015840957585799703
2022-02-02,89.47000122070312,0.003470837612095314,0.014499830348226763
2022-02-03,91.11000061035156,0.01816418722161053,0.013782697903709097
2022-02-04,93.2699966430664,0.023430902322373597,0.013979127713513765
2022-02-07,92.69000244140625,-0.0062378585199837164,0.013949901668304605
2022-02-08,90.77999877929688,-0.020821634645728757,0.014442270855777707
2022-02-09,91.55000305175781,0.008446320873357439,0.014457155700951532
2022-02-10,91.41000366210938,-0.0015303827266625468,0.01450400064889464
2022-02-11,94.44000244140625,0.03260981634052664,0.015346174868463711
2022-02-14,96.4800033569336,0.02137102970425025,0.014820039568655723
2022-02-15,93.27999877929688,-0.03373005825722042,0.016501730351631043
2022-02-16,94.80999755859375,0.016269153663611122,0.01656586255996979
2022-02-17,92.97000122070312,-0.019597989581511186,0.01716949633971697
2022-02-18,93.54000091552734,0.006112288487447182,0.01706956313487783
2022-02-22,96.83999633789062,0.034670932168485866,0.017874754955836566
2022-02-23,96.83999633789062,0.0,0.01763855362006356
2022-02-24,99.08000183105469,0.022867528847951738,0.01710267809744577
2022-02-25,97.93000030517578,-0.011674682252759146,0.01735211301847998
2022-02-28,100.98999786376953,0.030768540036606663,0.017922168662847838
2022-03-01,104.97000122070312,0.03865312579119873,0.018763190521475296
2022-03-02,112.93000030517578,0.07309355376115066,0.022299320538962195
2022-03-03,110.45999908447266,-0.022114704253197687,0.022982693221957028
2022-03-04,118.11000061035156,0.0669629426066836,0.025357038659887882
2022-03-07,123.20999908447266,0.042273810414542104,0.02586544330188169
2022-03-08,127.9800033569336,0.03798381873550438,0.02567512735501509
2022-03-09,111.13999938964844,-0.14108336558141701,0.03802696828825325
2022-03-10,109.33000183105469,-0.01641981416568371,0.03820481988159664
2022-03-11,112.66999816894531,0.03009232773023528,0.0383538808391364
2022-03-14,106.9000015258789,-0.05256934361970051,0.03990289847305343
2022-03-15,99.91000366210938,-0.06762401490588109,0.04205294278681486
2022-03-16,98.0199966430664,-0.019098312165043246,0.041981335188764186
2022-03-17,106.63999938964844,0.08428716491301076,0.044518373769603846
2022-03-18,107.93000030517578,0.012024201517812836,0.04447390944901082
2022-03-21,115.62000274658203,0.06882610374479065,0.04585079067312755
2022-03-22,115.4800033569336,-0.001211591545452315,0.0458093088180857
2022-03-23,121.5999984741211,0.05163957311959268,0.046182695212516396
2022-03-24,119.02999877929688,-0.021361405059355985,0.04653089465833078
2022-03-25,120.6500015258789,0.013518252793828485,0.04649735313524214
2022-03-28,112.4800033569336,-0.07011834681112303,0.04845910546564294
2022-03-29,110.2300033569336,-0.020206335477944353,0.048593585247433665
2022-03-30,113.44999694824219,0.028793061897140856,0.04823950085910135
2022-03-31,107.91000366210938,-0.050064604013923895,0.04928636413125042
2022-04-01,104.38999938964844,-0.03316370073897471,0.049574704328800255
2022-04-04,107.52999877929688,0.029635987476857382,0.04979706466090516
2022-04-05,106.63999938964844,-0.008311196903248585,0.049520979226283846
2022-04-06,101.06999969482422,-0.053645327079854956,0.05059785446301298
2022-04-07,100.58000183105469,-0.00485989411834489,0.05044568272705666
2022-04-08,102.77999877929688,0.021637320738452186,0.05053498504884492
2022-04-11,98.4800033569336,-0.04273725372356585,0.05085350737025928
2022-04-12,104.63999938964844,0.060672365912355246,0.05159662937696094
2022-04-13,108.77999877929688,0.038801600897035916,0.05028218750569381
2022-04-14,111.69999694824219,0.026489195981081844,0.05036961429528636
2022-04-18,113.16000366210938,0.012986100041455192,0.04885005209865402
2022-04-19,107.25,-0.05364022098746452,0.04902964850093815
2022-04-20,106.80000305175781,-0.004204602707520949,0.04836594909532089
2022-04-21,108.33000183105469,0.01422418575943378,0.04119158698399514
2022-04-22,106.6500015258789,-0.015629681635329566,0.04118154218769053
2022-04-25,102.31999969482422,-0.041447304936684845,0.04140007917975438
2022-04-26,104.98999786376953,0.02575993289183499,0.04064299128196249
2022-04-27,105.31999969482422,0.0031382445506436445,0.03862226937599005
2022-04-28,107.58999633789062,0.021324340837676654,0.03857465583585309
2022-04-29,109.33999633789062,0.016134587405812015,0.03551422570146778
2022-05-02,107.58000183105469,-0.016227486108495243,0.03558175826557612
2022-05-03,104.97000122070312,-0.02456016718872394,0.03335857004593337
2022-05-04,110.13999938964844,0.04807767161596495,0.03464976536899918
2022-05-05,110.9000015258789,0.006876629822635739,0.03321307682912271
2022-05-06,112.38999938964844,0.013346051984144815,0.03315840872334225
2022-05-09,105.94000244140625,-0.05910204093795928,0.03461190911717262
2022-05-10,102.45999908447266,-0.033400449585964186,0.032807633452922515
2022-05-11,107.51000213623047,0.0481114167916044,0.033931812383168725
2022-05-12,107.44999694824219,-0.0005582916803352771,0.03346811831749031
2022-05-13,111.55000305175781,0.03744735354943417,0.032926722061129905
2022-05-16,114.23999786376953,0.023828531655479327,0.03252296266539817
2022-05-17,111.93000030517578,-0.020427801264113685,0.03239356536842486
2022-05-18,109.11000061035156,-0.025517125366746288,0.03272093622502529
2022-05-19,112.04000091552734,0.026499405302423007,0.0313693672240749
2022-05-20,112.55000305175781,0.004541635904085434,0.03133058245486234
2022-05-23,113.41999816894531,0.007700131974436402,0.031159034264890133
2022-05-24,113.55999755859375,0.001233583664085708,0.029929524059817195
2022-05-25,114.02999877929688,0.004130250858213941,0.028004887659917998
2022-05-26,117.4000015258789,0.029125359427098964,0.027629928313227657
2022-05-27,119.43000030517578,0.01714350784434354,0.027402365433125717
2022-05-31,122.83999633789062,0.028152237524989805,0.027745386108808553
2022-06-01,116.29000091552734,-0.05479558658284739,0.027827019688158473
2022-06-02,117.61000061035156,0.011286991874821302,0.027838257544397838
2022-06-03,119.72000122070312,0.01778162212824735,0.027894295183773756
2022-06-06,119.51000213623047,-0.001755625427116296,0.02768328832537306
2022-06-07,120.56999969482422,0.008830426844411531,0.026339170272674503
2022-06-08,123.58000183105469,0.024658239851478504,0.026310659570719392
2022-06-09,123.06999969482422,-0.004135437745036683,0.026366001664989973
2022-06-10,122.01000213623047,-0.008650270608659244,0.026301436965728963
2022-06-13,122.2699966430664,0.002128660605116997,0.026206283434978234
2022-06-14,121.16999816894531,-0.009037183569031774,0.026049917876417455
2022-06-15,118.51000213623047,-0.022197139905881402,0.025964121902157127
2022-06-16,119.80999755859375,0.010909771048394138,0.02464371370989908
2022-06-17,113.12000274658203,-0.05745790784597767,0.026966877788589576
2022-06-21,114.6500015258789,0.01343479618441772,0.02696832212708691
2022-06-22,111.73999786376953,-0.0257092976997958,0.02503642030327852
2022-06-23,110.05000305175781,-0.015239889210017187,0.02436715274533513
2022-06-24,113.12000274658203,0.027514390725395313,0.02330110649850162
2022-06-27,115.08999633789062,0.017265172732358496,0.02346828446005344
2022-06-28,117.9800033569336,0.024800747867469112,0.022922210649086516
2022-06-29,116.26000213623047,-0.014686066380541369,0.02272757438876513
2022-06-30,114.80999755859375,-0.012550513806832026,0.02252101223512319
2022-07-01,111.62999725341797,-0.028088760418663237,0.022629454086591366
2022-07-05,102.7699966430664,-0.08269635744985175,0.02675295994524117
2022-07-06,100.69000244140625,-0.02044693479816956,0.02690255070230984
2022-07-07,104.6500015258789,0.03857494929850827,0.02792528554772973
2022-07-08,107.0199966430664,0.022394238043018568,0.028292443672316227
2022-07-11,107.0999984741211,0.0007472616906575689,0.02827399745848386
2022-07-12,99.48999786376953,-0.07370584807701039,0.03050444537391844
2022-07-13,99.56999969482422,0.0008037962055985921,0.03023052075879168
2022-07-14,99.0999984741211,-0.004731485396479105,0.029535331203821864
2022-07-15,101.16000366210938,0.020574032064347304,0.028532001220306857
2022-07-18,106.2699966430664,0.049279535792956304,0.030065546567288295
2022-07-19,107.3499984741211,0.0101115163148537,0.029911608822292924
2022-07-20,106.91999816894531,-0.0040136359654806405,0.02990955654397221
2022-07-21,103.86000061035156,-0.02903702985240456,0.03016004158622071
2022-07-22,103.19999694824219,-0.00637502081668352,0.02963634491309825
2022-07-25,105.1500015258789,0.018719093183992758,0.029977897782269607
2022-07-26,104.4000015258789,-0.007158226595921476,0.029973291673908605
2022-07-27,106.62000274658203,0.021041447090854783,0.030329438105161293
2022-07-28,107.13999938964844,0.004865247600956311,0.030364944620637775
2022-07-29,110.01000213623047,0.026434905413808087,0.030662283095994468
2022-08-01,100.02999877929688,-0.09510116137613675,0.03488389176689395
2022-08-02,100.54000091552734,0.005085538576810537,0.033546723373522616
2022-08-03,96.77999877929688,-0.03811531861853275,0.03394449746884526
2022-08-04,94.12000274658203,-0.027869755711131042,0.03399078627203179
2022-08-05,94.91999816894531,0.00846381923619221,0.03403733401442054
2022-08-08,96.6500015258789,0.018061809164957875,0.03376933379978966
2022-08-09,96.30999755859375,-0.0035240912187008587,0.03350373745962543
2022-08-10,97.4000015258789,0.01125409609128211,0.03316473549255785
2022-08-11,99.5999984741211,0.02233592295588594,0.03353214089947422
2022-08-12,98.1500015258789,-0.014665213001615749,0.033550440050846786
2022-08-15,95.0999984741211,-0.03156798276251662,0.03363809374065406
2022-08-16,92.33999633789062,-0.029451576086479567,0.030691567419914356
2022-08-17,93.6500015258789,0.01408706776364762,0.030684260625435087
2022-08-18,96.58999633789062,0.030910733093725377,0.030361412558524755
2022-08-19,96.72000122070312,0.0013450406502932795,0.03000328511815364
2022-08-22,96.4800033569336,-0.002484451154574634,0.029993781003523633
2022-08-23,100.22000122070312,0.038032013938850764,0.027832492725354627
2022-08-24,101.22000122070312,0.009928596134019004,0.027888627145009837
2022-08-25,99.33999633789062,-0.018748105031027338,0.028096756353349992
2022-08-26,100.98999786376953,0.01647320807076933,0.028003435949489005
2022-08-29,105.08999633789062,0.039795610144567235,0.027475843090132762
2022-08-30,99.30999755859375,-0.05657084469856467,0.029239143893620013
2022-08-31,96.48999786376953,-0.028806892438682268,0.029628424140689332
2022-09-01,92.36000061035156,-0.043745362798202854,0.030183412194614477
2022-09-02,93.0199966430664,0.007120496612959282,0.030245935716775255
2022-09-06,92.83000183105469,-0.0020446045709938813,0.0299570538073198
2022-09-07,88.0,-0.053433068658450766,0.031279251527956096
2022-09-08,89.1500015258789,0.012983546946802652,0.031075668974234544
2022-09-09,92.83999633789062,0.0405571805358433,0.03216861606450889
2022-09-12,94.0,0.012417240309151619,0.03179933460685373
2022-09-13,93.16999816894531,-0.008869020460506088,0.026919706911475414
2022-09-14,94.0999984741211,0.009932268566332229,0.026980457640308177
2022-09-15,90.83999633789062,-0.03525835345231483,0.026854087166762863
2022-09-16,91.3499984741211,0.005598589196845163,0.026439083100009923
2022-09-19,92.0,0.007090310928680058,0.026423321988803147
2022-09-20,90.62000274658203,-0.015113607501264396,0.02629013542654431
2022-09-21,89.83000183105469,-0.0087559539231065,0.026316921890479673
2022-09-22,90.45999908447266,0.006988738304230189,0.026252491463986435
2022-09-23,86.1500015258789,-0.04881777324307592,0.027134078127757477
2022-09-26,84.05999755859375,-0.024559180152468125,0.027317179281229002
2022-09-27,86.2699966430664,0.025951073643184965,0.027418527119053838
2022-09-28,89.31999969482422,0.03474354937875978,0.027805287785312254
2022-09-29,88.48999786376953,-0.009335896416966983,0.02769251643150985
2022-09-30,87.95999908447266,-0.00600737186022392,0.026996221552534973
2022-10-03,88.86000061035156,0.01017994909834039,0.02709461675780381
2022-10-04,91.80000305175781,0.03255022649354366,0.027854192280919655
2022-10-05,93.37000274658203,0.016957793041949044,0.027073523472061732
2022-10-06,94.41999816894531,0.01118277181354086,0.027094113731712038
2022-10-07,97.91999816894531,0.03639790433903605,0.027802415707360435
2022-10-10,96.19000244140625,-0.017825372518913758,0.027786438413039186
2022-10-11,94.29000091552734,-0.019950278358322568,0.026840445984807552
2022-10-12,92.44999694824219,-0.01970722436396925,0.025121221639261063
2022-10-13,94.56999969482422,0.022672372977124006,0.02501221294956363
2022-10-14,91.62999725341797,-0.031581598798019375,0.024380475860156008
2022-10-17,91.62000274658203,-0.00010908056584828134,0.024340659969732885
2022-10-18,90.02999877929688,-0.017506683875033274,0.024537280891978704
2022-10-19,92.41000366210938,0.026092302967340893,0.022922317871557886
2022-10-20,92.37999725341797,-0.0003247622577679754,0.022823581276690506
2022-10-21,93.5,0.01205096102353157,0.02169335662642181
2022-10-24,93.26000213623047,-0.0025701220082855075,0.021575415574037488
2022-10-25,93.5199966430664,0.00278396698210164,0.021519968783740576
2022-10-26,95.69000244140625,0.02293854403641692,0.021852798728036724
2022-10-27,96.95999908447266,0.01318468757381007,0.02088321082397434
2022-10-28,95.7699966430664,-0.012349064397194071,0.02103820443114162
2022-10-31,94.83000183105469,-0.009863614277041901,0.021112521792911777
2022-11-01,94.6500015258789,-0.0018999404278392529,0.02090132658272927
2022-11-02,96.16000366210938,0.01582761509378773,0.020969180577751316
2022-11-03,94.66999816894531,-0.015616368071043172,0.0211986530427918
2022-11-04,98.56999969482422,0.04036981178196275,0.02012292437063312
2022-11-07,97.91999816894531,-0.00661615251679722,0.01948635068952503
2022-11-08,95.36000061035156,-0.026491590346980957,0.01989808200648243
2022-11-09,92.6500015258789,-0.028830240516888532,0.019823358626782004
2022-11-10,93.66999816894531,0.010948978472458272,0.019796818166998374
2022-11-11,95.98999786376953,0.024466049447618224,0.020155840003806116
2022-11-14,93.13999938964844,-0.03014026611955051,0.020981865902238106
2022-11-15,93.86000061035156,0.007700585867882412,0.020192224231582838
2022-11-16,92.86000061035156,-0.01071132770446804,0.020057360532217024
2022-11-17,89.77999877929688,-0.0337307694074084,0.020840695721167247
2022-11-18,87.62000274658203,-0.02435290602491041,0.019945488596918137
2022-11-21,87.44999694824219,-0.001942147164834279,0.019767752765506633
2022-11-22,88.36000061035156,0.010352218892034339,0.019654903541372525
2022-11-23,85.41000366210938,-0.03395615262459436,0.020256387928977906
2022-11-25,83.62999725341797,-0.02106095828350982,0.01994316461339061
2022-11-28,83.19000244140625,-0.005275096908218839,0.0192596870224375
2022-11-29,83.02999877929688,-0.0019252040711618236,0.019252420984085375
2022-11-30,85.43000030517578,0.028495357163772675,0.019901392268272
2022-12-01,86.87999725341797,0.016830493836352312,0.019522853227191952
2022-12-02,85.56999969482422,-0.015193073708535596,0.01966556732260914
2022-12-05,82.68000030517578,-0.03435701235896121,0.02029249504297538
2022-12-06,79.3499984741211,-0.04110931076192464,0.021382926454780717
2022-12-07,77.16999816894531,-0.027857671000724088,0.021708653984812323
2022-12-08,76.1500015258789,-0.013305657362989486,0.021016788368175464
2022-12-09,76.0999984741211,-0.0006568545623075724,0.020693907983283126
2022-12-12,77.98999786376953,0.024532341134655678,0.021510644887144548
2022-12-13,80.68000030517578,0.0339101309172322,0.022747928902255184
2022-12-14,82.69999694824219,0.024728848259542788,0.02339888127996665
2022-12-15,81.20999908447266,-0.01818118410735895,0.02320315646880196
2022-12-16,79.04000091552734,-0.02708431599803939,0.02346628287656236
2022-12-19,79.80000305175781,0.009569477675640188,0.021994547841760314
2022-12-20,79.98999786376953,0.0023780574561695464,0.02206174217787821
2022-12-21,82.19999694824219,0.027253664781615162,0.022578772985436372
2022-12-22,80.9800033569336,-0.014953012878251778,0.022211838624297958
2022-12-23,83.91999816894531,0.03566169021111702,0.02323858684821774
2022-12-27,84.33000183105469,0.004873753030527658,0.022689608549541135
2022-12-28,83.26000213623047,-0.012769427875345952,0.022224770064603033
2022-12-29,82.26000213623047,-0.012083278652645926,0.022167103174093396
2022-12-30,85.91000366210938,0.043415290505714015,0.02377955882524022
2023-01-03,82.0999984741211,-0.045362281404472925,0.02439169872278087
2023-01-04,77.83999633789062,-0.05328260704164598,0.025797153606675192
2023-01-05,78.69000244140625,0.010860722741391757,0.025936951715251563
2023-01-06,78.56999969482422,-0.0015261702689100644,0.02580825243624616
2023-01-09,79.6500015258789,0.013652112209752676,0.02535705485050175
2023-01-10,80.0999984741211,0.005633779511282356,0.02514448302073551
2023-01-11,82.66999816894531,0.03158092209098295,0.025841239079778106
2023-01-12,84.02999877929688,0.01631710629751283,0.026013520418900548
2023-01-13,85.27999877929688,0.014766082690338429,0.025619981764374664
2023-01-17,85.91999816894531,0.007476663345923151,0.025463796557086946
2023-01-18,84.9800033569336,-0.011000635260100597,0.025391043261758735
2023-01-19,86.16000366210938,0.013790101162426991,0.02467104005787466
2023-01-20,87.62999725341797,0.01691729837309354,0.023470921292624767
2023-01-23,88.19000244140625,0.006370231858754159,0.022723702276463222
2023-01-24,86.12999725341797,-0.023635854671285306,0.023077542197679428
2023-01-25,86.12000274658203,-0.00011604652362438913,0.023073905094401072
2023-01-26,87.47000122070312,0.015554186998780214,0.022857273637330915
2023-01-27,86.66000366210938,-0.009303432817319886,0.022249438125683724
2023-01-30,84.9000015258789,-0.020518347280158923,0.022216034888068944
2023-01-31,84.48999786376953,-0.004840952409035302,0.021953408214688736
2023-02-01,82.83999633789062,-0.019722166560562585,0.021664188864990757
2023-02-02,82.16999816894531,-0.008120742661005367,0.021679558106186977
2023-02-03,79.94000244140625,-0.027513865835698557,0.022291168743586165
2023-02-06,80.98999786376953,0.013049280060765575,0.021838114294072727
2023-02-07,83.69000244140625,0.03279386133237484,0.02247853453354399
2023-02-08,85.08999633789062,0.016589951606594107,0.021724330506141754
2023-02-09,84.5,-0.0069579424602668775,0.021748851585153193
2023-02-10,86.38999938964844,0.022120386942592603,0.021970478813136667
2023-02-13,86.61000061035156,0.0025433680843583014,0.021826670596269436
2023-02-14,85.58000183105469,-0.01196365700558385,0.020478721698252354
2023-02-15,85.37999725341797,-0.0023397832235956817,0.018624272220010445
2023-02-16,85.13999938964844,-0.002814895929692619,0.01554884267320641
2023-02-17,83.0,-0.025456345434609125,0.016309896760426656
2023-02-21,83.05000305175781,0.0006022650087355925,0.016299656482156512
2023-02-22,80.5999984741211,-0.02994424222425107,0.017133127503531822
2023-02-23,82.20999908447266,0.019778307446512242,0.017473497525940063
2023-02-24,83.16000366210938,0.011489568999125942,0.016619885251408437
2023-02-27,82.44999694824219,-0.008574495034549408,0.01640734151263781
2023-02-28,83.88999938964844,0.017314397590414445,0.01649616914196722
2023-03-01,84.30999755859375,0.004994043394505118,0.016460714926289546
2023-03-02,84.75,0.005205293283469009,0.016374351857702696
2023-03-03,85.83000183105469,0.012662870803073278,0.016342664647794772
2023-03-06,86.18000030517578,0.004069518665203052,0.016046242344324863
2023-03-07,83.29000091552734,-0.03410963078954278,0.017110405768164996
2023-03-08,82.66000366210938,-0.007592651552424669,0.01665239921452082
2023-03-09,81.58999633789062,-0.013029192830452355,0.01678521188620813
2023-03-10,82.77999877929688,0.014479811017817028,0.016748010955630496
2023-03-13,80.7699966430664,-0.024580903681667994,0.017208797216491902
2023-03-14,77.44999694824219,-0.04197304043262951,0.018394951666453208
2023-03-15,73.69000244140625,-0.04976538955026066,0.020277111893345724
2023-03-16,74.69999694824219,0.01361291337557783,0.020330818961472596
2023-03-17,72.97000122070312,-0.023431636778888522,0.020641964400791513
2023-03-20,73.79000091552734,0.011174818971111798,0.0203256797420939
2023-03-21,75.31999969482422,0.02052246625975256,0.020569289310810795
2023-03-22,76.69000244140625,0.018025653874279325,0.019862052434203307
2023-03-23,75.91000366210938,-0.010222877340052953,0.019555149577304448
2023-03-24,74.98999786376953,-0.012193733445028545,0.019607550053608834
2023-03-27,78.12000274658203,0.040891398340551235,0.020736181689289097
2023-03-28,78.6500015258789,0.006761507738184953,0.020791776211066818
2023-03-29,78.27999877929688,-0.00471552197134874,0.020728608997826484
2023-03-30,79.2699966430664,0.012567577567153402,0.020922065841428028
2023-03-31,79.7699966430664,0.006287747339412377,0.020982884576303616
2023-04-03,84.93000030517578,0.06267993954480063,0.02361529315369219
2023-04-04,84.94000244140625,0.00011776224265966554,0.023615574820297722
2023-04-05,84.98999786376953,0.0005884237476141602,0.02289404079781804
2023-04-06,85.12000274658203,0.0015284804850554277,0.022640027257187837
2023-04-10,84.18000030517578,-0.011104690892808735,0.022660338843990022
2023-04-11,85.61000061035156,0.01684473891613557,0.022787825142262904
2023-04-12,87.33000183105469,0.01989196150887995,0.022855227837947686
2023-04-13,86.08999633789062,-0.01430084926100474,0.023019736838913552
2023-04-14,86.30999755859375,0.0025522198133720053,0.02300691027907766
2023-04-17,84.76000213623047,-0.018121679341700548,0.023136857016097148
2023-04-18,84.7699966430664,0.00011790841643929448,0.023121670691641453
2023-04-19,83.12000274658203,-0.01965628718527541,0.022541588151662163
2023-04-20,81.0999984741211,-0.024602437527963324,0.022947648792701208
2023-04-21,81.66000366210938,0.006881388430661271,0.022864603374421553
2023-04-24,82.7300033569336,0.013018003041825897,0.022834281824333415
2023-04-25,80.7699966430664,-0.02397676588650626,0.022812130022855905
2023-04-26,77.69000244140625,-0.0388789875052618,0.0226220257713853
2023-04-27,78.37000274658203,0.008714655723814189,0.02060650784142063
2023-04-28,79.54000091552734,0.014818815178703067,0.02063099780474176
2023-05-01,79.30999755859375,-0.002895857977674831,0.020088461330514413
2023-05-02,75.31999969482422,-0.051618493574917,0.0223296457441058
2023-05-03,72.33000183105469,-0.04050669356075285,0.023222125206764862
2023-05-04,72.5,0.0023475556841534148,0.022945814288750248
2023-05-05,75.30000305175781,0.0378936134732101,0.023999478854679644
2023-05-08,77.01000213623047,0.022455135956969324,0.02423835632143374
2023-05-09,77.44000244140625,0.005568163203936219,0.023057155865054517
2023-05-10,76.41000366210938,-0.013389848908174986,0.023137989150378194
2023-05-11,74.9800033569336,-0.018892169507751317,0.023360960926496373
2023-05-12,74.16999816894531,-0.010861725017620418,0.02326812330749802
2023-05-15,75.2300033569336,0.014190401133203993,0.023412011635874894
2023-05-16,74.91000366210938,-0.004262690347822648,0.019977620509383617
2023-05-17,76.95999908447266,0.026998352614726148,0.020764557406118843
2023-05-18,75.86000061035156,-0.014396250154790055,0.020848138115164207
2023-05-19,75.58000183105469,-0.003697822158463732,0.020824001661418786
2023-05-22,75.98999786376953,0.005410002421646738,0.020846953731334203
2023-05-23,76.83999633789062,0.011123565671762762,0.020680764605654493
2023-05-24,78.36000061035156,0.019588310623949088,0.020668940200336185
2023-05-25,76.26000213623047,-0.02716501842352968,0.02102863973078096
2023-05-26,76.94999694824219,0.0090072381840356,0.021131207792713755
2023-05-30,73.54000091552734,-0.04532633230341153,0.022316326372554787
2023-05-31,72.66000366210938,-0.012038411128825931,0.02233556206392518
2023-06-01,74.27999877929688,0.022050642857019537,0.02269583849423484
2023-06-02,76.12999725341797,0.024600649189896188,0.022913618665515702
2023-06-05,76.70999908447266,0.007589696795694742,0.022923563552633988
2023-06-06,76.29000091552734,-0.005490185933531259,0.022751507150433958
2023-06-07,76.94999694824219,0.00861394052315809,0.02247702926327388
2023-06-08,75.95999908447266,-0.012948946734587451,0.021470693260610477
2023-06-09,74.79000091552734,-0.015522675446445994,0.021558075681765675
2023-06-12,71.83999633789062,-0.04024282542685017,0.022441465478480912
2023-06-13,74.29000091552734,0.033534992469377495,0.02343311885009714
2023-06-14,73.19999694824219,-0.014780986210825861,0.021650497826271188
2023-06-15,75.66999816894531,0.03318637723195084,0.02118340502180829
2023-06-16,76.61000061035156,0.01234586798719033,0.021275572802253197
2023-06-20,75.9000015258789,-0.009310919990335008,0.020237272579829484
2023-06-21,77.12000274658203,0.015945981411292585,0.02002493423140848
2023-06-22,74.13999938964844,-0.03940749642651613,0.02124385580982015
2023-06-23,73.8499984741211,-0.003919201174645718,0.021130398560637326
2023-06-26,74.18000030517578,0.0044585878599135926,0.020882394394620852
2023-06-27,72.26000213623047,-0.026223820892829104,0.021332359178605435
2023-06-28,74.02999877929688,0.024199644683097894,0.021651902395550704
2023-06-29,74.33999633789062,0.004178715641773948,0.02165665173796663
2023-06-30,74.9000015258789,0.0075047952879110525,0.021095941846733423
2023-07-03,74.6500015258789,-0.003343366469748668,0.020948187603887725
2023-07-05,76.6500015258789,0.026439080799278942,0.021506496033459804
2023-07-06,76.5199966430664,-0.0016975245228833234,0.021489325715207657
2023-07-07,78.47000122070312,0.0251643009936496,0.021883999430636205
2023-07-10,77.69000244140625,-0.009989821308381957,0.021668901742699857
2023-07-11,79.4000015258789,0.021771807083405235,0.021416203025507164
2023-07-12,80.11000061035156,0.008902310375235674,0.0214149170428583
2023-07-13,81.36000061035156,0.015483061396223408,0.019650567912404722
2023-07-14,79.87000274658203,-0.018483411924714224,0.01985894047675352
2023-07-17,78.5,-0.017301722529090367,0.019867364526285812
2023-07-18,79.62999725341797,0.014292246989190247,0.019546726799088
2023-07-19,79.45999908447266,-0.0021371329129644834,0.0195228588882462
2023-07-20,79.63999938964844,0.0022627326675251384,0.019482873172330398
2023-07-21,81.06999969482422,0.017796503703153162,0.019670812611287544
2023-07-24,82.73999786376953,0.02039015997940446,0.019753999042128757
2023-07-25,83.63999938964844,0.010818732048397329,0.019492896078045573
2023-07-26,82.91999816894531,-0.008645601777673694,0.01781670553340317
2023-07-27,84.23999786376953,0.015793576981463792,0.01710980109708133
2023-07-28,84.98999786376953,0.008863734908595756,0.016746521527808898
2023-07-31,85.55999755859375,0.0066842783043151765,0.01588397276106664
2023-08-01,84.91000366210938,-0.007625940539192455,0.015944631000617392
2023-08-02,83.19999694824219,-0.020344603993196275,0.016370203048534926
2023-08-03,85.13999938964844,0.02304964208382635,0.01661258725127269
2023-08-04,86.23999786376953,0.012837129158718088,0.0145976329726328
2023-08-07,85.33999633789062,-0.010490847542064018,0.014784809194911675
2023-08-08,86.16999816894531,0.00967883315448493,0.014811102148307354
2023-08-09,87.55000305175781,0.015888025586827743,0.013704626063488533
2023-08-10,86.4000015258789,-0.01322240011852869,0.01373149673219654
2023-08-11,86.80999755859375,0.004734100809510832,0.013730515636217048
2023-08-14,86.20999908447266,-0.006935624678057439,0.013897906626716123
2023-08-15,84.88999938964844,-0.01542987604213354,0.014307886472291462
2023-08-16,83.44999694824219,-0.01710868002201762,0.014191319796191107
2023-08-17,84.12000274658203,0.007996769947312255,0.014194965388707815
2023-08-18,84.80000305175781,0.008051195300307125,0.013611941917886594
2023-08-21,84.45999908447266,-0.004017540119543759,0.013464552146397224
2023-08-22,84.02999877929688,-0.005104175252888194,0.01304527440598632
2023-08-23,83.20999908447266,-0.00980634150340838,0.013145250281526352
2023-08-24,83.36000061035156,0.0018010634172059656,0.012869423910120104
2023-08-25,84.4800033569336,0.01334627436744794,0.012531647863829324
2023-08-28,84.41999816894531,-0.0007105410298489207,0.012011684492344374
2023-08-29,85.48999786376953,0.012595066385536209,0.011957733088775194
2023-08-30,85.86000061035156,0.00431868485503026,0.011931943920050953
2023-08-31,86.86000061035156,0.011579564228420476,0.01204406475796105
2023-09-01,88.55000305175781,0.01926976455899154,0.012109753683225595
2023-09-05,90.04000091552734,0.01668662751402838,0.011943481573305513
2023-09-06,90.5999984741211,0.006200170000464537,0.011866317860561162
2023-09-07,89.91999816894531,-0.007533830424774866,0.011831463059161412
2023-09-08,90.6500015258789,0.008085588251272815,0.01161913857188707
2023-09-11,90.63999938964844,-0.00011034404754931107,0.011563563315466116
2023-09-12,92.05999755859375,0.015544901883414508,0.011794347116891812
2023-09-13,91.87999725341797,-0.0019571639416125454,0.011672284082675255
2023-09-14,93.69999694824219,0.019614808747168887,0.011231840857188393
2023-09-15,93.93000030517578,0.002451670580472073,0.010638675569400152
2023-09-18,94.43000030517578,0.005308995251350648,0.010493144379262059
2023-09-19,94.33999633789062,-0.000953583468834282,0.010210223683040028
2023-09-20,93.52999877929688,-0.008623011642911986,0.010364153417616652
2023-09-21,93.30000305175781,-0.0024620868326142493,0.010099040768323865
2023-09-22,93.2699966430664,-0.00032166381518153125,0.009689568360600948
2023-09-25,93.29000091552734,0.00021445403944449448,0.009689580497351477
2023-09-26,93.95999908447266,0.00715621926026553,0.009562152154759208
2023-09-27,96.55000305175781,0.02719189043566586,0.009909541344241084
2023-09-28,95.37999725341797,-0.01219215640870612,0.009578571553394321
2023-09-29,95.30999755859375,-0.000734172739764712,0.009599834113936131
2023-10-02,90.70999908447266,-0.04946711680015964,0.01367522516614857
2023-10-03,90.91999816894531,0.002312384311208917,0.013623992478095226
2023-10-04,85.80999755859375,-0.05784445747743051,0.01748805514724972
2023-10-05,84.06999969482422,-0.020485739850541352,0.01781490418621742
2023-10-06,84.58000183105469,0.0060480721759471005,0.017843743594786174
2023-10-09,88.1500015258789,0.041342072460773795,0.019218684849876568
2023-10-10,87.6500015258789,-0.005688297377890518,0.01925913617314593
2023-10-11,85.81999969482422,-0.021099552768635614,0.019555023574828734
2023-10-12,86.0,0.0020952202461273933,0.01954280418530004
2023-10-13,90.88999938964844,0.05530268116189383,0.02191798365265458
2023-10-16,89.6500015258789,-0.013736760343859317,0.02182405940629788
2023-10-17,89.9000015258789,0.002784741379101311,0.021613141497519143
2023-10-18,91.5,0.017641013830832122,0.021827138824719677
2023-10-19,92.37999725341797,0.009571502989634184,0.021838060351170276
2023-10-20,92.16000366210938,-0.0023842385870995763,0.02180289307687107
2023-10-23,89.83000183105469,-0.02560722105934074,0.022320353471313305
2023-10-24,88.06999969482422,-0.019787066272451515,0.02238755470290019
2023-10-25,90.12999725341797,0.023121092742539415,0.022832784054167693
2023-10-26,87.93000030517578,-0.024711995233179105,0.022910894414752015
2023-10-27,90.4800033569336,0.02858782204767423,0.023577889179920142
2023-10-30,87.44999694824219,-0.034061702341815374,0.024285454243420546
2023-10-31,87.41000366210938,-0.0004574320792700818,0.024286754643805666
2023-11-01,84.62999725341797,-0.03232095326015307,0.02486971471986753
2023-11-02,86.8499984741211,0.02589369388997017,0.02543634691096736
2023-11-03,84.88999938964844,-0.022826181558019014,0.0257037470946654
2023-11-06,85.18000030517578,0.0034103745178185787,0.025724735237933016
2023-11-07,81.61000061035156,-0.04281485711775027,0.026643743402780216
2023-11-08,79.54000091552734,-0.02569175967021311,0.026207009365845472
2023-11-09,80.01000213623047,0.005891602271755378,0.02627849374194471
2023-11-10,81.43000030517578,0.017592105665171297,0.026612577215576184
2023-11-13,82.5199966430664,0.01329688829606105,0.025458360458346672
2023-11-14,82.47000122070312,-0.0006060418757600274,0.025442322108618104
2023-11-15,81.18000030517578,-0.015765690477047935,0.0234073633594146
2023-11-16,77.41999816894531,-0.04742379367142417,0.02463162135011403
2023-11-17,80.61000061035156,0.04037759736859441,0.025822916743704283
2023-11-20,82.31999969482422,0.020991368951435316,0.02490693660136945
2023-11-21,82.44999694824219,0.0015779241735657725,0.024907988544695243
2023-11-22,81.95999908447266,-0.005960699791888676,0.024660630350592672
2023-11-23,81.37000274658203,-0.0072246237374829205,0.02467203509583163
2023-11-24,80.58000183105469,-0.0097561859761599,0.02221233872341914
2023-11-27,79.9800033569336,-0.007473857095805239,0.022147136705076474
2023-11-28,81.68000030517578,0.021032532201811928,0.022580688152463387
2023-11-29,83.0999984741211,0.017235505906795515,0.022567902455016685
2023-11-30,82.83000183105469,-0.0032543467830918964,0.02243853907028585
2023-12-01,78.87999725341797,-0.048862661241722664,0.023905636700449685
2023-12-04,78.02999877929688,-0.01083432298998088,0.02362094735286085
2023-12-05,77.19999694824219,-0.01069393498445855,0.023478509099866502
2023-12-06,74.30000305175781,-0.03828842470301902,0.023673334913368628
2023-12-07,74.05000305175781,-0.003370410871237661,0.023424617761738854
2023-12-08,75.83999633789062,0.023885227733526745,0.0232017476030713
2023-12-11,76.02999877929688,0.002502173525341683,0.02262364605600057
2023-12-12,73.23999786376953,-0.03738629254602788,0.023378887785410352
2023-12-13,74.26000213623047,0.013830786877068277,0.02309682107575664
2023-12-14,76.61000061035156,0.03115514697988543,0.023353002259042705
2023-12-15,76.55000305175781,-0.0007834625258309145,0.023091467043178323
2023-12-18,77.94999694824219,0.018123394383693637,0.023396363046466133
2023-12-19,79.2300033569336,0.016287500993037524,0.02239113676408524
2023-12-20,79.69999694824219,0.005914490158980527,0.0219273928556389
2023-12-21,79.38999938964844,-0.0038971394566000637,0.021910555057584945
2023-12-22,79.06999969482422,-0.004038875825735407,0.021657296114565433
2023-12-26,81.06999969482422,0.02497944301199581,0.022024780306740623
2023-12-27,79.6500015258789,-0.017670919721909782,0.02224445421546435
2023-12-28,78.38999938964844,-0.015945695098815653,0.022248553731811536
2023-12-29,77.04000091552734,-0.017371581040878995,0.020717861776028818
2024-01-02,75.88999938964844,-0.015039864000422884,0.019407573366208145
2024-01-03,78.25,0.030623914047023307,0.019875304378026086
2024-01-04,77.58999633789062,-0.008470323712619202,0.01990297877723184
2024-01-05,78.76000213623047,0.014966775186572953,0.0201257814623919
2024-01-08,76.12000274658203,-0.034094202384002945,0.02097714549915983
2024-01-09,77.58999633789062,0.01912742719742998,0.021280128538716057
2024-01-10,76.80000305175781,-0.010233825817587873,0.021313856312408765
2024-01-11,77.41000366210938,0.007911338634527799,0.020970526519714195
2024-01-12,78.29000091552734,0.01130387408929161,0.020812327293037135
2024-01-16,78.29000091552734,0.0,0.020813977595941054
2024-01-17,77.87999725341797,-0.005250747376723442,0.01884961704337316
2024-01-18,79.0999984741211,0.01554371024595205,0.018962213938222162
2024-01-19,78.55999755859375,-0.006850222513856957,0.01889716639435844
2024-01-22,80.05999755859375,0.018913690100473578,0.017686974868189476
2024-01-23,79.55000305175781,-0.006390529923161672,0.017730017113045383
2024-01-24,80.04000091552734,0.006140728007346922,0.017278364440400283
2024-01-25,82.43000030517578,0.029422930873472645,0.018000257027809358
2024-01-26,83.55000305175781,0.013495839540150111,0.016421404798483585
2024-01-29,82.4000015258789,-0.013859836134154174,0.016649106034354055
2024-01-30,82.87000274658203,0.005687692570837788,0.015817136670409796
2024-01-31,81.70999908447266,-0.014096765812189079,0.016100099354480722
2024-02-01,78.69999694824219,-0.03753326554576618,0.017356561331181405
2024-02-02,77.33000183105469,-0.01756111434686056,0.017382892372391105
2024-02-05,77.98999786376953,0.008498583651928772,0.017423712741109258
2024-02-06,78.58999633789062,0.007663832329107285,0.017478849284928648
2024-02-07,79.20999908447266,0.007858123637527146,0.017526873434533283
2024-02-08,81.62999725341797,0.030094265898581617,0.017800391789155618
2024-02-09,82.19000244140625,0.006836862048287254,0.017510565831466332
2024-02-12,82.0,-0.002314422600574686,0.017229033254750184
2024-02-13,82.7699966430664,0.0093463890756796,0.016907396368481264
2024-02-14,81.5999984741211,-0.0142363930693679,0.01687944535261688
2024-02-15,82.86000061035156,0.01532320074474896,0.016215920118138275
2024-02-16,83.47000122070312,0.007334856471784813,0.016123592119055504
2024-02-20,82.33999633789062,-0.013630328620800946,0.016202302674721978
2024-02-21,83.02999877929688,0.008345001705688762,0.014779232482510172
2024-02-22,83.66999816894531,0.007678494851276518,0.01449066018571752
2024-02-23,81.62000274658203,-0.0248061047947583,0.015161454948086567
2024-02-26,82.52999877929688,0.01108748518506503,0.015214942539107794
2024-02-27,83.6500015258789,0.013479596860493182,0.015265257213385598
2024-02-28,83.68000030517578,0.00035855828948782513,0.015263609621964066
2024-02-29,83.62000274658203,-0.0007172451891383123,0.015209447889433602
2024-03-01,83.55000305175781,-0.0008374672068846977,0.015012986508704812
2024-03-04,82.80000305175781,-0.009017193319336184,0.015061297467731171
2024-03-05,82.04000091552734,-0.009221153884487994,0.014830012512822628
2024-03-06,82.95999908447266,0.011151608521799649,0.014881879499778625
2024-03-07,82.95999908447266,0.0,0.014856621861433114
2024-03-08,82.08000183105469,-0.010664149154873159,0.014008700127930197
2024-03-11,82.20999908447266,0.001582534296964144,0.013775694598156467
2024-03-12,81.91999816894531,-0.0035337990881388823,0.013558674365988217
2024-03-13,84.02999877929688,0.025430724473679323,0.014312233163788305
2024-03-14,85.41999816894531,0.01640638056428394,0.014325680591252579
2024-03-15,85.33999633789062,-0.0009370091295576753,0.012304587544191866
2024-03-18,86.88999938964844,0.017999708978836786,0.01199439383298039
2024-03-19,87.37999725341797,0.0056234482639747705,0.01196771896263991
2024-03-20,85.94999694824219,-0.01650069576801427,0.012499353586864506
2024-03-21,85.77999877929688,-0.00197983146455054,0.012496121555139853
2024-03-22,85.43000030517578,-0.004088534122348653,0.011420078578288993
2024-03-25,86.75,0.015333088091209273,0.011659405228153886
2024-03-26,86.25,-0.005780362915499425,0.011718600644088861
2024-03-27,86.08999633789062,-0.0018568377797572885,0.011644285391622421
2024-03-28,87.4800033569336,0.016017016050581,0.011561132090911664
2024-04-01,87.41999816894531,-0.0006861656926140027,0.011306884794139093
2024-04-02,88.91999816894531,0.017013000014158928,0.01160481258451806
2024-04-03,89.3499984741211,0.00482415602405137,0.011224660059268485
2024-04-04,90.6500015258789,0.014444729505611919,0.011384112993625108
2024-04-05,91.16999816894531,0.005719921479349572,0.011361516844148514
2024-04-08,90.37999725341797,-0.008702901918985281,0.010344134958587657
2024-04-09,89.41999816894531,-0.010678623265045985,0.01054755443322159
2024-04-10,90.4800033569336,0.011784518580433197,0.010492060779389993
2024-04-11,89.73999786376953,-0.008212292166078541,0.010670824392130806
2024-04-12,90.44999694824219,0.007880601358408158,0.010701559952402009
2024-04-15,90.0999984741211,-0.003877030422682936,0.010749675528674302
2024-04-16,90.0199966430664,-0.0008883171050885048,0.010549530449829404
2024-04-17,87.29000091552734,-0.030795911338210632,0.012028094520465755
2024-04-18,87.11000061035156,-0.0020642243981232457,0.011925499130200514
2024-04-19,87.29000091552734,0.00206422439812315,0.01192174183834445
2024-04-22,87.0,-0.0033278005810162474,0.011733216085510657
2024-04-23,88.41999816894531,0.01619004903491017,0.012017505251626958
2024-04-24,88.0199966430664,-0.0045341444448541044,0.012035989623750864
2024-04-25,89.01000213623047,0.011184723726092917,0.011357677607181066
2024-04-26,89.5,0.005489878310077012,0.011048180649982038
2024-04-29,88.4000015258789,-0.012366638376138472,0.011330551191806386
2024-04-30,87.86000061035156,-0.006127341410172731,0.010944807746267863
2024-05-01,83.44000244140625,-0.05161680554255898,0.014431403160687821
2024-05-02,83.66999816894531,0.002752628471323538,0.014168767909612462
2024-05-03,82.95999908447266,-0.008521915537759682,0.014236205091090037
2024-05-06,83.33000183105469,0.004450097482146828,0.014260025803983147
2024-05-07,83.16000366210938,-0.002042143340929874,0.013929967002440516
2024-05-08,83.58000183105469,0.0050377719008577,0.0139529035852158
2024-05-09,83.87999725341797,0.003582894361957821,0.013977356982354486
2024-05-10,82.79000091552734,-0.013079881080392639,0.013773412538697804
2024-05-13,83.36000061035156,0.006861293117788952,0.013863787390680648
2024-05-14,82.37999725341797,-0.011825929659396871,0.01352544361178845
2024-05-15,82.75,0.004481358589636593,0.0135191453572476
2024-05-16,83.2699966430664,0.006264285676713261,0.013244077693356384
2024-05-17,83.9800033569336,0.008490415295173383,0.013315223690361339
2024-05-20,83.70999908447266,-0.0032202814939873313,0.013268076105362637
2024-05-21,82.87999725341797,-0.009964688363161176,0.013253636314576323
2024-05-22,81.9000015258789,-0.011894735881886746,0.01307554983998594
2024-05-23,81.36000061035156,-0.0066152502478562785,0.013058188628541375
2024-05-24,82.12000274658203,0.009297866354522469,0.013102401029222915
2024-05-28,84.22000122070312,0.025250811631310897,0.014093797922416109
2024-05-29,83.5999984741211,-0.007388935389484824,0.014122091104559219
2024-05-30,81.86000061035156,-0.02103302331821725,0.013547552297499838
2024-05-31,81.62000274658203,-0.002936114891793664,0.013548317445853305
2024-06-03,78.36000061035156,-0.040760762763094385,0.01523759364852483
2024-06-04,77.5199966430664,-0.010777676586997508,0.015293650985899968
2024-06-05,78.41000366210938,0.011415592669038108,0.015101601468472331
2024-06-06,79.87000274658203,0.01844883037000211,0.015646939521689607
2024-06-07,79.62000274658203,-0.003134995249150555,0.015408363916080222
2024-06-10,81.62999725341797,0.024931455748238074,0.01619753753063719
2024-06-11,81.91999816894531,0.003546331122914942,0.016142994973796565
2024-06-12,82.5999984741211,0.008266523114366264,0.016246198335543305
2024-06-13,82.75,0.0018143522033504222,0.013284641030348054
2024-06-14,82.62000274658203,-0.001572199045005178,0.013274094725712426
2024-06-17,84.25,0.019536754020303984,0.013666328823641381
2024-06-18,85.33000183105469,0.012737544774532372,0.013831392353523623
2024-06-20,85.70999908447266,0.004443380222101336,0.013836273606246783
2024-06-21,85.23999786376953,-0.0054987120600504666,0.013864122900288735
2024-06-24,86.01000213623047,0.00899281123133469,0.013938495707857433
2024-06-25,85.01000213623047,-0.011694671641954984,0.013893027985183723
2024-06-26,85.25,0.0028191944051921733,0.01385258244027948
2024-06-27,86.38999938964844,0.013283805142094686,0.013825248654140991
2024-06-28,86.41000366210938,0.00023153092820624266,0.013816310434387828
2024-07-01,86.5999984741211,0.0021963457146134883,0.013787289063450137
2024-07-02,86.23999786376953,-0.00416571555861527,0.013753497387355392
2024-07-03,87.33999633789062,0.012674423738139335,0.013895313178205278
2024-07-05,86.54000091552734,-0.009201760752087007,0.013874450616377668
2024-07-08,85.75,-0.009170659329928407,0.013792841988772068
2024-07-09,84.66000366210938,-0.012792807696606224,0.013963712983201215
2024-07-10,85.08000183105469,0.00494873350415741,0.01390052124559842
2024-07-11,85.4000015258789,0.0037541068083579536,0.013150774939051377
2024-07-12,85.02999877929688,-0.00434199762040384,0.013099703082734953
2024-07-15,84.8499984741211,-0.002119147344571181,0.01246409541424626
2024-07-16,83.7300033569336,-0.013287597388280356,0.012723019063108493
2024-07-17,85.08000183105469,0.01599463554489727,0.010313743819346848
2024-07-18,85.11000061035156,0.0003525328065952595,0.010006223731244572
2024-07-19,82.62999725341797,-0.029571767186629214,0.011517638556363815
2024-07-22,82.4000015258789,-0.00278732204019272,0.011100817534202775
2024-07-23,81.01000213623047,-0.01701282522101405,0.01156042100077409
2024-07-24,81.70999908447266,0.008603751979662684,0.010728718282919854
2024-07-25,82.37000274658203,0.008044944105580683,0.010810647336784747
2024-07-26,81.12999725341797,-0.015168553744716384,0.011050408667038672
2024-07-29,79.77999877929688,-0.016779941376492632,0.011425507370349188
2024-07-30,78.62999725341797,-0.014519560103429422,0.011681008647418127
2024-07-31,80.72000122070312,0.02623312009507381,0.01215422079003984
2024-08-01,79.5199966430664,-0.014977871034680248,0.012093641572355273
2024-08-02,76.80999755859375,-0.03467371190777319,0.013376575494219101
2024-08-05,76.30000305175781,-0.006661829938348533,0.013383788741754816
2024-08-06,76.4800033569336,0.0023563343488685966,0.013220727357573276
2024-08-07,78.33000183105469,0.023901382119202865,0.01406854632641651
2024-08-08,79.16000366210938,0.010540472241175417,0.014243072947398296
2024-08-09,79.66000366210938,0.006296456728760983,0.014032132754765836
2024-08-12,82.30000305175781,0.03260352103867598,0.015439715946941381
2024-08-13,80.69000244140625,-0.019756462646890717,0.01576909787068931
2024-08-14,79.76000213623047,-0.011592529680216504,0.015856540338384014
2024-08-15,81.04000091552734,0.015920718800842556,0.015975032481471453
2024-08-16,79.68000030517578,-0.01692425413129556,0.016148102279431212
2024-08-19,77.66000366210938,-0.02567824564716948,0.016647847804645854
2024-08-20,77.19999694824219,-0.005940953959002638,0.016559937417239375
2024-08-21,76.05000305175781,-0.015008358666579145,0.016627222199476935
2024-08-22,77.22000122070312,0.015267447810602438,0.016936162720944253
2024-08-23,79.0199966430664,0.023042435856957033,0.01760593242312554
2024-08-26,81.43000030517578,0.030042816725578462,0.018578694482315
2024-08-27,79.55000305175781,-0.02335796608018862,0.018889791272892097
2024-08-28,78.6500015258789,-0.011378144241395544,0.018665020595268488
2024-08-29,79.94000244140625,0.01626873491849767,0.018976023348183477
2024-08-30,78.80000305175781,-0.014363348231936773,0.01841124075861269
2024-09-03,73.75,-0.06623204037179452,0.021872862577748373
2024-09-04,72.69999694824219,-0.014339652657867852,0.021822131343630275
2024-09-05,72.69000244140625,-0.00013748547896886746,0.021711535756536084
2024-09-06,71.05999755859375,-0.022679300847181554,0.02185288074991078
2024-09-09,71.83999633789062,0.010916816782121919,0.02194991332999455
2024-09-10,69.19000244140625,-0.03758499422177757,0.022682306440449926
2024-09-11,70.61000061035156,0.020315407375982024,0.02305339446174386
2024-09-12,71.97000122070312,0.019077596308752567,0.022769506331443
2024-09-13,71.61000061035156,-0.005014644938868862,0.02267367710471315
2024-09-16,72.75,0.01579416850948079,0.022146515759568622
2024-09-17,73.69999694824219,0.012973851735848209,0.022287892486465923
2024-09-18,73.6500015258789,-0.0006785941608353138,0.022278287534960042
2024-09-19,74.87999725341797,0.016562631862939887,0.022031437561371926
2024-09-20,74.48999786376953,-0.005221935979453926,0.021922036551926424
2024-09-23,73.9000015258789,-0.007952010908056948,0.02188981572870129
2024-09-24,75.16999816894531,0.0170393422284844,0.021202760090181662
2024-09-25,73.45999908447266,-0.023011162901943768,0.02129945298388602
2024-09-26,71.5999984741211,-0.02564597527314244,0.021643769774166637
2024-09-27,71.9800033569336,0.005293296632474206,0.021398879688902427
2024-09-30,71.7699966430664,-0.0029218346194295696,0.02125841874959258
2024-10-01,73.55999755859375,0.02463485187831503,0.021431127357148392
2024-10-02,73.9000015258789,0.004611482055242054,0.02144754573105117
2024-10-03,77.62000274658203,0.049112312723694575,0.023175779971846763
2024-10-04,78.05000305175781,0.005524524735738198,0.02303215168572319
2024-10-07,80.93000030517578,0.03623490121699517,0.023599189278825327
2024-10-08,77.18000030517578,-0.04744422721492033,0.024510624695536477
2024-10-09,76.58000183105469,-0.007804390104051903,0.024201156097159664
2024-10-10,79.4000015258789,0.036162417511209036,0.02505765639398543
2024-10-11,79.04000091552734,-0.004544322448007127,0.0248883067770709
2024-10-14,77.45999908447266,-0.02019240275545151,0.025023645010776335
2024-10-15,74.25,-0.04232388458444073,0.023172675171538447
2024-10-16,74.22000122070312,-0.0004041056032662,0.02300974337363829
2024-10-17,74.44999694824219,0.003094046059771714,0.023013301010075957
2024-10-18,73.05999755859375,-0.018846730188634263,0.022888782790125965
2024-10-21,74.29000091552734,0.016695377536730022,0.022999810958208727
2024-10-22,76.04000091552734,0.023283164172893427,0.02213644453542855
2024-10-23,74.95999908447266,-0.01430490394368236,0.022112946634064014
2024-10-24,74.37999725341797,-0.007767574146049832,0.02194023253909218
2024-10-25,76.05000305175781,0.022204007263037125,0.022239486852706013
2024-10-28,71.41999816894531,-0.06281314230514903,0.025016244176730703
2024-10-29,71.12000274658203,-0.0042092867038290025,0.024890782515118483
2024-10-30,72.55000305175781,0.019907391569766626,0.025187300077762775
2024-10-31,73.16000366210938,0.008372852184436027,0.02503992297563734
2024-11-01,73.0999984741211,-0.0008205276969572613,0.025025857027441065
2024-11-04,75.08000183105469,0.026725890224480225,0.02547277990450842
2024-11-05,75.52999877929688,0.005975676057168695,0.025305026476626757
2024-11-06,74.91999816894531,-0.00810905902776955,0.024978667340708176
2024-11-07,75.62999725341797,0.009432140416142947,0.024521835576251795
2024-11-08,73.87000274658203,-0.023546164829960876,0.024942866130715037
2024-11-11,71.83000183105469,-0.028004587143724242,0.025488563566890415
2024-11-12,71.88999938964844,0.0008349229274907661,0.025063096427228978
2024-11-13,72.27999877929688,0.005410284329790983,0.025069429341101474
2024-11-14,72.55999755859375,0.0038663233246620517,0.023262847285282343
2024-11-15,71.04000091552734,-0.021170660588751933,0.023465009372852508
2024-11-18,73.30000305175781,0.03131753895500344,0.023196133029574413
2024-11-19,73.30999755859375,0.0001363414065864249,0.021648815312583808
2024-11-20,72.80999755859375,-0.006843717057570064,0.021640205881886428
2024-11-21,74.2300033569336,0.019315151477437786,0.02082757682751178
2024-11-22,75.16999816894531,0.012583764477665318,0.02099643170311747
2024-11-25,73.01000213623047,-0.02915574350311125,0.02133016477533485
2024-11-26,72.80999755859375,-0.002743172451991986,0.01992608300754611
2024-11-27,72.83000183105469,0.0002747084958880715,0.019926760574600993
2024-11-29,72.94000244140625,0.0015092354806524578,0.01991864601275262
2024-12-02,71.83000183105469,-0.015334977273752324,0.019818286305686928
2024-12-03,73.62000274658203,0.024614523680213763,0.020106768647641333
2024-12-04,72.30999755859375,-0.01795436683461857,0.019846692539034275
2024-12-05,72.08999633789062,-0.00304711080645381,0.01970561265040395
2024-12-06,71.12000274658203,-0.013546657792723805,0.019799030473933686
2024-12-09,72.13999938964844,0.014240037190108341,0.01952178065550347
2024-12-10,72.19000244140625,0.0006928989555049538,0.01575230661733267
2024-12-11,73.5199966430664,0.018255866417045095,0.01605872303654527
2024-12-12,73.41000366210938,-0.0014972163788985707,0.0156652702244039
2024-12-13,74.48999786376953,0.014604643501710098,0.0158153359874348
2024-12-16,73.91000366210938,-0.007816673165080569,0.015888424683358982
2024-12-17,73.19000244140625,-0.009789353374783484,0.015182519519615616
2024-12-18,73.38999938964844,0.00272884527018541,0.015143709229706372
2024-12-19,72.87999725341797,-0.006973462975081408,0.01512662790389579
2024-12-20,72.94000244140625,0.0008230035866250031,0.015004629339125088
2024-12-23,72.62999725341797,-0.004259197049971501,0.014416123184307104
2024-12-24,73.58000183105469,0.012995252759856623,0.013648003910283483
2024-12-26,73.26000213623047,-0.0043584880516078055,0.013680475180374636
2024-12-27,74.16999816894531,0.012344944550955238,0.013821900167616417
2024-12-30,74.38999938964844,0.0029617849372990854,0.013816102288213752
2024-12-31,74.63999938964844,0.003355032363319517,0.01318036618556432
2025-01-02,75.93000030517578,0.01713531888249837,0.012304757024529909
2025-01-03,76.51000213623047,0.007609611920376469,0.01235853393712605
2025-01-06,76.30000305175781,-0.0027485008774552544,0.012286468359622965
2025-01-07,77.05000305175781,0.009781623086386816,0.011929526448694017
2025-01-08,76.16000366210938,-0.011618162806095103,0.011954454360892769
2025-01-09,76.91999816894531,0.009929458348387493,0.01068011692070143
2025-01-10,79.76000213623047,0.0362562555208976,0.012357513424228686
2025-01-13,81.01000213623047,0.015550477775546485,0.012552860108654591
2025-01-14,79.91999816894531,-0.013546518783156493,0.012932409739194309
2025-01-15,82.02999877929688,0.02605890770427604,0.01311062133250194
2025-01-16,81.29000091552734,-0.009062000112514115,0.012759466595236439
2025-01-17,80.79000091552734,-0.006169812197161495,0.012253827286346296
2025-01-21,79.29000091552734,-0.018741177992928564,0.012871099420355216
2025-01-22,79.0,-0.0036641763638535544,0.012550904546321226
2025-01-23,78.29000091552734,-0.009027959853146592,0.012583388826168935
2025-01-24,78.5,0.0026787321744879034,0.01257754115753482
2025-01-27,77.08000183105469,-0.01825475748694721,0.012794304438350355
2025-01-28,77.48999786376953,0.005305000906621637,0.012798232754949075
2025-01-29,76.58000183105469,-0.011812898248537868,0.012795868728742379
2025-01-30,76.87000274658203,0.0037797491317610073,0.012697548778043768
2025-01-31,76.76000213623047,-0.001432020121765803,0.012536316286707008
2025-02-03,75.95999908447266,-0.010476825078165336,0.012725279912627029
2025-02-04,76.19999694824219,0.003154548751955607,0.012636445130051941
2025-02-05,74.61000061035156,-0.02108686797930193,0.01329215235190681
2025-02-06,74.29000091552734,-0.00429818917657237,0.013292661412561786
2025-02-07,74.66000366210938,0.004968157049513478,0.013117377297709013
2025-02-10,75.87000274658203,0.01607686301421926,0.013385014494167428
2025-02-11,77.0,0.014784036302540793,0.013462437215863895
2025-02-12,75.18000030517578,-0.023920179658383733,0.014217887791632307
2025-02-13,75.0199966430664,-0.002130542288741826,0.014213209966450079
2025-02-14,74.73999786376953,-0.003739304431378567,0.013860574207490334
2025-02-18,75.83999633789062,0.01461041418427828,0.014059782257204487
2025-02-19,76.04000091552734,0.0026337200008458993,0.014061710625977874
2025-02-20,76.4800033569336,0.005769782975801222,0.013983216872264772
2025-02-21,74.43000030517578,-0.027170222164114025,0.014689732218840953
2025-02-24,74.77999877929688,0.004691362753051228,0.014589007510371265
2025-02-25,73.0199966430664,-0.02381712297034897,0.013380094390238942
2025-02-26,72.52999877929688,-0.006733077709692673,0.012928965975356909
2025-02-27,74.04000091552734,0.020605247525603197,0.013520770855270835
2025-02-28,73.18000030517578,-0.01168333630933562,0.012483356520889523
2025-03-03,71.62000274658203,-0.02154776084161021,0.012866896644117201
2025-03-04,71.04000091552734,-0.008131291348252717,0.012882112266143489
2025-03-05,69.30000305175781,-0.02479816133863946,0.013160910269664726
2025-03-06,69.45999908447266,0.002306083902520818,0.013218822459833636
2025-03-07,70.36000061035156,0.012873894408766146,0.01354881010712969
2025-03-10,69.27999877929688,-0.01546868190972197,0.013665285493916672
2025-03-11,69.55999755859375,0.0040334077539037365,0.01347741835012536
2025-03-12,70.94999694824219,0.019785706205021205,0.014047978327590473
2025-03-13,69.87999725341797,-0.01519591463166544,0.014134975890624402
2025-03-14,70.58000183105469,0.009967398228501609,0.014282474220836472
2025-03-17,71.06999969482422,0.006918458354695154,0.014391925167813064
2025-03-18,70.55999755859375,-0.007201925446680359,0.014342196396039458
2025-03-19,70.77999877929688,0.003113080572769103,0.014341638792861376
2025-03-20,72.0,0.017089661345179495,0.014325531460669437
2025-03-21,72.16000366210938,0.002219807488164401,0.014326145274083777
2025-03-24,73.0,0.011573514644171373,0.014470581567243904
2025-03-25,73.0199966430664,0.00027388910630211086,0.014120333195517117
2025-03-26,73.79000091552734,0.010489903222782648,0.013972911269438773
2025-03-27,74.02999877929688,0.0032471664882276013,0.013329918608467094
2025-03-28,73.62999725341797,-0.005417885887564567,0.013357150958860267
2025-03-31,74.73999786376953,0.014962881397040679,0.013640147955208112
2025-04-01,74.48999786376953,-0.0033505359650791173,0.013368212616923978
2025-04-02,74.94999694824219,0.006156324321256228,0.013412979209130734
2025-04-03,70.13999938964844,-0.06632794782122915,0.0179470207264141
2025-04-04,65.58000183105469,-0.06722243667269447,0.02103926484579299
2025-04-07,64.20999908447266,-0.021111851789805954,0.021189309418587956
2025-04-08,62.81999969482422,-0.021885458295066693,0.021133268718622394
2025-04-09,65.4800033569336,0.04147131451692063,0.022767519346995294
2025-04-10,63.33000183105469,-0.03338562432823125,0.02293712345195399
2025-04-11,64.76000213623047,0.022328982355065558,0.023441082285985806
2025-04-14,64.87999725341797,0.0018512056775789288,0.02322795062885502
2025-04-15,64.66999816894531,-0.003241980329212837,0.023209989225802526
2025-04-16,65.8499984741211,0.018082017872566945,0.023149949927870412
2025-04-17,67.95999908447266,0.03153987831492055,0.02392673202384067
2025-04-21,66.26000213623047,-0.02533285422029827,0.02419312845223267
2025-04-22,67.44000244140625,0.017651920782888627,0.024312780987109952
2025-04-23,66.12000274658203,-0.01976703540258393,0.024533652475419335
2025-04-24,66.55000305175781,0.006482276205560202,0.024250678988411493
2025-04-25,66.87000274658203,0.0047968864416069144,0.02415386718955662
2025-04-28,65.86000061035156,-0.015219190923715473,0.024180406482445786
2025-04-29,64.25,-0.024749562440298144,0.024453466491699577
2025-04-30,63.119998931884766,-0.017744064159688273,0.024585926935287463
2025-05-01,62.130001068115234,-0.015808678348420504,0.02464737299117161
2025-05-02,61.290000915527344,-0.01361226883195014,0.02436243526672228
2025-05-05,60.22999954223633,-0.0174461529799008,0.024415739884575384
2025-05-06,62.150001525878906,0.03138028305290159,0.025164320037034966
2025-05-07,61.119998931884766,-0.016711715125713435,0.02522411805329082
2025-05-08,62.84000015258789,0.0277526884330597,0.025801896457684097
2025-05-09,63.90999984741211,0.016884025459029856,0.02607731161941533
2025-05-12,64.95999908447266,0.016295840485066205,0.02636221867580865
2025-05-13,66.62999725341797,0.025383203593329427,0.026689699361888215
2025-05-14,66.08999633789062,-0.008137491281628058,0.026701049233702232
2025-05-15,64.52999877929688,-0.023887181040497734,0.026870316232781615
2025-05-16,65.41000366210938,0.013544994929198518,0.02442927922568645
2025-05-19,65.54000091552734,0.001985449279539095,0.02113540881155712
2025-05-20,65.37999725341797,-0.002444297953104836,0.020764581395153133
2025-05-21,64.91000366210938,-0.007214607822912097,0.020386023797527443
2025-05-22,64.44000244140625,-0.007267155268361538,0.018948397305731765
2025-05-23,64.77999877929688,0.005262298704079938,0.017923943674544203
2025-05-27,64.08999633789062,-0.010708606523327707,0.0175640038529605
2025-05-28,64.9000015258789,0.012559358845247061,0.017718337781939618
2025-05-29,64.1500015258789,-0.011623532373520932,0.01783707101004385
2025-05-30,63.900001525878906,-0.0039047295850964114,0.01750567586611644
2025-06-02,64.62999725341797,0.01135927151513094,0.016575078791400816
2025-06-03,65.62999725341797,0.015354209858351436,0.016233593445798396
2025-06-04,64.86000061035156,-0.011801756346676295,0.015998245379466074
2025-06-05,65.33999633789062,0.0073732398364828805,0.015682216418149257
2025-06-06,66.47000122070312,0.017146386292265985,0.015961861909252417
2025-06-09,67.04000091552734,0.008538733412048536,0.016015491667560604
2025-06-10,66.87000274658203,-0.002538992690918894,0.01576300779668604
2025-06-11,69.7699966430664,0.04245359269751738,0.016791561313661524
2025-06-12,69.36000061035156,-0.0058937285648106765,0.016428347158146592
2025-06-13,74.2300033569336,0.06785808508081347,0.019846360098942625
2025-06-16,73.2300033569336,-0.013563207438924146,0.01984469608809564
2025-06-17,76.44999694824219,0.04303167354278252,0.020450411690973194
2025-06-18,76.69999694824219,0.0032647761282511133,0.019978368884323083
2025-06-20,77.01000213623047,0.004033642705836338,0.019481772606845058
2025-06-23,71.4800033569336,-0.07451757403632567,0.024223299687182037
2025-06-24,67.13999938964844,-0.06263775479332342,0.026990976259665147
2025-06-25,67.68000030517578,0.008010737345906661,0.026878034386269515
2025-06-26,67.7300033569336,0.0007385429832113716,0.026492562199034637
2025-06-27,67.7699966430664,0.0005903068235299825,0.026441792135860596
2025-06-30,67.61000061035156,-0.002363659483687355,0.02603671878239461
2025-07-01,67.11000061035156,-0.007422836865179387,0.02598511751055249
2025-07-02,69.11000061035156,0.02936637366995736,0.02650190577667922
2025-07-03,68.80000305175781,-0.004495657638656478,0.026515791522785846
2025-07-04,68.29000091552734,-0.007440432916781375,0.02651844133509598
2025-07-07,69.58000183105469,0.018713839660154073,0.026639727640259146
2025-07-08,70.1500015258789,0.008158632260514456,0.026655109684809993
2025-07-09,70.19000244140625,0.0005700572250220184,0.026539417885887626
2025-07-10,68.63999938964844,-0.0223304392375125,0.026869857409269376
2025-07-11,70.36000061035156,0.024749482256414015,0.02706005987686408
2025-07-14,69.20999908447266,-0.01647958091853313,0.027268574131580202
2025-07-15,68.70999908447266,-0.007250611907048874,0.027275547831111364
2025-07-16,68.5199966430664,-0.0027691112545783292,0.02717100386294502
2025-07-17,69.5199966430664,0.01448880820593591,0.02715327854221094
2025-07-18,69.27999877929688,-0.003458186035497487,0.027155681828636494
2025-07-21,69.20999908447266,-0.0010108990088111345,0.027007285499414536
2025-07-22,68.58999633789062,-0.008998649505592557,0.027036024549834885
2025-07-23,68.51000213623047,-0.0011669469238256023,0.027031408211506798
2025-07-24,69.18000030517578,0.00973205672425079,0.025930799090356803
2025-07-25,68.44000244140625,-0.010754323224147226,0.02598219814429552
2025-07-28,70.04000091552734,0.02310903579293866,0.023044101192580338
2025-07-29,72.51000213623047,0.03465799235554147,0.023872055997303722
2025-07-30,73.23999786376953,0.010017177794086625,0.022527314142772016
2025-07-31,72.52999877929688,-0.009741438093771038,0.02255898101800588
2025-08-01,69.66999816894531,-0.04023046978479766,0.023584235952545014
2025-08-04,68.76000213623047,-0.013147571177630796,0.01950643322342154
2025-08-05,67.63999938964844,-0.01642269657572258,0.016005471684506698
2025-08-06,66.88999938964844,-0.01115004500123869,0.016067175719793124
2025-08-07,66.43000030517578,-0.006900703734515914,0.0161091313889171
2025-08-08,66.58999633789062,0.002405594856549754,0.016117342665584924
2025-08-11,66.62999725341797,0.0006005242253979446,0.01611515164896797
2025-08-12,66.12000274658203,-0.007683570860866995,0.016119091225858334
2025-08-13,65.62999725341797,-0.007438447856035271,0.015138732890382214
2025-08-14,66.83999633789062,0.018268782301862362,0.015559596183265094
2025-08-15,65.8499984741211,-0.014922243920754084,0.015726061556035228
2025-08-18,66.5999984741211,0.01132514961799989,0.015458811602047044
2025-08-19,65.79000091552734,-0.012236689621437815,0.015469727213321042
2025-08-20,66.83999633789062,0.015833783924191918,0.015809180217034258
2025-08-21,67.66999816894531,0.012341274247542463,0.015508176245254248
2025-08-22,67.7300033569336,0.0008863396047325279,0.014763920695262663
2025-08-25,68.80000305175781,0.015674526505964206,0.014788789700055175
2025-08-26,67.22000122070312,-0.02323294883946215,0.015329590602082466
2025-08-27,68.05000305175781,0.012271933486510865,0.015505582145244915
2025-08-28,68.62000274658203,0.008341303512981927,0.015344144657047677
2025-08-29,68.12000274658203,-0.0073131813420259815,0.015386424703585968
2025-09-02,69.13999938964844,0.014862529551468613,0.01564130524143282
2025-09-03,67.5999984741211,-0.02252546518897004,0.01609698156776504
2025-09-04,66.98999786376953,-0.009064637845365636,0.01617292714269487
2025-09-05,65.5,-0.022493179990173053,0.01651932724448298
2025-09-08,66.0199966430664,0.007907532936617527,0.01652274050630053
2025-09-09,66.38999938964844,0.005588757959818188,0.015932999688581726
2025-09-10,67.48999786376953,0.01643297356512486,0.014802983618489259
2025-09-11,66.37000274658203,-0.016734218562049485,0.014835424665622644
2025-09-12,66.98999786376953,0.009298134090662317,0.014956377005182273
2025-09-15,67.44000244140625,0.006695027263380272,0.013246477984774572
2025-09-16,68.47000122070312,0.015157361066503231,0.013365129854610963
2025-09-17,67.94999694824219,-0.0076236152759259716,0.01308919958265964
2025-09-18,67.44000244140625,-0.007533745790577349,0.012997854914766621
2025-09-19,66.68000030517578,-0.011333287435445072,0.01310694914964506
2025-09-22,66.56999969482422,-0.0016510414309863035,0.013103536945638454
2025-09-23,67.62999725341797,0.01579760994663083,0.01341793381823815
2025-09-24,69.30999755859375,0.024537529730489064,0.01401678138068897
2025-09-25,69.41999816894531,0.0015858233517196865,0.013913225470238098
2025-09-26,70.12999725341797,0.010175639327497816,0.013660489787276072
2025-09-29,67.97000122070312,-0.03128417406667901,0.014634836188880592
2025-09-30,67.0199966430664,-0.014075417097358111,0.014754525270896757
2025-10-01,65.3499984741211,-0.025233615499730706,0.015312829379109553
2025-10-02,64.11000061035156,-0.019157049201351903,0.015380033884588102
2025-10-03,64.52999877929688,0.0065298455113709025,0.015237055143173703
2025-10-06,65.47000122070312,0.014461828067311586,0.01551204640575694
2025-10-07,65.44999694824219,-0.0003055953696363721,0.015185995887838059
2025-10-08,66.25,0.012149019137739343,0.014822703793175317
2025-10-09,65.22000122070312,-0.015669275788459478,0.014871275597987746
2025-10-10,62.72999954223633,-0.03892639426658475,0.016242612388485952
2025-10-13,63.31999969482422,0.009361435381944337,0.016374391749271206
2025-10-14,62.38999938964844,-0.014796233853379696,0.016188262809304306
2025-10-15,61.90999984741211,-0.007723281273384103,0.01580708964432205
2025-10-16,61.060001373291016,-0.013824705268891145,0.01589443149691856
2025-10-17,61.290000915527344,0.0037597026376934807,0.015507276276709486
2025-10-20,61.0099983215332,-0.004578954782848648,0.015393384417984822
2025-10-21,61.31999969482422,0.0050682913744178135,0.01538409189369515
2025-10-22,62.59000015258789,0.020499474347666368,0.015574746496915955
2025-10-23,65.98999786376953,0.05289765964879074,0.01832749254596862
2025-10-24,65.94000244140625,-0.0007579083550496586,0.01823969844233996
2025-10-27,65.62000274658203,-0.0048647052794245395,0.01820394458168957
2025-10-28,64.4000015258789,-0.018766912584742758,0.01822497436878458
2025-10-29,64.91999816894531,0.008042057637524991,0.018283889092612568
2025-10-30,65.0,0.0012315554540326826,0.018254495794596023
2025-10-31,65.06999969482422,0.0010763389212942712,0.018157966714375005
2025-11-03,64.88999938964844,-0.002770089589796132,0.018160893193639786
2025-11-04,64.44000244140625,-0.0069589230318593525,0.017915073069311824
2025-11-05,63.52000045776367,-0.014379772049788677,0.017356693836787566
2025-11-06,63.380001068115234,-0.002206453030152947,0.017336636093743644
2025-11-07,63.630001068115234,0.00393670291571288,0.01720966596906456
2025-11-10,64.05999755859375,0.0067350320387206605,0.016456856014443983
2025-11-11,65.16000366210938,0.017025733865876153,0.016646810482928945
2025-11-12,62.709999084472656,-0.03832492998009837,0.017457496163959235
2025-11-13,63.0099983215332,0.004772507360316131,0.01716114555732853
2025-11-14,64.38999938964844,0.02166491475524948,0.017594277432308514
2025-11-17,64.19999694824219,-0.0029551689103654664,0.01738425202516745
2025-11-18,64.88999938964844,0.010690356066389406,0.017507312940161397
2025-11-19,63.5099983215332,-0.021496171840638192,0.017759071099832168
2025-11-20,63.380001068115234,-0.002048976271162809,0.01755483525656897
2025-11-21,62.560001373291016,-0.013022252926696143,0.016208090503336894
2025-11-24,63.369998931884766,0.012864428291568274,0.01629093833024133
2025-11-25,62.47999954223633,-0.014144048275339164,0.01627089907776869
2025-11-26,63.130001068115234,0.010349611093964038,0.016307776300537997
2025-11-28,63.20000076293945,0.0011082039258071702,0.01607697961995687
2025-12-01,63.16999816894531,-0.0004748373001733858,0.01607184934359929
2025-12-02,62.45000076293945,-0.011463227136073771,0.016202970212115305
2025-12-03,62.66999816894531,0.0035165862307886425,0.016191273587769697
2025-12-04,63.2599983215332,0.009370356325492936,0.015846425159493503
2025-12-05,63.75,0.00771599269386263,0.01246729034092673
2025-12-08,62.4900016784668,-0.01996261323777931,0.012930836777905106
2025-12-09,61.939998626708984,-0.008840418427010924,0.012983686191023741
2025-12-10,62.209999084472656,0.004349591436459808,0.012630778393663326
2025-12-11,61.279998779296875,-0.015062238297959723,0.012754542588352088
2025-12-12,61.119998931884766,-0.002614378129687933,0.012741059009229975
2025-12-15,60.560001373291016,-0.009204495576828517,0.012792184556256612
2025-12-16,58.91999816894531,-0.02745407128826342,0.013586378292207659
2025-12-17,59.68000030517578,0.01281640049157498,0.013875228453537568
2025-12-18,59.81999969482422,0.002343087091193699,0.013718951022721864
2025-12-19,60.470001220703125,0.01080734637180837,0.013916539299699065
2025-12-22,62.06999969482422,0.02611538103687975,0.01478121546713884
2025-12-23,62.380001068115234,0.004981952793454131,0.014753726955970468
2025-12-24,62.2400016784668,-0.0022468214645863815,0.014361283958474032
2025-12-26,60.63999938964844,-0.026043175568838114,0.013420398850809123
2025-12-29,61.939998626708984,0.02121142110479338,0.013992648050492834
2025-12-30,61.91999816894531,-0.00032295266357063333,0.013348829048970697
2025-12-31,60.849998474121094,-0.01743140535270956,0.013668403072447445
2026-01-02,60.75,-0.0016447121368073046,0.013464143172379848
2026-01-05,61.7599983215332,0.016488796318615113,0.013372461027067536
2026-01-06,60.70000076293945,-0.017312167904801525,0.013702723519829967
2026-01-07,59.959999084472656,-0.012266052669043024,0.013681362015224498
2026-01-08,61.9900016784668,0.03329545082481151,0.01487326615253336
2026-01-09,63.34000015258789,0.0215439347292828,0.015187590006231683
2026-01-12,63.869998931884766,0.0083327073307053,0.015146691826869918
2026-01-13,65.47000122070312,0.024742290248000683,0.01578652654521396
2026-01-14,66.5199966430664,0.015910562761470213,0.016009310272937522
2026-01-15,63.7599983215332,-0.042376595702500956,0.017783807905901027
2026-01-16,64.12999725341797,0.005786222175223866,0.017801057723074522
2026-01-20,64.91999816894531,0.012243484109182858,0.017856579098635243
2026-01-21,65.23999786376953,0.004917030567025608,0.017826827853460257
2026-01-22,64.05999755859375,-0.018252638938862076,0.017760863228192904
2026-01-23,65.87999725341797,0.028014757548990164,0.018334468491524966
2026-01-26,65.58999633789062,-0.004411674146464803,0.018366418292148825
2026-01-27,67.56999969482422,0.02974090357535081,0.018768228771029648
2026-01-28,68.4000015258789,0.012208753889031485,0.018803413103631067
2026-01-29,70.70999908447266,0.03321414573183764,0.01938158165902488
2026-01-30,70.69000244140625,-0.00028283794885322443,0.01841549869491475
2026-02-02,66.30000305175781,-0.0641142114983147,0.022374508665813413
2026-02-03,67.33000183105469,0.01541598653107164,0.022478133367910186
2026-02-04,69.45999908447266,0.031145104382869583,0.022993108685782325
2026-02-05,67.55000305175781,-0.027882924551317922,0.02336296528820708
2026-02-06,68.05000305175781,0.007374664359321896,0.023374680898242038
2026-02-09,69.04000091552734,0.01444328609270671,0.023446468773113814
2026-02-10,68.80000305175781,-0.0034822707397552475,0.022821140786978937
2026-02-11,69.4000015258789,0.008683100203244299,0.022612946654023913
2026-02-12,67.5199966430664,-0.027463088929404262,0.02331518607056549
2026-02-13,67.75,0.0034006591897283015,0.022997256502453385
2026-02-16,67.77999877929688,0.00044268840931142135,0.02298405631479481
