Price,Close,Returns,Volatility_30d
Ticker,CL=F,,
Date,,,
2018-01-02,60.369998931884766,,
2018-01-03,61.630001068115234,0.020656507189724515,
2018-01-04,62.0099983215332,0.00614685298886259,
2018-01-05,61.439998626708984,-0.009234568806432161,
2018-01-08,61.72999954223633,0.004708962502551161,
2018-01-09,62.959999084472656,0.019729560577509075,
2018-01-10,63.56999969482422,0.009642066579956643,
2018-01-11,63.79999923706055,0.0036115222447539275,
2018-01-12,64.30000305175781,0.007806500312368358,
2018-01-16,63.72999954223633,-0.008904276561471199,
2018-01-17,63.970001220703125,0.003758840401134642,
2018-01-18,63.95000076293945,-0.00031270258937618977,
2018-01-19,63.369998931884766,-0.009110993474894684,
2018-01-22,63.4900016784668,0.001891893138863068,
2018-01-23,64.47000122070312,0.015317578637895804,
2018-01-24,65.61000061035156,0.01752811440254249,
2018-01-25,65.51000213623047,-0.001525297306496073,
2018-01-26,66.13999938964844,0.009570862972459189,
2018-01-29,65.55999755859375,-0.008807981689107937,
2018-01-30,64.5,-0.016300492834635933,
2018-01-31,64.7300033569336,0.0035596006162437266,
2018-02-01,65.80000305175781,0.01639506029259812,
2018-02-02,65.44999694824219,-0.005333438981976317,
2018-02-05,64.1500015258789,-0.02006233088083776,
2018-02-06,63.38999938964844,-0.011918004180194362,
2018-02-07,61.790000915527344,-0.025564556777916102,
2018-02-08,61.150001525878906,-0.010411666803414545,
2018-02-09,59.20000076293945,-0.032408332308778695,
2018-02-12,59.290000915527344,0.0015191183833392706,
2018-02-13,59.189998626708984,-0.001688087659558984,
2018-02-14,60.599998474121094,0.023542282394517684,0.013787713345384785
2018-02-15,61.34000015258789,0.012137293277932485,0.013433480020372163
2018-02-16,61.68000030517578,0.005527573029119597,0.013423931190162166
2018-02-20,61.900001525878906,0.003560470138458665,0.013329187642006513
2018-02-21,61.68000030517578,-0.003560470138458674,0.013319269695079617
2018-02-22,62.77000045776367,0.01751752541935391,0.013211816746624513
2018-02-23,63.54999923706055,0.012349726007966917,0.01328968801326842
2018-02-26,63.90999984741211,0.005648855644525698,0.013314018119428447
2018-02-27,63.0099983215332,-0.01418242395878518,0.013476975493978138
2018-02-28,61.63999938964844,-0.0219824167658218,0.013955355869283618
2018-03-01,60.9900016784668,-0.010601056721314872,0.014028622532819057
2018-03-02,61.25,0.004253905596111183,0.014067682672170487
2018-03-05,62.56999969482422,0.021322075708085825,0.014583127140803509
2018-03-06,62.599998474121094,0.00047932859806791545,0.014577672934535508
2018-03-07,61.150001525878906,-0.023435366644760786,0.014844950645974977
2018-03-08,60.119998931884766,-0.016987339967843584,0.01463436299650516
2018-03-09,62.040000915527344,0.031436805947001524,0.015922798557561263
2018-03-12,61.36000061035156,-0.011021186059327283,0.01585880357801766
2018-03-13,60.709999084472656,-0.010649752944055874,0.01588760169309674
2018-03-14,60.959999084472656,0.0041094822978934254,0.01571506414360425
2018-03-15,61.189998626708984,0.0037658586714884213,0.015717571638426162
2018-03-16,62.34000015258789,0.018619521755477236,0.01581169770117423
2018-03-19,62.060001373291016,-0.0045015956381889415,0.01580601699607586
2018-03-20,63.400001525878906,0.021362204361996144,0.015961806662792254
2018-03-21,65.16999816894531,0.02753532673702921,0.016592271554812615
2018-03-22,64.30000305175781,-0.013439533542886002,0.016064084425102123
2018-03-23,65.87999725341797,0.02427518491394428,0.01643407690261527
2018-03-26,65.55000305175781,-0.005021606852867193,0.015138638899787582
2018-03-27,65.25,-0.004587210563088244,0.015205652381432918
2018-03-28,64.37999725341797,-0.01342306299418,0.015483939017395119
2018-03-29,64.94000244140625,0.008660821060875384,0.015028242001063145
2018-04-02,63.0099983215332,-0.030170386953636243,0.016025797294027623
2018-04-03,63.5099983215332,0.007903930070635121,0.016055328406775635
2018-04-04,63.369998931884766,-0.002206800906290759,0.01605782574496938
2018-04-05,63.540000915527344,0.002679096769840704,0.016040035202254856
2018-04-06,62.060001373291016,-0.02356796210137278,0.016331578733427412
2018-04-09,63.41999816894531,0.021677559089645637,0.016667610520695587
2018-04-10,65.51000213623047,0.03242359511469172,0.01767094526596433
2018-04-11,66.81999969482422,0.019799597008466598,0.017764725777448448
2018-04-12,67.06999969482422,0.0037344132000591205,0.017180581469857747
2018-04-13,67.38999938964844,0.004759784339583373,0.016994877699492775
2018-04-16,66.22000122070312,-0.017514079347965616,0.017413444008527644
2018-04-17,66.5199966430664,0.004520053306543673,0.017057098940127264
2018-04-18,68.47000122070312,0.028893107101564203,0.017742511532025117
2018-04-19,68.29000091552734,-0.002632354581802357,0.017067903486624243
2018-04-20,68.37999725341797,0.0013169876652411522,0.016624993976509257
2018-04-23,68.63999938964844,0.0037951022429367686,0.015814898068022512
2018-04-24,67.69999694824219,-0.013789311447073672,0.015909548879649092
2018-04-25,68.05000305175781,0.005156639102725636,0.015692662699303372
2018-04-26,68.19000244140625,0.0020551883922655494,0.015695767641343384
2018-04-27,68.0999984741211,-0.001320771586534787,0.01572288486201935
2018-04-30,68.56999969482422,0.006877926096678816,0.015479507582833358
2018-05-01,67.25,-0.0194380983637517,0.01596745265820287
2018-05-02,67.93000030517578,0.010060749213765794,0.015641408647056314
2018-05-03,68.43000030517578,0.007333561728370286,0.014936516562466862
2018-05-04,69.72000122070312,0.018675908736386148,0.014970276933314559
2018-05-07,70.7300033569336,0.01438262034866796,0.014582525793680372
2018-05-08,69.05999755859375,-0.02389420189925151,0.01530164501439219
2018-05-09,71.13999938964844,0.029674101330838587,0.01607236679084187
2018-05-10,71.36000061035156,0.0030877388841611363,0.015774760023345966
2018-05-11,70.69999694824219,-0.009291967087251862,0.01590947820430206
2018-05-14,70.95999908447266,0.003670795361668975,0.014637641882541502
2018-05-15,71.30999755859375,0.004920210704387577,0.014620051724923604
2018-05-16,71.48999786376953,0.0025210140935399555,0.014577806519370788
2018-05-17,71.48999786376953,0.0,0.014594493621192025
2018-05-18,71.27999877929688,-0.0029417838601425387,0.01371369425451786
2018-05-21,72.23999786376953,0.01337811350034388,0.013438618514775564
2018-05-22,72.12999725341797,-0.0015238711000726678,0.012379923976273135
2018-05-23,71.83999633789062,-0.004028635419327346,0.012038469692254469
2018-05-24,70.70999908447266,-0.01585438034951958,0.012487292980623819
2018-05-25,67.87999725341797,-0.0408455927648049,0.014691193749894294
2018-05-29,66.7300033569336,-0.017086722681981487,0.014673580131284466
2018-05-30,68.20999908447266,0.02193649102271442,0.015183775673654008
2018-05-31,67.04000091552734,-0.017301698414179657,0.014570321140325082
2018-06-01,65.80999755859375,-0.018517704460035086,0.014927117297941123
2018-06-04,64.75,-0.01623806479057945,0.01516588856385183
2018-06-05,65.5199966430664,0.011821687729915256,0.01533815536016097
2018-06-06,64.7300033569336,-0.012130563891592018,0.015295445994082847
2018-06-07,65.94999694824219,0.01867200847154138,0.015692030324209034
2018-06-08,65.73999786376953,-0.0031892971485785113,0.015685515057069308
2018-06-11,66.0999984741211,0.005461188032305954,0.015732808592309997
2018-06-12,66.36000061035156,0.003925750746586666,0.015691053024295864
2018-06-13,66.63999938964844,0.004210514179824164,0.015327417009842453
2018-06-14,66.88999938964844,0.0037444813059607446,0.015223164453111285
2018-06-15,65.05999755859375,-0.027739586485863523,0.015930043276398638
2018-06-18,65.8499984741211,0.012069521497501344,0.015682638011108013
2018-06-19,65.06999969482422,-0.01191579620031723,0.015474516035641886
2018-06-20,66.22000122070312,0.017518941736223727,0.01537288840087322
2018-06-21,65.54000091552734,-0.01032189331350062,0.014280613059925142
2018-06-22,68.58000183105469,0.045340316494662865,0.016745346499525585
2018-06-25,68.08000183105469,-0.007317462573566154,0.016716807117384446
2018-06-26,70.52999877929688,0.03535462275176336,0.017991255569224505
2018-06-27,72.76000213623047,0.03112824909736344,0.0188637189677817
2018-06-28,73.44999694824219,0.009438478061228498,0.018929276769840398
2018-06-29,74.1500015258789,0.009485228091106789,0.01899280743262212
2018-07-02,73.94000244140625,-0.0028361026349797824,0.018992019120290658
2018-07-03,74.13999938964844,0.002701202962933401,0.018855904115637544
2018-07-05,72.94000244140625,-0.016317970638201288,0.019112256310749327
2018-07-06,73.80000305175781,0.011721554106192324,0.019203306255947503
2018-07-09,73.8499984741211,0.0006772153573633642,0.018941437680962177
2018-07-10,74.11000061035156,0.003514495883498062,0.017175027660306704
2018-07-11,70.37999725341797,-0.051641391330616813,0.019557010356712944
2018-07-12,70.33000183105469,-0.0007106165132889648,0.019185506223038884
2018-07-13,71.01000213623047,0.00962226592240436,0.018926868078110053
2018-07-16,68.05999755859375,-0.042431109076140665,0.020272891335700358
2018-07-17,68.08000183105469,0.00029387795937410675,0.020007725896397613
2018-07-18,68.76000213623047,0.009938700421820984,0.019977717309907002
2018-07-19,69.45999908447266,0.010128822552714434,0.019862863410931044
2018-07-20,70.45999908447266,0.014294125784229126,0.0197546065438837
2018-07-23,67.88999938964844,-0.03715642059626159,0.021008085687591986
2018-07-24,68.5199966430664,0.009236885140638088,0.021046557673919625
2018-07-25,69.30000305175781,0.011319325768873434,0.021122744909973606
2018-07-26,69.61000061035156,0.004463293715968441,0.02112393650762463
2018-07-27,68.69000244140625,-0.013304580180562207,0.02128886826599634
2018-07-30,70.12999725341797,0.020746959616493442,0.02087732109183847
2018-07-31,68.76000213623047,-0.01972841180209329,0.02117979098338405
2018-08-01,67.66000366210938,-0.016126994104835788,0.021285064947558476
2018-08-02,68.95999908447266,0.01903139560149259,0.02132655345524189
2018-08-03,68.48999786376953,-0.00683889505981519,0.02127021949830034
2018-08-06,69.01000213623047,0.007563734568471767,0.01963900159132978
2018-08-07,69.16999816894531,0.002315763552803334,0.019590401564835658
2018-08-08,66.94000244140625,-0.03277048388594873,0.01936146549392205
2018-08-09,66.80999755859375,-0.0019439988598822337,0.018339982185480535
2018-08-10,67.62999725341797,0.012198897580101177,0.01841051778176103
2018-08-13,67.19999694824219,-0.006378428858918981,0.01827424007477029
2018-08-14,67.04000091552734,-0.002383732285778536,0.0182748060963598
2018-08-15,65.01000213623047,-0.03074833275385607,0.018907668133317693
2018-08-16,65.45999908447266,0.006898118010571065,0.018877311541112576
2018-08-17,65.91000366210938,0.006850975539922858,0.01876152673557069
2018-08-20,66.43000030517578,0.007858535644195514,0.01886573493907807
2018-08-21,67.3499984741211,0.013754113929317757,0.019088879815469948
2018-08-22,67.86000061035156,0.007543888149947107,0.016833754777039737
2018-08-23,67.83000183105469,-0.0004421663976104578,0.016834103710533347
2018-08-24,68.72000122070312,0.01303569348668333,0.016921129057885672
2018-08-27,68.87000274658203,0.0021804139978474028,0.015015993329702642
2018-08-28,68.52999877929688,-0.004949121652230478,0.015047680665867622
2018-08-29,69.51000213623047,0.01419907006005148,0.015162234996565617
2018-08-30,70.25,0.01058965036875404,0.015172701232624727
2018-08-31,69.80000305175781,-0.006426254724070705,0.014987812015310121
2018-09-04,69.87000274658203,0.0010023583844642559,0.013274568071278237
2018-09-05,68.72000122070312,-0.016596116434815854,0.013553961179722185
2018-09-06,67.7699966430664,-0.013920725825625271,0.013616565225162315
2018-09-07,67.75,-0.0002951098539973883,0.013581483018187037
2018-09-10,67.54000091552734,-0.003104431247053491,0.013386584288779826
2018-09-11,69.25,0.02500311655469109,0.013640362052164219
2018-09-12,70.37000274658203,0.016043929941590585,0.013456675354677837
2018-09-13,68.58999633789062,-0.02562037688911148,0.013969608723604402
2018-09-14,68.98999786376953,0.0058148374737403115,0.013566151052931115
2018-09-17,68.91000366210938,-0.001160177081185859,0.013506714959785305
2018-09-18,69.8499984741211,0.013548705345408137,0.013662474570844256
2018-09-19,71.12000274658203,0.01801856596674123,0.014034015756016208
2018-09-20,70.80000305175781,-0.004509586021033774,0.012565804668187979
2018-09-21,70.77999877929688,-0.00028258613272128186,0.012552075204483603
2018-09-24,72.08000183105469,0.018200181032295953,0.012767444741352227
2018-09-25,72.27999877929688,0.00277081013232352,0.01266621277810024
2018-09-26,71.56999969482422,-0.009871461349007222,0.012836945127170846
2018-09-27,72.12000274658203,0.0076554489321280055,0.011257803309655529
2018-09-28,73.25,0.015546811478560787,0.011457851614407691
2018-10-01,75.30000305175781,0.027601927436662597,0.012250570620147033
2018-10-02,75.2300033569336,-0.0009300431394371297,0.012271059847634085
2018-10-03,76.41000366210938,0.015563493392167537,0.01232424017394158
2018-10-04,74.33000183105469,-0.02759896221524061,0.013600252032743551
2018-10-05,74.33999633789062,0.0001344522361483967,0.01359557423622544
2018-10-08,74.29000091552734,-0.0006727501200671998,0.013478414854312618
2018-10-09,74.95999908447266,0.00897826022921113,0.013528204393157186
2018-10-10,73.16999816894531,-0.024169149845347494,0.014339804751834957
2018-10-11,70.97000122070312,-0.030528206134113146,0.015337911108999042
2018-10-12,71.33999633789062,0.005199858860398922,0.015249299069109887
2018-10-15,71.77999877929688,0.006148740115727923,0.015224780296406951
2018-10-16,71.91999816894531,0.0019484959904731772,0.015225910138099433
2018-10-17,69.75,-0.030636944002285952,0.0159813581143692
2018-10-18,68.6500015258789,-0.015896266260562814,0.01604674674003573
2018-10-19,69.12000274658203,0.006823009791317145,0.01608822600552712
2018-10-22,69.16999816894531,0.0007230519084597641,0.01607245246092344
2018-10-23,66.43000030517578,-0.040418449869593934,0.017081170664758304
2018-10-24,66.81999969482422,0.005853666090383047,0.01682196643821261
2018-10-25,67.33000183105469,0.00760349739093885,0.01627950706255668
2018-10-26,67.58999633789062,0.0038540591786137028,0.016256709824941328
2018-10-29,67.04000091552734,-0.008170519100769042,0.01631408266242595
2018-10-30,66.18000030517578,-0.012911162725496344,0.01622003017751623
2018-10-31,65.30999755859375,-0.013233180572013841,0.01590384595881476
2018-11-01,63.689998626708984,-0.02511758371159087,0.016415249198659592
2018-11-02,63.13999938964844,-0.008673069357953655,0.01642952440108491
2018-11-05,63.099998474121094,-0.0006337280979558382,0.015911244785937608
2018-11-06,62.209999084472656,-0.014205001555045851,0.01594795439287289
2018-11-07,61.66999816894531,-0.00871818449797804,0.015937195804493154
2018-11-08,60.66999816894531,-0.016348247538583063,0.01588432680591719
2018-11-09,60.189998626708984,-0.007943109029898072,0.015368247495736839
2018-11-12,59.93000030517578,-0.004328983181448226,0.013963218862310653
2018-11-13,55.689998626708984,-0.073376646620283,0.018345194157881547
2018-11-14,56.25,0.010005468142514734,0.018104350223816273
2018-11-15,56.459999084472656,0.0037263655253099107,0.017969716215180002
2018-11-16,56.459999084472656,0.0,0.017967333237317435
2018-11-19,56.7599983215332,0.005299416110705423,0.018097347256077003
2018-11-20,53.43000030517578,-0.06045943103917139,0.020056816585600223
2018-11-21,54.630001068115234,0.022210810278059955,0.020803153901056252
2018-11-23,50.41999816894531,-0.08019531651569936,0.024211661725213593
2018-11-26,51.630001068115234,0.023715034135703316,0.0248761444841731
2018-11-27,51.560001373291016,-0.0013567148736369913,0.024737390108379272
2018-11-28,50.290000915527344,-0.02493993631696902,0.024738099398551656
2018-11-29,51.45000076293945,0.0228042087199823,0.02526276327557397
2018-11-30,50.93000030517578,-0.010158330220237167,0.025239417872210474
2018-12-03,52.95000076293945,0.038895939567516,0.026616217919340712
2018-12-04,53.25,0.005649718133442082,0.02669262149426819
2018-12-06,51.4900016784668,-0.03361015793356702,0.026441578076677335
2018-12-07,52.61000061035156,0.02151858068818452,0.026885589538168095
2018-12-10,51.0,-0.031080594619826298,0.027040140279384183
2018-12-11,51.650001525878906,0.012664592383991308,0.027234623321954577
2018-12-12,51.150001525878906,-0.009727702879227465,0.027234539526789975
2018-12-13,52.58000183105469,0.0275733318968116,0.028026455873685092
2018-12-14,51.20000076293945,-0.02659630717927811,0.028223455390068874
2018-12-17,49.880001068115234,-0.026119404721090145,0.02824485295735849
2018-12-18,46.2400016784668,-0.07577488156238919,0.030826856094146555
2018-12-19,47.20000076293945,0.020548648092337266,0.031296879810362464
2018-12-20,45.880001068115234,-0.028364593213682888,0.031473782304657916
2018-12-21,45.59000015258789,-0.006340917969488425,0.031480502276462506
2018-12-24,42.529998779296875,-0.06947871700893406,0.033288441923029065
2018-12-26,46.220001220703125,0.08320295069357107,0.03754389981978857
2018-12-27,44.61000061035156,-0.03545456843482844,0.037844863204170194
2018-12-28,45.33000183105469,0.016011042524521263,0.03615098745218655
2018-12-31,45.40999984741211,0.0017632364029936884,0.03604956230989876
2019-01-02,46.540000915527344,0.024579835796350404,0.036464889235290524
2019-01-03,47.09000015258789,0.011748489949825535,0.03659928337884263
2019-01-04,47.959999084472656,0.018306643574110024,0.03681477004306142
2019-01-07,48.52000045776367,0.011608782440465858,0.03543823218621485
2019-01-08,49.779998779296875,0.025637178907101554,0.035528402194928185
2019-01-09,52.36000061035156,0.050529680281041586,0.03371703348712458
2019-01-10,52.59000015258789,0.004383037804186959,0.03345677676299223
2019-01-11,51.59000015258789,-0.019198132288453507,0.033651024174533875
2019-01-14,50.5099983215332,-0.021156554964686724,0.033561229153260284
2019-01-15,52.11000061035156,0.03118557738430152,0.03379045707547528
2019-01-16,52.310001373291016,0.003830703001577877,0.0337358536781939
2019-01-17,52.06999969482422,-0.004598622321521806,0.03297221606471648
2019-01-18,53.79999923706055,0.032684491672775574,0.03351275786891614
2019-01-22,52.56999969482422,-0.023127843960483143,0.03319973734887059
2019-01-23,52.619998931884766,0.0009506462872664309,0.03296637291444147
2019-01-24,53.130001068115234,0.009645505253166787,0.03247699442894151
2019-01-25,53.689998626708984,0.010484978289667176,0.03245327133173841
2019-01-28,51.9900016784668,-0.03217531417628511,0.032970742199639455
2019-01-29,53.310001373291016,0.025072531915106076,0.0329031367535762
2019-01-30,54.22999954223633,0.017110295816671183,0.0326303346946757
2019-01-31,53.790000915527344,-0.008146659106265738,0.03226074361403628
2019-02-01,55.2599983215332,0.026961695815726383,0.028946026362580403
2019-02-04,54.560001373291016,-0.012748250415781795,0.029004869837943596
2019-02-05,53.65999984741211,-0.016633196551623958,0.028618408859730105
2019-02-06,54.0099983215332,0.0065013413739636915,0.028535424455545386
2019-02-07,52.63999938964844,-0.025692908105598683,0.02552081388829911
2019-02-08,52.720001220703125,0.0015186379264741983,0.021096314172726432
2019-02-11,52.40999984741211,-0.005897503446063548,0.019823300520264292
2019-02-12,53.099998474121094,0.01307948960929561,0.019776213271235077
2019-02-13,53.900001525878906,0.014953606712449281,0.019841996787153402
2019-02-14,54.40999984741211,0.009417451469032376,0.019535600319838756
2019-02-15,55.59000015258789,0.021455374016833284,0.01972711403265348
2019-02-19,56.09000015258789,0.008954214530398831,0.019591699017251312
2019-02-20,56.91999816894531,0.014689194812078006,0.019634364892929745
2019-02-21,56.959999084472656,0.0007025099778222755,0.019269116402260946
2019-02-22,57.2599983215332,0.0052530193263338135,0.017201015070383442
2019-02-25,55.47999954223633,-0.03157968316122804,0.01831694851820463
2019-02-26,55.5,0.00036043355672539453,0.017887448324540974
2019-02-27,56.939998626708984,0.025615036979289976,0.017798373208238412
2019-02-28,57.220001220703125,0.004905451223789678,0.017044687485118223
2019-03-01,55.79999923706055,-0.025129653240953367,0.017806041009629424
2019-03-04,56.59000015258789,0.014058438136292851,0.017887729008352785
2019-03-05,56.560001373291016,-0.0005302479822395995,0.01697738136980356
2019-03-06,56.220001220703125,-0.006029458677213597,0.016393225790833812
2019-03-07,56.65999984741211,0.007795904517971459,0.016422308995896466
2019-03-08,56.06999969482422,-0.010467587016509156,0.016529297049968663
2019-03-11,56.790000915527344,0.01275936531780135,0.016575678004336996
2019-03-12,56.869998931884766,0.0014076725263905405,0.015280482587968394
2019-03-13,58.2599983215332,0.024147780184344395,0.01523526677206613
2019-03-14,58.61000061035156,0.0059896181807630134,0.01501276072083088
2019-03-15,58.52000045776367,-0.001536756927847183,0.014897832755213725
2019-03-18,59.09000015258789,0.00969312396561028,0.014252075692292499
2019-03-19,59.029998779296875,-0.0010159393666503095,0.013985263371116571
2019-03-20,59.83000183105469,0.013461469433001087,0.01363111556318541
2019-03-21,59.97999954223633,0.0025039276826943103,0.013621593755122162
2019-03-22,59.040000915527344,-0.01579596988980815,0.012995801081528023
2019-03-25,58.81999969482422,-0.0037332678615669994,0.013063134937413382
2019-03-26,59.939998626708984,0.018862111039872825,0.013220360022882688
2019-03-27,59.40999984741211,-0.008881479178159507,0.01333499011017589
2019-03-28,59.29999923706055,-0.0018532666613410818,0.013200126451039584
2019-03-29,60.13999938964844,0.014065874273615876,0.01330272022018711
2019-04-01,61.59000015258789,0.023824354764892586,0.013420487469601892
2019-04-02,62.58000183105469,0.01594624532372839,0.013579742897853448
2019-04-03,62.459999084472656,-0.0019194303030447386,0.013452111623665138
2019-04-04,62.099998474121094,-0.005780372829000089,0.013543645929506357
2019-04-05,63.08000183105469,0.015657826754223118,0.01373833706651378
2019-04-08,64.4000015258789,0.020709865681742396,0.012424323080268975
2019-04-09,63.97999954223633,-0.0065431294375007925,0.012575649175307579
2019-04-10,64.61000061035156,0.009798679650199642,0.011988116154173865
2019-04-11,63.58000183105469,-0.01607022273489772,0.012545050199830515
2019-04-12,63.88999938964844,0.004863860779208567,0.011318881864796237
2019-04-15,63.400001525878906,-0.00769895955041857,0.011383035071663054
2019-04-16,64.05000305175781,0.010200190478563506,0.011411228582292089
2019-04-17,63.7599983215332,-0.0045380678320363745,0.011368542069662863
2019-04-18,64.0,0.003757075202474104,0.011348326874584919
2019-04-22,65.69999694824219,0.02621579568100129,0.011699820644335673
2019-04-23,66.30000305175781,0.009091064180672303,0.011637998120007287
2019-04-24,65.88999938964844,-0.006203267558806443,0.011804404600081845
2019-04-25,65.20999908447266,-0.01037385829710521,0.011543870434693222
2019-04-26,63.29999923706055,-0.029727500268059214,0.013049296568286631
2019-04-29,63.5,0.003154588801271559,0.013026525051416877
2019-04-30,63.90999984741211,0.0064359353760011,0.01297991267052562
2019-05-01,63.599998474121094,-0.004862394920377627,0.013035880455030494
2019-05-02,61.810001373291016,-0.02854826046514547,0.01403430997058669
2019-05-03,61.939998626708984,0.002100966484621207,0.014033098150340458
2019-05-06,62.25,0.004992382971071717,0.013680278055251257
2019-05-07,61.400001525878906,-0.013748675340272491,0.013938838490475714
2019-05-08,62.119998931884766,0.011658121081556191,0.013687982144060341
2019-05-09,61.70000076293945,-0.006784037809451362,0.013640034124283168
2019-05-10,61.65999984741211,-0.0006485232933106442,0.013632321292243314
2019-05-13,61.040000915527344,-0.010106018008327439,0.0135660086388272
2019-05-14,61.779998779296875,0.012050265756552167,0.013027436360537211
2019-05-15,62.02000045776367,0.003877253321643771,0.012703627136549319
2019-05-16,62.869998931884766,0.013612164352495307,0.01294944457539421
2019-05-17,62.7599983215332,-0.0017511842850836798,0.01290590703586122
2019-05-20,63.099998474121094,0.005402844244632368,0.012619164438913536
2019-05-21,62.9900016784668,-0.0017447350848541015,0.011999811908191394
2019-05-22,61.41999816894531,-0.025240525079747975,0.012772401744579463
2019-05-23,57.90999984741211,-0.058845406597864997,0.016351443679681575
2019-05-24,58.630001068115234,0.012356450591235276,0.016430302867377844
2019-05-28,59.13999938964844,0.008660974909859199,0.01650504954512165
2019-05-29,58.810001373291016,-0.005595572280696202,0.01648699103043236
2019-05-30,56.59000015258789,-0.03847963797237444,0.0175544088568506
2019-05-31,53.5,-0.05615063994884718,0.01996028882875506
2019-06-03,53.25,-0.004683849312426314,0.019879552072117064
2019-06-04,53.47999954223633,0.0043099390846778034,0.019034876251942796
2019-06-05,51.68000030517578,-0.03423687829476168,0.01942268004726151
2019-06-06,52.59000015258789,0.017455125123264293,0.01998312666162485
2019-06-07,53.9900016784668,0.026272884815955747,0.020901363800327626
2019-06-10,53.2599983215332,-0.013613326447470066,0.020481214939326472
2019-06-11,53.27000045776367,0.00018778065098034392,0.020443831734545406
2019-06-12,51.13999938964844,-0.04080637159405574,0.021267298826259953
2019-06-13,52.279998779296875,0.02204690747856272,0.021936284205856485
2019-06-14,52.5099983215332,0.00438973027837189,0.02161840535452109
2019-06-17,51.93000030517578,-0.011106931952156299,0.021594110719428638
2019-06-18,53.900001525878906,0.03723384249148919,0.022915532078304938
2019-06-19,53.7599983215332,-0.002600841230979677,0.02285574142679734
2019-06-20,56.650001525878906,0.05236234941579883,0.02495542531794926
2019-06-21,57.43000030517578,0.013674805780867093,0.02512943750140282
2019-06-24,57.900001525878906,0.008150590742564535,0.025201717776696518
2019-06-25,57.83000183105469,-0.0012097070998043228,0.025156530866834264
2019-06-26,59.380001068115234,0.02644978349056884,0.025563990036221493
2019-06-27,59.43000030517578,0.0008416671902070649,0.025548709209178334
2019-06-28,58.470001220703125,-0.016285331448609858,0.025525147410288537
2019-07-01,59.09000015258789,0.010547884874874095,0.025634769736605563
2019-07-02,56.25,-0.04925566685535001,0.026996090696557052
2019-07-03,57.34000015258789,0.019192422031801496,0.02732055587940695
2019-07-05,57.5099983215332,0.00296035342368015,0.02701712334437836
2019-07-08,57.65999984741211,0.0026048730239061554,0.024813387813995003
2019-07-09,57.83000183105469,0.0029440142689219125,0.024709163214143823
2019-07-10,60.43000030517578,0.043977971590698606,0.025967858392894564
2019-07-11,60.20000076293945,-0.0038133104353498433,0.025954948752683667
2019-07-12,60.209999084472656,0.00016607128259863723,0.02487589764363822
2019-07-15,59.58000183105469,-0.010518458252943931,0.022472358692088815
2019-07-16,57.619998931884766,-0.03345026689869134,0.023430766099958932
2019-07-17,56.779998779296875,-0.014685581573148858,0.023639510419944183
2019-07-18,55.29999923706055,-0.026411234814087123,0.023266134322599632
2019-07-19,55.630001068115234,0.005949748555631908,0.02310121059509882
2019-07-22,56.220001220703125,0.010549943903807289,0.022703496301724867
2019-07-23,56.77000045776367,0.009735438054758645,0.02257271527974112
2019-07-24,55.880001068115234,-0.015801471742906505,0.02280763463478644
2019-07-25,56.02000045776367,0.002502224500188504,0.021355716154078445
2019-07-26,56.20000076293945,0.0032079924716849895,0.021052311056410724
2019-07-29,56.869998931884766,0.011851172061928476,0.021120470055891058
2019-07-30,58.04999923706055,0.02053675246409296,0.02119930143371049
2019-07-31,58.58000183105469,0.009088677655820023,0.020266994493944
2019-08-01,53.95000076293945,-0.08233566681117595,0.025538918120803146
2019-08-02,55.65999984741211,0.031204047510570605,0.02430892045830659
2019-08-05,54.689998626708984,-0.017580901108094796,0.024346331721378213
2019-08-06,53.630001068115234,-0.01957221933701239,0.024488028687067134
2019-08-07,51.09000015258789,-0.048519846581853925,0.02588217462300953
2019-08-08,52.540000915527344,0.027986015353377906,0.02594620461754598
2019-08-09,54.5,0.03662589998646518,0.026982103236841387
2019-08-12,54.93000030517578,0.007858951241052098,0.026928700883650528
2019-08-13,57.099998474121094,0.03874443702879064,0.027860653567136007
2019-08-14,55.22999954223633,-0.03329781431426064,0.027050938529854577
2019-08-15,54.470001220703125,-0.01385616181863913,0.02688914883254935
2019-08-16,54.869998931884766,0.007316617798454183,0.026926984622226514
2019-08-19,56.209999084472656,0.02412792912176381,0.027325730124734944
2019-08-20,56.34000015258789,0.0023101044302072968,0.02732294091590147
2019-08-21,55.68000030517578,-0.0117837436495157,0.02603304438543203
2019-08-22,55.349998474121094,-0.005944389920226798,0.026039012494295435
2019-08-23,54.16999816894531,-0.021549415719023725,0.026254658319350484
2019-08-26,53.63999938964844,-0.009832168832987298,0.026248651766243976
2019-08-27,54.93000030517578,0.023764605875437318,0.026075538247743824
2019-08-28,55.779998779296875,0.01535570740484831,0.026132208742885566
2019-08-29,56.709999084472656,0.016535185566818395,0.025843781718403777
2019-08-30,55.099998474121094,-0.028800857415950763,0.026380044826815496
2019-09-03,53.939998626708984,-0.021277396213986333,0.02656718507507423
2019-09-04,56.2599983215332,0.04211148097562434,0.027669017081008843
2019-09-05,56.29999923706055,0.0007107483667177496,0.027513836592164685
2019-09-06,56.52000045776367,0.0039000443211493754,0.027518966009142557
2019-09-09,57.849998474121094,0.023258861347741525,0.027833814423614336
2019-09-10,57.400001525878906,-0.007809097354436675,0.027800080552294354
2019-09-11,55.75,-0.029166919568548437,0.02803312720876117
2019-09-12,55.09000015258789,-0.0119091960858101,0.02802570606359628
2019-09-13,54.849998474121094,-0.004366055352302385,0.023587190118247444
2019-09-16,62.900001525878906,0.13694402906308503,0.033949739545082534
2019-09-17,59.34000015258789,-0.05826257053110785,0.03561619210900944
2019-09-18,58.11000061035156,-0.020945840843696155,0.035646708707472406
2019-09-19,58.130001068115234,0.00034412349745777213,0.03431846111868971
2019-09-20,58.09000015258789,-0.0006883654566636566,0.03403424926157302
2019-09-23,58.63999938964844,0.009423512538754246,0.03347482973913939
2019-09-24,57.290000915527344,-0.023290942768880194,0.03378265675221566
2019-09-25,56.4900016784668,-0.014062443351258782,0.03313948104629202
2019-09-26,56.40999984741211,-0.0014172160029007803,0.03255273880875785
2019-09-27,55.90999984741211,-0.0089031927375213,0.03248884093022996
2019-09-30,54.06999969482422,-0.03346375455955752,0.03305794980076771
2019-10-01,53.619998931884766,-0.008357384862103622,0.0327544246776007
2019-10-02,52.63999938964844,-0.018445837465485726,0.03288852421800774
2019-10-03,52.45000076293945,-0.003615926033897722,0.03284077509941726
2019-10-04,52.810001373291016,0.006840243334876458,0.03287065468627908
2019-10-07,52.75,-0.0011368203670400682,0.03265328362405324
2019-10-08,52.630001068115234,-0.0022774526956901692,0.0326110106320503
2019-10-09,52.59000015258789,-0.000760329157770791,0.032284060206277054
2019-10-10,53.54999923706055,0.01808979214380738,0.03233695675659837
2019-10-11,54.70000076293945,0.021247940729117943,0.032438177404018165
2019-10-14,53.59000015258789,-0.020501237021561078,0.03222940806495746
2019-10-15,52.810001373291016,-0.014661893630863183,0.03210776432874336
2019-10-16,53.36000061035156,0.010360820322524973,0.031156943820307866
2019-10-17,53.93000030517578,0.010625501962133566,0.031236583047069038
2019-10-18,53.779998779296875,-0.00278528686524312,0.031221063389397317
2019-10-21,53.310001373291016,-0.00877767154748516,0.030885560803734377
2019-10-22,54.15999984741211,0.015818669191519606,0.03105223427871173
2019-10-23,55.970001220703125,0.0328732289265564,0.031241520907335014
2019-10-24,56.22999954223633,0.004634559449972859,0.03116758342887705
2019-10-25,56.65999984741211,0.007618077546131343,0.03117744028820643
2019-10-28,55.810001373291016,-0.015115402302443957,0.017832693835659743
2019-10-29,55.540000915527344,-0.004849591044121093,0.014600297852583688
2019-10-30,55.060001373291016,-0.008679973706581781,0.014224321052007726
2019-10-31,54.18000030517578,-0.016111682366602334,0.01445433066902702
2019-11-01,56.20000076293945,0.036604928185503524,0.016110550467893846
2019-11-04,56.540000915527344,0.006031597982923683,0.01604590372832954
2019-11-05,57.22999954223633,0.012129859964340392,0.01566417041006152
2019-11-06,56.349998474121094,-0.015496015015156009,0.015710556874052886
2019-11-07,57.150001525878906,0.014097203533174212,0.015919075821472336
2019-11-08,57.2400016784668,0.0015735670712062738,0.01582178758600021
2019-11-11,56.86000061035156,-0.006660867054428262,0.014524805320728564
2019-11-12,56.79999923706055,-0.0010558046620677683,0.014411597440594818
2019-11-13,57.119998931884766,0.005617987036759496,0.01389953214407065
2019-11-14,56.77000045776367,-0.006146274085719035,0.01394691835713202
2019-11-15,57.720001220703125,0.016595729808259362,0.014160364160015563
2019-11-18,57.04999923706055,-0.011675692119459942,0.014394384978366445
2019-11-19,55.209999084472656,-0.032783983221595855,0.015764109434223593
2019-11-20,57.11000061035156,0.03383516365075204,0.01681612012245409
2019-11-21,58.58000183105469,0.02541412929285303,0.017097351222322185
2019-11-22,57.77000045776367,-0.013923754939848373,0.017008043578357147
2019-11-25,58.0099983215332,0.004145762826804945,0.016479711200721527
2019-11-26,58.40999984741211,0.006871724895980583,0.01616601910541462
2019-11-27,58.11000061035156,-0.005149328849462195,0.016182397269055595
2019-11-29,55.16999816894531,-0.051918482495376124,0.018939134418546368
2019-12-02,55.959999084472656,0.014217839341871078,0.019083317970757345
2019-12-03,56.099998474121094,0.002498651892490984,0.018988293658312335
2019-12-04,58.43000030517578,0.04069367645989251,0.020134571761728212
2019-12-05,58.43000030517578,0.0,0.01930362418201402
2019-12-06,59.20000076293945,0.013092092988175418,0.019413427735693108
2019-12-09,59.02000045776367,-0.003045177506580201,0.019399246291768715
2019-12-10,59.2400016784668,0.0037206404620627933,0.01915084335400271
2019-12-11,58.7599983215332,-0.00813569499204254,0.019200634592790023
2019-12-12,59.18000030517578,0.007122329387911304,0.019117563994080218
2019-12-13,60.06999969482422,0.014926891652932052,0.01891975115107621
2019-12-16,60.209999084472656,0.0023278924890526263,0.017852759894854048
2019-12-17,60.939998626708984,0.012051314751642811,0.017929841137148187
2019-12-18,60.93000030517578,-0.000164081753397313,0.017842388452975505
2019-12-19,61.220001220703125,0.004748284187847286,0.017534579015313342
2019-12-20,60.439998626708984,-0.01282283877389983,0.0176231464275429
2019-12-23,60.52000045776367,0.0013227818010167394,0.01762334926868767
2019-12-24,61.11000061035156,0.009701632410580266,0.0176038188050654
2019-12-26,61.68000030517578,0.009284205308224065,0.01763496428738067
2019-12-27,61.720001220703125,0.0006483130702395704,0.017630410745782452
2019-12-30,61.68000030517578,-0.0006483130702396348,0.01756500926963526
2019-12-31,61.060001373291016,-0.010102724405223808,0.017516385438581618
2020-01-02,61.18000030517578,0.001963333913342911,0.017328541161691097
2020-01-03,63.04999923706055,0.030107706599462162,0.016727911702566874
2020-01-06,63.27000045776367,0.003483240083493363,0.01577881361787004
2020-01-07,62.70000076293945,-0.009049830586907184,0.01537119420644757
2020-01-08,59.61000061035156,-0.05053810433605316,0.017939922634878792
2020-01-09,59.560001373291016,-0.0008391245978369541,0.01793329790077536
2020-01-10,59.040000915527344,-0.008769035073961774,0.01798036114374042
2020-01-13,58.08000183105469,-0.016393793756152603,0.01821478805652159
2020-01-14,58.22999954223633,0.0025792759447617526,0.015352834567749666
2020-01-15,57.810001373291016,-0.007238883138090941,0.015253831660082887
2020-01-16,58.52000045776367,0.012206789124634515,0.015387268150042635
2020-01-17,58.540000915527344,0.00034171292881695064,0.013480189552936641
2020-01-21,58.34000015258789,-0.003422329848017347,0.013495210969024101
2020-01-22,56.7400016784668,-0.02780850809264395,0.014170690856313886
2020-01-23,55.59000015258789,-0.02047612725216664,0.014590970573423276
2020-01-24,54.189998626708984,-0.025506967474384107,0.015160770961148044
2020-01-27,53.13999938964844,-0.019566435389934456,0.015436210986148969
2020-01-28,53.47999954223633,0.006377814828272337,0.015419381380137065
2020-01-29,53.33000183105469,-0.002808684727280703,0.015028488075705329
2020-01-30,52.13999938964844,-0.02256666214758982,0.015352714570698369
2020-01-31,51.560001373291016,-0.011186192093541391,0.015056711536303731
2020-02-03,50.11000061035156,-0.02852560355393241,0.0155865472743794
2020-02-04,49.61000061035156,-0.010028162535915923,0.015451170698270508
2020-02-05,50.75,0.022719179305944578,0.01632778990798107
2020-02-06,50.95000076293945,0.003933156721114826,0.016374082601253916
2020-02-07,50.31999969482422,-0.012442168315527937,0.016151696401075315
2020-02-10,49.56999969482422,-0.015016800451462193,0.015942060654984064
2020-02-11,49.939998626708984,0.007436451476786668,0.016105886892279597
2020-02-12,51.16999816894531,0.024331129680438008,0.017065854928744472
2020-02-13,51.41999816894531,0.004873779194720807,0.017167315194842582
2020-02-14,52.04999923706055,0.012177614175192553,0.017424471878584702
2020-02-18,52.04999923706055,0.0,0.01612844242126564
2020-02-19,53.290000915527344,0.023543933085628042,0.016947026200271914
2020-02-20,53.779998779296875,0.009152914653843927,0.017148435442992705
2020-02-21,53.380001068115234,-0.007465464156601151,0.014865429772919833
2020-02-24,51.43000030517578,-0.0372144982653966,0.01606116169613856
2020-02-25,49.900001525878906,-0.030200632384425365,0.01670334252900573
2020-02-26,48.72999954223633,-0.02372618587467126,0.016918887103848188
2020-02-27,47.09000015258789,-0.03423417996572771,0.017607387694453167
2020-02-28,44.7599983215332,-0.05074582155134353,0.019328682049618368
2020-03-02,46.75,0.043499409790230405,0.021236463430985793
2020-03-03,47.18000030517578,0.009155824713162283,0.021408753067215548
2020-03-04,46.779998779296875,-0.008514345386377319,0.021398023709606716
2020-03-05,45.900001525878906,-0.018990584751432945,0.021166778824991142
2020-03-06,41.279998779296875,-0.1060870587080379,0.027776061555902277
2020-03-09,31.1299991607666,-0.2822061341074851,0.05695541194068429
2020-03-10,34.36000061035156,0.09872115738496252,0.06083941153393062
2020-03-11,32.97999954223633,-0.040991811628073416,0.060892626960494314
2020-03-12,31.5,-0.045913757419826826,0.06107613866432302
2020-03-13,31.729999542236328,0.007275045336675495,0.06123442837714027
2020-03-16,28.700000762939453,-0.10036544181943158,0.06310094586383269
2020-03-17,26.950000762939453,-0.06291382368438383,0.06358054501909417
2020-03-18,20.3700008392334,-0.27992005422625427,0.07919833308615158
2020-03-19,25.219999313354492,0.21357403187235055,0.09042202225780045
2020-03-20,22.43000030517578,-0.11723794117272994,0.09185805817541016
2020-03-23,23.360000610351562,0.040625821950275774,0.09266245469301175
2020-03-24,24.010000228881836,0.02744523567784364,0.09315236211972258
2020-03-25,24.489999771118164,0.019794441852212866,0.09332408790157026
2020-03-26,22.600000381469727,-0.08031493846071446,0.0934205445654799
2020-03-27,21.510000228881836,-0.04943196923707529,0.09330288434649425
2020-03-30,20.09000015258789,-0.06829576749829713,0.09323348846357378
2020-03-31,20.479999542236328,0.019226591397505894,0.09352476767192551
2020-04-01,20.309999465942383,-0.0083354285225757,0.09306254687128478
2020-04-02,25.31999969482422,0.22048123592622998,0.10368858442389053
2020-04-03,28.34000015258789,0.11267965442350314,0.10667092607754144
2020-04-06,26.079999923706055,-0.08310550551365159,0.10723744495604937
2020-04-07,23.6299991607666,-0.09865167844984535,0.10812848627739609
2020-04-08,25.09000015258789,0.059952310776727226,0.10923389363563489
2020-04-09,22.760000228881836,-0.09746474714550284,0.11008227627882648
2020-04-13,22.40999984741211,-0.015497338310533872,0.1099776217159346
2020-04-14,20.110000610351562,-0.10829004686870611,0.11030102526661804
2020-04-15,19.8700008392334,-0.012006135335279871,0.11012194105987078
2020-04-16,19.8700008392334,0.0,0.11018704500860577
2020-04-17,18.270000457763672,-0.08395070335453195,0.11063027311986379
2020-04-20,-37.630001068115234,,
2020-04-21,10.010000228881836,,
2020-04-22,13.779999732971191,0.3196336300150674,
2020-04-23,16.5,0.18014213469902035,
2020-04-24,16.940000534057617,0.02631733984379654,
2020-04-27,12.779999732971191,-0.281796292695216,
2020-04-28,12.34000015258789,-0.03503539721256668,
2020-04-29,15.0600004196167,0.19919621939219292,
2020-04-30,18.84000015258789,0.22394002701262022,
2020-05-01,19.780000686645508,0.048689083661334426,
2020-05-04,20.389999389648438,0.030373193743799345,
2020-05-05,24.559999465942383,0.18607452688142884,
2020-05-06,23.989999771118164,-0.02348201422303975,
2020-05-07,23.549999237060547,-0.018511279245038238,
2020-05-08,24.739999771118164,0.04929556964700635,
2020-05-11,24.139999389648438,-0.024551167327293844,
2020-05-12,25.780000686645508,0.065728833760296,
2020-05-13,25.290000915527344,-0.0191899272628217,
2020-05-14,27.559999465942383,0.08595632988442657,
2020-05-15,29.43000030517578,0.06564914584746884,
2020-05-18,31.81999969482422,0.07808044070402118,
2020-05-19,32.5,0.02114507601674194,
2020-05-20,33.4900016784668,0.030006847588867402,
2020-05-21,33.91999816894531,0.012757820017576561,
2020-05-22,33.25,-0.01994998984027262,
2020-05-26,34.349998474121094,0.03254720714498309,
2020-05-27,32.810001373291016,-0.04586858541796931,
2020-05-28,33.709999084472656,0.027061113258167634,
2020-05-29,35.4900016784668,0.051456511865436545,
2020-06-01,35.439998626708984,-0.0014099269653480996,
2020-06-02,36.810001373291016,0.037928497711348784,
2020-06-03,37.290000915527344,0.012955634043798544,0.10545604905396185
2020-06-04,37.40999984741211,0.0032128255389749396,0.0918691261733454
2020-06-05,39.54999923706055,0.05562763064190295,0.08772506880359557
2020-06-08,38.189998626708984,-0.03499200964517405,0.08850377306309913
2020-06-09,38.939998626708984,0.019448299399222043,0.06663679026676571
2020-06-10,39.599998474121094,0.01680711505093236,0.06536057766147546
2020-06-11,36.34000015258789,-0.08591001256121708,0.061879181915793814
2020-06-12,36.2599983215332,-0.0022039081299802367,0.04999079581909638
2020-06-15,37.119998931884766,0.023440720106402163,0.04973480143865934
2020-06-16,38.380001068115234,0.03338063926620576,0.049757407724046764
2020-06-17,37.959999084472656,-0.011003568786034795,0.0390891552297661
2020-06-18,38.84000015258789,0.022917697728237152,0.0384465949368981
2020-06-19,39.75,0.023159193748589307,0.03790340979042775
2020-06-22,40.459999084472656,0.01770396801129618,0.037423949874911946
2020-06-23,40.369998931884766,-0.002226900704931012,0.03679838811168608
2020-06-24,38.0099983215332,-0.06023766956410786,0.038222204401790444
2020-06-25,38.720001220703125,0.01850705509220127,0.03774612805064834
2020-06-26,38.4900016784668,-0.005957783031278778,0.03537667762761124
2020-06-29,39.70000076293945,0.030952696007242243,0.03407625930961497
2020-06-30,39.27000045776367,-0.01089032666401585,0.03173609755755934
2020-07-01,39.81999969482422,0.013908410725421134,0.03165236309030708
2020-07-02,40.650001525878906,0.020629582558647216,0.03146071150398239
2020-07-06,40.630001068115234,-0.0004921372423485878,0.031462232342697
2020-07-07,40.619998931884766,-0.0002462064315321451,0.031105106733492226
2020-07-08,40.900001525878906,0.006869570499373449,0.030719484592909307
2020-07-09,39.619998931884766,-0.03179608604489484,0.030002092799334863
2020-07-10,40.54999923706055,0.023201747435225455,0.02991809946645727
2020-07-13,40.099998474121094,-0.011159465485958973,0.028812676967014197
2020-07-14,40.290000915527344,0.004727025666014587,0.02879420236144982
2020-07-15,41.20000076293945,0.022334952946734196,0.028302301613905397
2020-07-16,40.75,-0.01098243518655676,0.02837134125903212
2020-07-17,40.59000015258789,-0.003934105076817023,0.028399117414196196
2020-07-20,40.810001373291016,0.005405448458504835,0.02659572838872384
2020-07-21,41.959999084472656,0.02778957864048651,0.0261282145570261
2020-07-22,41.900001525878906,-0.0014308983637969963,0.025956293632345084
2020-07-23,41.06999969482422,-0.020007942807407225,0.026123460774431933
2020-07-24,41.290000915527344,0.005342441533257796,0.020290416356178557
2020-07-27,41.599998474121094,0.007479768516335761,0.020261098804092683
2020-07-28,41.040000915527344,-0.013552907416750533,0.02019924248022919
2020-07-29,41.27000045776367,0.005588631685728557,0.019395606366034848
2020-07-30,39.91999816894531,-0.03325844928125482,0.0203298201893652
2020-07-31,40.27000045776367,0.008729380655566133,0.019980712445768087
2020-08-03,41.0099983215332,0.018209112245010078,0.019812896952995908
2020-08-04,41.70000076293945,0.01668524862493082,0.019784204320703408
2020-08-05,42.189998626708984,0.011682046485426563,0.019868618791499853
2020-08-06,41.95000076293945,-0.00570474248600124,0.01618068699289177
2020-08-07,41.220001220703125,-0.017554846023437824,0.016349685520808527
2020-08-10,41.939998626708984,0.017316387652937554,0.016506299736764343
2020-08-11,41.61000061035156,-0.007899455066354505,0.015732283331450735
2020-08-12,42.66999816894531,0.025155516624679724,0.01611982087922046
2020-08-13,42.2400016784668,-0.010128375153480898,0.016144339496161658
2020-08-14,42.0099983215332,-0.005460033907127467,0.015803438023317004
2020-08-17,42.88999938964844,0.020731039070855134,0.01619990284263624
2020-08-18,42.88999938964844,0.0,0.016198890515545402
2020-08-19,42.93000030517578,0.000932205046990039,0.01617122251677772
2020-08-20,42.58000183105469,-0.008186186877126777,0.0150229030589128
2020-08-21,42.34000015258789,-0.005652433157436007,0.014561895524068277
2020-08-24,42.619998931884766,0.006591332298519188,0.014391935044924715
2020-08-25,43.349998474121094,0.016983066418389196,0.014642852339045451
2020-08-26,43.38999938964844,0.0009223177161198882,0.014153342766485706
2020-08-27,43.040000915527344,-0.008099048618543214,0.014073629410159336
2020-08-28,42.970001220703125,-0.0016277109299070451,0.014047373758177996
2020-08-31,42.61000061035156,-0.008413244359208306,0.0141545950072777
2020-09-01,42.7599983215332,0.00351406506768507,0.013261976383820206
2020-09-02,41.5099983215332,-0.029668725273937598,0.014369125163538728
2020-09-03,41.369998931884766,-0.00337836697498113,0.013896074804372386
2020-09-04,39.77000045776367,-0.03944308392485077,0.015627134967177467
2020-09-08,36.7599983215332,-0.07870261890253123,0.0209737843067332
2020-09-09,38.04999923706055,0.034490812429379666,0.022036218006692306
2020-09-10,37.29999923706055,-0.019907758061094676,0.02220367251204636
2020-09-11,37.33000183105469,0.0008040357813497115,0.021481839817579805
2020-09-14,37.2599983215332,-0.0018770218509551696,0.02138219788449474
2020-09-15,38.279998779296875,0.027007214569933265,0.021734730737386004
2020-09-16,40.15999984741211,0.04794393688801778,0.02336425784052101
2020-09-17,40.970001220703125,0.019968649769852957,0.02357054252442121
2020-09-18,41.11000061035156,0.0034112944027500885,0.023566267080335594
2020-09-21,39.310001373291016,-0.044772441387906724,0.02473354760290895
2020-09-22,39.599998474121094,0.007350105359467696,0.02453711875203733
2020-09-23,39.93000030517578,0.008298848989760854,0.02457904653857994
2020-09-24,40.310001373291016,0.009471682479421088,0.02415851261118002
2020-09-25,40.25,-0.0014896073327479297,0.024108442669020666
2020-09-28,40.599998474121094,0.00865802515988958,0.024168388435023867
2020-09-29,39.290000915527344,-0.03279797215230347,0.024472227389366934
2020-09-30,40.220001220703125,0.023394357822996505,0.02493687917720143
2020-10-01,38.720001220703125,-0.03800812076035567,0.02577083102615385
2020-10-02,37.04999923706055,-0.04408796278486181,0.026811389302179533
2020-10-05,39.220001220703125,0.056918520742768076,0.029068433380909732
2020-10-06,40.66999816894531,0.03630382300418181,0.029885389459220233
2020-10-07,39.95000076293945,-0.0178619835872461,0.02981686567104291
2020-10-08,41.189998626708984,0.03056678379794882,0.030426804954105584
2020-10-09,40.599998474121094,-0.014427446083128355,0.030494314002171848
2020-10-12,39.43000030517578,-0.02924107339524113,0.030898459309582398
2020-10-13,40.20000076293945,0.019340058974347804,0.0311411593513493
2020-10-14,41.040000915527344,0.020680208567116512,0.03140146711188471
2020-10-15,40.959999084472656,-0.0019512647911746782,0.03094452308833068
2020-10-16,40.880001068115234,-0.0019549863559981595,0.030940960768337897
2020-10-19,40.83000183105469,-0.0012238218462122124,0.030051884905581097
2020-10-20,41.459999084472656,0.015311934748149491,0.026110653600924693
2020-10-21,40.029998779296875,-0.035099942415674726,0.026399050825803103
2020-10-22,40.63999938964844,0.015123645741958583,0.026184632317710156
2020-10-23,39.849998474121094,-0.01963042130607216,0.026503761659990837
2020-10-26,38.560001373291016,-0.03290686158892326,0.027262080765495123
2020-10-27,39.56999969482422,0.025855742328293227,0.027225196634670604
2020-10-28,37.38999938964844,-0.056667975019934126,0.0277141361948466
2020-10-29,36.16999816894531,-0.03317327732466621,0.027933735439378164
2020-10-30,35.790000915527344,-0.010561444981961874,0.027919735108309474
2020-11-02,36.810001373291016,0.028101034340012734,0.027472357785500934
2020-11-03,37.65999984741211,0.022828934478801577,0.027801103622622052
2020-11-04,39.150001525878906,0.038801942234723656,0.02872100670079179
2020-11-05,38.790000915527344,-0.00923795635798285,0.028696595385329253
2020-11-06,37.13999938964844,-0.043467965563270684,0.029712577306345255
2020-11-09,40.290000915527344,0.08140878243594095,0.03340880812651743
2020-11-10,41.36000061035156,0.026210923030528733,0.033162970069403774
2020-11-11,41.45000076293945,0.0021736550303402187,0.03290988240562324
2020-11-12,41.119998931884766,-0.007993304816218995,0.03212997298318688
2020-11-13,40.130001068115234,-0.024370384276141636,0.03134671262451153
2020-11-16,41.34000015258789,0.029706347049466734,0.030091132360165435
2020-11-17,41.43000030517578,0.0021747055106989934,0.02937658301572402
2020-11-18,41.81999969482422,0.009369423247754666,0.02920612281787718
2020-11-19,41.7400016784668,-0.001914744841639954,0.028689875863484326
2020-11-20,42.150001525878906,0.009774778787540888,0.02859746102661754
2020-11-23,43.060001373291016,0.02135980317969149,0.02822696878499999
2020-11-24,44.90999984741211,0.042065959873293826,0.02897737234242746
2020-11-25,45.709999084472656,0.017656588612605124,0.02892145584462951
2020-11-27,45.529998779296875,-0.003945649778886596,0.028936925902831704
2020-11-30,45.34000015258789,-0.004181774090930417,0.028954320355963684
2020-12-01,44.54999923706055,-0.017577511653443928,0.029198297826870494
2020-12-02,45.279998779296875,0.01625327014458243,0.02921259129174434
2020-12-03,45.63999938964844,0.00791910468476718,0.028323341264494067
2020-12-04,46.2599983215332,0.013493108899260618,0.02830355513644246
2020-12-07,45.7599983215332,-0.01086731012820308,0.02809231190199792
2020-12-08,45.599998474121094,-0.003502627333677229,0.027238198839927046
2020-12-09,45.52000045776367,-0.0017558831836880042,0.026995209471791473
2020-12-10,46.779998779296875,0.027303935187085942,0.02466919948152455
2020-12-11,46.56999969482422,-0.004499184620250388,0.023571302075328374
2020-12-14,46.9900016784668,0.008978298393152485,0.023296963714977637
2020-12-15,47.619998931884766,0.013317969794361985,0.023035543204643665
2020-12-16,47.81999969482422,0.00419113701967302,0.022888941584630403
2020-12-17,48.36000061035156,0.011229082719173514,0.022149498861710398
2020-12-18,49.099998474121094,0.01518596535591903,0.02197866610114907
2020-12-21,47.7400016784668,-0.028089347654327416,0.020892837751026037
2020-12-22,47.02000045776367,-0.015196603221750324,0.016154729759365164
2020-12-23,48.119998931884766,0.0231248160621361,0.016025293963412856
2020-12-24,48.22999954223633,0.002283355680046922,0.0160246284180595
2020-12-28,47.619998931884766,-0.012728405960871068,0.016180093346287738
2020-12-29,48.0,0.00794819227914568,0.015211506374431824
2020-12-30,48.400001525878906,0.008298834341118354,0.014547197850473948
2020-12-31,48.52000045776367,0.0024762482613758085,0.014545099686888429
2021-01-04,47.619998931884766,-0.018723274881639867,0.01516297807498076
2021-01-05,49.93000030517578,0.04736921199584524,0.017019305859615506
2021-01-06,50.630001068115234,0.013922276453716168,0.017068036457338762
2021-01-07,50.83000183105469,0.003942460403614052,0.016825943557433862
2021-01-08,52.2400016784668,0.027361749616170234,0.015914418878251485
2021-01-11,52.25,0.0001913737468295353,0.015755614503130785
2021-01-12,53.209999084472656,0.018206440557430974,0.01586691282404633
2021-01-13,52.90999984741211,-0.005653977370225007,0.01589915999806983
2021-01-14,53.56999969482422,0.012396850163976169,0.015354363750174314
2021-01-15,52.36000061035156,-0.02284625149757445,0.016107788976362898
2021-01-19,52.97999954223633,0.01177152250508464,0.01614846592913536
2021-01-20,53.2400016784668,0.00489554984972133,0.01606809968999012
2021-01-21,53.130001068115234,-0.0020682644866759792,0.015853306824369508
2021-01-22,52.27000045776367,-0.01631915908415263,0.016257261476806797
2021-01-25,52.77000045776367,0.009520254609766446,0.01623676930692255
2021-01-26,52.61000061035156,-0.0030366287481197332,0.015731931607584265
2021-01-27,52.849998474121094,0.004551456100213201,0.015651586123945037
2021-01-28,52.34000015258789,-0.009696783427044765,0.015826079933411345
2021-01-29,52.20000076293945,-0.0026783905130293812,0.015756491460916403
2021-02-01,53.54999923706055,0.025533273142231104,0.01628230165614049
2021-02-02,54.7599983215332,0.022344187122395973,0.016581541640925596
2021-02-03,55.689998626708984,0.016840603173096404,0.016622242361501026
2021-02-04,56.22999954223633,0.0096498412211802,0.015483517620758516
2021-02-05,56.849998474121094,0.010965779192911567,0.015009710499425897
2021-02-08,57.970001220703125,0.019509463053032146,0.014884189565662913
2021-02-09,58.36000061035156,0.006705077703834748,0.014865871588097353
2021-02-10,58.68000030517578,0.005468224362485355,0.014425077949869742
2021-02-11,58.2400016784668,-0.007526525767200488,0.014663291742305183
2021-02-12,59.470001220703125,0.020899571536612125,0.01489681629813842
2021-02-16,60.04999923706055,0.009705531576051956,0.014881826051809542
2021-02-17,61.13999938964844,0.01798877065891413,0.014177323588379002
2021-02-18,60.52000045776367,-0.010192409995840137,0.01250865259130841
2021-02-19,59.2400016784668,-0.02137687875106325,0.013405852225058338
2021-02-22,61.4900016784668,0.03727756952902632,0.014621427283734558
2021-02-23,61.66999816894531,0.002922972050267851,0.014080994290138095
2021-02-24,63.220001220703125,0.02482316678405671,0.014471587207235842
2021-02-25,63.529998779296875,0.004891489967564144,0.01429865255159202
2021-02-26,61.5,-0.03247504125137606,0.015805649704971794
2021-03-01,60.63999938964844,-0.01408244354352033,0.016115507678173747
2021-03-02,59.75,-0.014785540457331867,0.01571234581748966
2021-03-03,61.279998779296875,0.02528431470062549,0.016119341159341834
2021-03-04,63.83000183105469,0.040769822442147795,0.017402339384635434
2021-03-05,66.08999633789062,0.034794066117021245,0.018097089555395428
2021-03-08,65.05000305175781,-0.015861142198869006,0.01807667941213871
2021-03-09,64.01000213623047,-0.01611689734524773,0.018567009446877978
2021-03-10,64.44000244140625,0.006695241667977896,0.018480605103064787
2021-03-11,66.0199966430664,0.024223079382547866,0.01874658163181944
2021-03-12,65.61000061035156,-0.006229542918315965,0.018647865276733094
2021-03-15,65.38999938964844,-0.0033588004203430662,0.018661121171107242
2021-03-16,64.80000305175781,-0.009063681785908707,0.01857770791338921
2021-03-17,64.5999984741211,-0.0030912632851165392,0.018402478930169493
2021-03-18,60.0,-0.07386982494603866,0.02328171154826476
2021-03-19,61.41999816894531,0.0233909229785483,0.02356102783533535
2021-03-22,61.54999923706055,0.00211435503437142,0.023512466330020288
2021-03-23,57.7599983215332,-0.06355337470977825,0.026195908369684346
2021-03-24,61.18000030517578,0.0575238781856778,0.028217622111378283
2021-03-25,58.560001373291016,-0.04376845060685628,0.029390742432391318
2021-03-26,60.970001220703125,0.04033006683703419,0.030257920842957132
2021-03-29,61.560001373291016,0.009630371337751558,0.03007854431770923
2021-03-30,60.54999923706055,-0.0165428738799043,0.030202643920502214
2021-03-31,59.15999984741211,-0.023223822135586915,0.030306314078457342
2021-04-01,61.45000076293945,0.03797821316429917,0.031074182999351975
2021-04-05,58.650001525878906,-0.046636247311482575,0.03201557899967144
2021-04-06,59.33000183105469,0.011527510016582785,0.03130985462469436
2021-04-07,59.77000045776367,0.007388759362158414,0.03134069427253198
2021-04-08,59.599998474121094,-0.0028483220256071977,0.030958038617252444
2021-04-09,59.31999969482422,-0.0047090363441455035,0.030934324605698876
2021-04-12,59.70000076293945,0.006385521052948414,0.030436186858598235
2021-04-13,60.18000030517578,0.008008043094837287,0.030375680266503717
2021-04-14,63.150001525878906,0.0481727966863204,0.03149144276714469
2021-04-15,63.459999084472656,0.004896898768938579,0.031186683273070916
2021-04-16,63.130001068115234,-0.005213662429376805,0.030290176557613045
2021-04-19,63.380001068115234,0.0039522618165029255,0.029570466335474985
2021-04-20,62.439998626708984,-0.01494229746187343,0.029555438802116193
2021-04-21,61.349998474121094,-0.01761092736824245,0.029582399345237195
2021-04-22,61.43000030517578,0.0013031738584799437,0.029547785706339393
2021-04-23,62.13999938964844,0.011491573999002191,0.029254160545697495
2021-04-26,61.90999984741211,-0.0037081790762324026,0.029245267073580432
2021-04-27,62.939998626708984,0.016500154750742322,0.029436056229154867
2021-04-28,63.86000061035156,0.014511327027076103,0.029535414754884665
2021-04-29,65.01000213623047,0.01784794023211919,0.029718598194409782
2021-04-30,63.58000183105469,-0.02224215279452497,0.026613450510970502
2021-05-03,64.48999786376953,0.014211155615416915,0.02641021003643113
2021-05-04,65.69000244140625,0.01843660417265264,0.026588148670591158
2021-05-05,65.62999725341797,-0.0009138774338097392,0.023532904965826353
2021-05-06,64.70999908447266,-0.014117131715124444,0.021487305171600864
2021-05-07,64.9000015258789,0.0029319123002593084,0.01968283042456987
2021-05-10,64.91999816894531,0.0003080672203291072,0.018410512333268302
2021-05-11,65.27999877929688,0.0055299775147506355,0.01836779221311093
2021-05-12,66.08000183105469,0.012180464966032653,0.018117186533537635
2021-05-13,63.81999969482422,-0.03479954085411063,0.01880332128569847
2021-05-14,65.37000274658203,0.023996863572300863,0.01805264587927551
2021-05-17,66.2699966430664,0.0136737758041529,0.015639467448391675
2021-05-18,65.48999786376953,-0.01183982883395468,0.015835991074848337
2021-05-19,63.36000061035156,-0.03306466947153175,0.017143526592201853
2021-05-20,62.04999923706055,-0.020892257784187393,0.017627174200398332
2021-05-21,63.58000183105469,0.024358484926823683,0.018076210312768376
2021-05-24,66.05000305175781,0.03811309289020441,0.01921504257423368
2021-05-25,66.06999969482422,0.00030270425073261365,0.01920239344470003
2021-05-26,66.20999908447266,0.0021167136863074172,0.017213747941605878
2021-05-27,66.8499984741211,0.009619785613413053,0.017266669969803198
2021-05-28,66.31999969482422,-0.007959774497063515,0.017311995722515378
2021-06-01,67.72000122070312,0.020890069065199926,0.017662544225653755
2021-06-02,68.83000183105469,0.0162581477221648,0.017536009989972023
2021-06-03,68.80999755859375,-0.000290675278850572,0.01710542638747675
2021-06-04,69.62000274658203,0.011702874100352086,0.017157853542958297
2021-06-07,69.2300033569336,-0.005617578654828633,0.01719047567070137
2021-06-08,70.05000305175781,0.01177497316892472,0.01719587465611075
2021-06-09,69.95999908447266,-0.0012856792844758449,0.017060306635912334
2021-06-10,70.29000091552734,0.004705917148853904,0.016936038646597085
2021-06-11,70.91000366210938,0.008781964747558756,0.01674542729929761
2021-06-14,70.87999725341797,-0.000423251413295855,0.01607644089843835
2021-06-15,72.12000274658203,0.017343168871537588,0.016157536692892285
2021-06-16,72.1500015258789,0.0004158699499665965,0.01592514122799699
2021-06-17,71.04000091552734,-0.01550419479717718,0.016271808928105515
2021-06-18,71.63999938964844,0.00841045710140223,0.015989162412547026
2021-06-21,73.66000366210938,0.027806392060501745,0.016597890480969938
2021-06-22,73.05999755859375,-0.008178972782628923,0.016738605351418794
2021-06-23,73.08000183105469,0.00027376861460828335,0.01674886767009111
2021-06-24,73.30000305175781,0.0030058939611201088,0.016673449272314185
2021-06-25,74.05000305175781,0.010179931399522607,0.015058914605867012
2021-06-28,72.91000366210938,-0.015514727879787098,0.015063998898843061
2021-06-29,72.9800033569336,0.000959622960150255,0.014950360820816062
2021-06-30,73.47000122070312,0.00669169924087882,0.014687409437959426
2021-07-01,75.2300033569336,0.023672955947228704,0.013365936148078903
2021-07-02,75.16000366210938,-0.0009309089249587357,0.012461504176065697
2021-07-06,73.37000274658203,-0.024104053108867266,0.013172657595052054
2021-07-07,72.19999694824219,-0.016075166529910305,0.012116315975352017
2021-07-08,72.94000244140625,0.010197215221299714,0.012175796523943362
2021-07-09,74.55999755859375,0.021966918781187,0.012639937508735256
2021-07-12,74.0999984741211,-0.006188625923269611,0.012725043179564362
2021-07-13,75.25,0.015400391919102164,0.01271863738508418
2021-07-14,73.12999725341797,-0.028577261903654064,0.013653901098102795
2021-07-15,71.6500015258789,-0.02044546615486415,0.014023733728885596
2021-07-16,71.80999755859375,0.0022305325536214017,0.014021188412394076
2021-07-19,66.41999816894531,-0.07802551974330925,0.02003371718766157
2021-07-20,67.41999816894531,0.014943494266210987,0.020241049246095474
2021-07-21,70.30000305175781,0.04183015958012362,0.021588140690720473
2021-07-22,71.91000366210938,0.02264354581357599,0.021973097793317287
2021-07-23,72.06999969482422,0.0022224766612245848,0.02196300458737394
2021-07-26,71.91000366210938,-0.002222476661224478,0.0219175258827459
2021-07-27,71.6500015258789,-0.003622212470222602,0.021929783695977922
2021-07-28,72.38999938964844,0.010274984303148497,0.021778479467349194
2021-07-29,73.62000274658203,0.016848605384811782,0.021991668191879168
2021-07-30,73.94999694824219,0.0044723826305266305,0.021786447493642953
2021-08-02,71.26000213623047,-0.03705395773328977,0.022833633819370383
2021-08-03,70.55999755859375,-0.009871813057557594,0.02227062911977655
2021-08-04,68.1500015258789,-0.03475219656555923,0.023062552042006572
2021-08-05,69.08999633789062,0.013698768963242736,0.02324412903799633
2021-08-06,68.27999877929688,-0.011793069447451964,0.023294031317433912
2021-08-09,66.4800033569336,-0.02671567900575555,0.0235810885217842
2021-08-10,68.29000091552734,0.026862155336878128,0.024105824686547237
2021-08-11,69.25,0.013959788687987345,0.02428046537478571
2021-08-12,69.08999633789062,-0.0023131955716578436,0.02422812809901758
2021-08-13,68.44000244140625,-0.009452464799585019,0.023765873455457654
2021-08-16,67.29000091552734,-0.01694583389028159,0.023893757648613255
2021-08-17,66.58999633789062,-0.010457289678278662,0.023619986228514588
2021-08-18,65.45999908447266,-0.017115106040668182,0.02364023917203065
2021-08-19,63.689998626708984,-0.027411712265815937,0.023897427257058776
2021-08-20,62.31999969482422,-0.021745146155583428,0.023556939796419898
2021-08-23,65.63999938964844,0.05190286025784301,0.025818026657179735
2021-08-24,67.54000091552734,0.028534771589336656,0.026266543236331687
2021-08-25,68.36000061035156,0.01206783866312314,0.025980640927481837
2021-08-26,67.41999816894531,-0.013846184528890084,0.02584885814415411
2021-08-27,68.73999786376953,0.019389557697734143,0.02613460908841785
2021-08-30,69.20999908447266,0.0068141072807958,0.02179304254813505
2021-08-31,68.5,-0.010311602357340006,0.021738416040000787
2021-09-01,68.58999633789062,0.0013129528517474968,0.020294699623706395
2021-09-02,69.98999786376953,0.020205646059582433,0.020202174484639516
2021-09-03,69.29000091552734,-0.010051735327240165,0.020260917617803936
2021-09-07,68.3499984741211,-0.013659068006801153,0.02038586165437229
2021-09-08,69.30000305175781,0.013803409387297648,0.020576345342035555
2021-09-09,68.13999938964844,-0.016880546957262165,0.02065531396676984
2021-09-10,69.72000122070312,0.02292283488496686,0.02087522021419162
2021-09-13,70.44999694824219,0.010415956866150763,0.0209649537021678
2021-09-14,70.45999908447266,0.0001419648928943086,0.019868088859862784
2021-09-15,72.61000061035156,0.030057501878527924,0.020536256380782797
2021-09-16,72.61000061035156,0.0,0.01940145102070156
2021-09-17,71.97000122070312,-0.008853279317053821,0.01937395252203739
2021-09-20,70.29000091552734,-0.023619828268174783,0.019767186604418823
2021-09-21,70.55999755859375,0.003833822885291427,0.019066382911699552
2021-09-22,72.2300033569336,0.02339214144026172,0.018920228237223106
2021-09-23,73.30000305175781,0.014705131988040446,0.018937133339216827
2021-09-24,73.9800033569336,0.009234181254129515,0.018965990536464934
2021-09-27,75.44999694824219,0.019675312985899165,0.01908985083230704
2021-09-28,75.29000091552734,-0.0021228087443940684,0.018737670453431374
2021-09-29,74.83000183105469,-0.006128437460249712,0.01864095210019478
2021-09-30,75.02999877929688,0.002669118726309774,0.018217406814646522
2021-10-01,75.87999725341797,0.011265091582319942,0.017218828674647035
2021-10-04,77.62000274658203,0.02267205245531469,0.016666080523442636
2021-10-05,78.93000030517578,0.01673622626098354,0.01452069342901594
2021-10-06,77.43000030517578,-0.01918708124677745,0.014597175785222679
2021-10-07,78.30000305175781,0.011173335632008194,0.014582206790928587
2021-10-08,79.3499984741211,0.013320785770737873,0.014241546965271797
2021-10-11,80.5199966430664,0.01463713133821937,0.014106718596237857
2021-10-12,80.63999938964844,0.0014892376733052664,0.014120145689905163
2021-10-13,80.44000244140625,-0.0024832014991143163,0.013896166860147906
2021-10-14,81.30999755859375,0.01075738493874133,0.013908391151440467
2021-10-15,82.27999877929688,0.011859069754950442,0.01368937013616113
2021-10-18,82.44000244140625,0.0019427356878064283,0.01339473277049987
2021-10-19,82.95999908447266,0.006287767248904859,0.012881117934670623
2021-10-20,83.87000274658203,0.010909460858902913,0.012834959859431814
2021-10-21,82.5,-0.01646972040377106,0.012809501452549417
2021-10-22,83.76000213623047,0.01515729872582991,0.012539174434417792
2021-10-25,83.76000213623047,0.0,0.012560182438952131
2021-10-26,84.6500015258789,0.010569534538418943,0.012543382202552704
2021-10-27,82.66000366210938,-0.02378927321801602,0.012848235135491094
2021-10-28,82.80999755859375,0.001812944176717788,0.0128314626725453
2021-10-29,83.56999969482422,0.009135802798020112,0.01261007033548642
2021-11-01,84.05000305175781,0.005727295801855394,0.01139454384991946
2021-11-02,83.91000366210938,-0.0016670566381836963,0.011473912673627408
2021-11-03,80.86000061035156,-0.03702556776440232,0.013413637541372498
2021-11-04,78.80999755859375,-0.02567941037369944,0.014276258799283055
2021-11-05,81.2699966430664,0.030737042071998292,0.015143813940633397
2021-11-08,81.93000030517578,0.008088324419384512,0.014852311603905608
2021-11-09,84.1500015258789,0.026735710891100963,0.015448641363299936
2021-11-10,81.33999633789062,-0.03396308331282692,0.016833576620616426
2021-11-11,81.58999633789062,0.003068805099583119,0.016833643485650345
2021-11-12,80.79000091552734,-0.009853453732612356,0.0169085831992362
2021-11-15,80.87999725341797,0.0011133339296825187,0.01645573572680182
2021-11-16,80.76000213623047,-0.0014847208572589398,0.01620340314797371
2021-11-17,78.36000061035156,-0.0301682190308167,0.01678329965146424
2021-11-18,79.01000213623047,0.00826085290670058,0.016727150114411185
2021-11-19,76.0999984741211,-0.037526208955442356,0.01789752489496669
2021-11-22,76.75,0.008505141650637774,0.01774247087104298
2021-11-23,78.5,0.022545238321056222,0.01827723891424342
2021-11-24,78.38999938964844,-0.0014022643738215343,0.018275068489355773
2021-11-26,68.1500015258789,-0.1399851798819939,0.031155129446448437
2021-11-29,69.94999694824219,0.026069476951239148,0.03153986717423538
2021-11-30,66.18000030517578,-0.05540235037902108,0.03279166700067344
2021-12-01,65.56999969482422,-0.009260037483435552,0.032691846536035504
2021-12-02,66.5,0.014083678040478737,0.03275969249246386
2021-12-03,66.26000213623047,-0.003615518549937394,0.032725560496754964
2021-12-06,69.48999786376953,0.04759639747281211,0.03400434700868934
2021-12-07,72.05000305175781,0.03617753821695816,0.03486339115184932
2021-12-08,72.36000061035156,0.004293304160383434,0.03478536069623678
2021-12-09,70.94000244140625,-0.019819185201462836,0.03471980603677473
2021-12-10,71.66999816894531,0.010237740696853731,0.03481157120130281
2021-12-13,71.29000091552734,-0.005316146485581692,0.034711698257268775
2021-12-14,70.7300033569336,-0.007886219462695144,0.0346515325018725
2021-12-15,70.87000274658203,0.0019773930682393704,0.03467272708115115
2021-12-16,72.37999725341797,0.02108272861151917,0.03448091349819307
2021-12-17,70.86000061035156,-0.02122387213808613,0.0343924288848745
2021-12-20,68.2300033569336,-0.03782170802322218,0.034313648432616604
2021-12-21,71.12000274658203,0.041484229797041916,0.035308048937667744
2021-12-22,72.76000213623047,0.02279775318524723,0.03519422292698411
2021-12-23,73.79000091552734,0.01405685046759793,0.03491526222962288
2021-12-27,75.56999969482422,0.02383614151683341,0.03524907826840197
2021-12-28,75.9800033569336,0.005410816946974785,0.03525026069662687
2021-12-29,76.55999755859375,0.007604523314617708,0.03529022209615469
2021-12-30,76.98999786376953,0.005600800287199458,0.035316311420983786
2021-12-31,75.20999908447266,-0.023391326877736814,0.03514850961757066
2022-01-03,76.08000183105469,0.01150125363926067,0.03518407981914488
2022-01-04,76.98999786376953,0.011890073238476307,0.034579202468498875
2022-01-05,77.8499984741211,0.011108363136662809,0.034603533092307494
2022-01-06,79.45999908447266,0.02046986018482409,0.034559934603270975
2022-01-07,78.9000015258789,-0.007072491673356959,0.034585655890633595
2022-01-10,78.2300033569336,-0.008527998583165617,0.02238601089899905
2022-01-11,81.22000122070312,0.037508288679673644,0.022856803627133666
2022-01-12,82.63999938964844,0.01733228013797603,0.019897036492403902
2022-01-13,82.12000274658203,-0.006312191829025816,0.01981903018764796
2022-01-14,83.81999969482422,0.02049001325938894,0.019926611301946992
2022-01-18,85.43000030517578,0.01902569187968059,0.019911406537793552
2022-01-19,86.95999908447266,0.017750901549051262,0.01859092219786186
2022-01-20,86.9000015258789,-0.0006901824544436454,0.017831214396289194
2022-01-21,85.13999938964844,-0.020461096599159925,0.018485477207283
2022-01-24,83.30999755859375,-0.021728392549470024,0.018578422704155845
2022-01-25,85.5999984741211,0.027116704640271064,0.018982492197646278
2022-01-26,87.3499984741211,0.020237753789495192,0.019034155718049135
2022-01-27,86.61000061035156,-0.008507729721424101,0.019050991093214568
2022-01-28,86.81999969482422,0.0024217169663282062,0.01904732393000981
2022-01-31,88.1500015258789,0.015202919797499057,0.01892478782660026
2022-02-01,88.19999694824219,0.0005670022584099223,0.018226519486644065
2022-02-02,88.26000213623047,0.0006800996329194048,0.01618073621698081
2022-02-03,90.2699966430664,0.022518114077128004,0.015191043264032481
2022-02-04,92.30999755859375,0.0223473094317894,0.015176074798542489
2022-02-07,91.31999969482422,-0.010782633234386996,0.015504486947752272
2022-02-08,89.36000061035156,-0.02169665672856624,0.0160298971319332
2022-02-09,89.66000366210938,0.003351617980497887,0.01603508602229867
2022-02-10,89.87999725341797,0.0024506371871076305,0.0160395741814466
2022-02-11,93.0999984741211,0.035198751134539005,0.016940718084062053
2022-02-14,95.45999908447266,0.025033134093715086,0.016305929893072172
2022-02-15,92.06999969482422,-0.03615814800191128,0.01816360154806126
2022-02-16,93.66000366210938,0.01712208887028263,0.01824348466853917
2022-02-17,91.76000213623047,-0.020494746753687516,0.018871802155233472
2022-02-18,91.06999969482422,-0.007548057873018512,0.018797520364606888
2022-02-22,92.3499984741211,0.013957251893742095,0.01874134693043212
2022-02-23,92.0999984741211,-0.002710763428837968,0.01862363535263034
2022-02-24,92.80999755859375,0.00767943960824961,0.01762186964508168
2022-02-25,91.58999633789062,-0.013232310870708412,0.017734372622172746
2022-02-28,95.72000122070312,0.044105220361855504,0.019114721835987735
2022-03-01,103.41000366210938,0.07727442881735072,0.02308880048974661
2022-03-02,110.5999984741211,0.06721837068148417,0.025504434387705326
2022-03-03,107.66999816894531,-0.026849098470408818,0.026242283314563748
2022-03-04,115.68000030517578,0.0717567842271057,0.02871556021036131
2022-03-07,119.4000015258789,0.03165145268949915,0.028413023852879696
2022-03-08,123.69999694824219,0.03538004098974776,0.028036351004136612
2022-03-09,108.69999694824219,-0.12926748867569027,0.03809053983954456
2022-03-10,106.0199966430664,-0.024964042155665663,0.03848029098582164
2022-03-11,109.33000183105469,0.030743124297906384,0.038620962358811996
2022-03-14,103.01000213623047,-0.05954475656066523,0.04052664687288866
2022-03-15,96.44000244140625,-0.06590501300543337,0.042526865446068846
2022-03-16,95.04000091552734,-0.014623213380848012,0.042647044062537255
2022-03-17,102.9800033569336,0.08023696196850406,0.04494238710334325
2022-03-18,104.69999694824219,0.016564261512938844,0.044876104869962644
2022-03-21,112.12000274658203,0.06847066206454293,0.046261627974980055
2022-03-22,111.76000213623047,-0.00321601673024245,0.04618482565981281
2022-03-23,114.93000030517578,0.02796951597283389,0.04602047730111143
2022-03-24,112.33999633789062,-0.02279329553014544,0.04636540997192841
2022-03-25,113.9000015258789,0.013790929343950018,0.04636890942561894
2022-03-28,105.95999908447266,-0.07225922808623245,0.048297377245837686
2022-03-29,104.23999786376953,-0.01636574344035365,0.04827636440831926
2022-03-30,107.81999969482422,0.0337672548698994,0.04801122999186787
2022-03-31,100.27999877929688,-0.07249690607595803,0.04999505410694551
2022-04-01,99.2699966430664,-0.010122884331709858,0.049867855311949864
2022-04-04,103.27999877929688,0.03960035793359485,0.050277552047229106
2022-04-05,101.95999908447266,-0.01286316419039552,0.050336376948485466
2022-04-06,96.2300033569336,-0.05783937627584542,0.05155490687312938
2022-04-07,96.02999877929688,-0.002080564314593593,0.05154511458407015
2022-04-08,98.26000213623047,0.022956418542896817,0.05162064245418844
2022-04-11,94.29000091552734,-0.041241899293809864,0.05159150409187245
2022-04-12,100.5999984741211,0.06477709331057327,0.05098877602316142
2022-04-13,104.25,0.03563961818105445,0.049846812598335545
2022-04-14,106.94999694824219,0.025569546315068425,0.04986340038873103
2022-04-18,108.20999908447266,0.011712368128924148,0.04804649682556523
2022-04-19,102.55999755859375,-0.05362580575520705,0.048493692784699415
2022-04-20,102.75,0.0018508840086474256,0.04791223369272201
2022-04-21,103.79000091552734,0.010070782421812615,0.041952254575984706
2022-04-22,102.06999969482422,-0.016710786372617224,0.04182020914701447
2022-04-25,98.54000091552734,-0.035196283018801594,0.04181270321743449
2022-04-26,101.69999694824219,0.031564706640324416,0.04089766556322081
2022-04-27,102.0199966430664,0.003141566543055737,0.03898379463478034
2022-04-28,105.36000061035156,0.03221422363791778,0.03923734615574971
2022-04-29,104.69000244140625,-0.0063794375764339144,0.03648117876365514
2022-05-02,105.16999816894531,0.004574445469907173,0.036365168304566174
2022-05-03,102.41000366210938,-0.026593671274868835,0.03428907309597539
2022-05-04,107.80999755859375,0.051385996058933216,0.03569845781130111
2022-05-05,108.26000213623047,0.004165365195665697,0.03528997211098984
2022-05-06,109.7699966430664,0.013851476016463813,0.03517920109385237
2022-05-09,103.08999633789062,-0.06278487953283066,0.03682570982865923
2022-05-10,99.76000213623047,-0.03283503479939427,0.034935841173673515
2022-05-11,105.70999908447266,0.05793216433434838,0.03648231437964618
2022-05-12,106.12999725341797,0.0039652447744917664,0.03594609530471351
2022-05-13,110.48999786376953,0.04026026789661295,0.03400383962140779
2022-05-16,114.19999694824219,0.03302627070805514,0.03433047292587939
2022-05-17,112.4000015258789,-0.01588731946396071,0.033875396949000776
2022-05-18,109.58999633789062,-0.025317854976181154,0.034149446615668363
2022-05-19,112.20999908447266,0.02362601145887709,0.03238720385997462
2022-05-20,113.2300033569336,0.00904907045525924,0.03236560318399944
2022-05-23,110.29000091552734,-0.02630790935383447,0.032697024435321895
2022-05-24,109.7699966430664,-0.004726031501443259,0.031622557413370785
2022-05-25,110.33000183105469,0.005088654250674318,0.02954572991242762
2022-05-26,114.08999633789062,0.03351168714147415,0.02946731187451408
2022-05-27,115.06999969482422,0.00855305767342729,0.029180398257783617
2022-05-31,114.66999816894531,-0.0034822141011021353,0.029145741131238818
2022-06-01,115.26000213623047,0.005132042460357287,0.027192255284934838
2022-06-02,116.87000274658203,0.013871764903703702,0.027249657093047847
2022-06-03,118.87000274658203,0.01696825265205771,0.02732907773470079
2022-06-06,118.5,-0.0031175215231096917,0.027076422675244283
2022-06-07,119.41000366210938,0.00765001963847122,0.02599274817141243
2022-06-08,122.11000061035156,0.022359302629648345,0.025738566006626527
2022-06-09,121.51000213623047,-0.004925701342088371,0.025812538758648224
2022-06-10,120.66999816894531,-0.006937049589774876,0.025419185791759162
2022-06-13,120.93000030517578,0.002152336409315797,0.025340613040021758
2022-06-14,118.93000030517578,-0.01667678101559221,0.02564256688869562
2022-06-15,115.30999755859375,-0.030910954694686854,0.025832168988908288
2022-06-16,117.58999633789062,0.01957983408181096,0.024433174806764848
2022-06-17,109.55999755859375,-0.07073164458114989,0.027881907637598145
2022-06-21,110.6500015258789,0.00989975817605793,0.02782543390097905
2022-06-22,106.19000244140625,-0.04114211488051964,0.026377227848133396
2022-06-23,104.2699966430664,-0.018246308799802363,0.025861611118558916
2022-06-24,107.62000274658203,0.03162287297550904,0.024278709364737527
2022-06-27,109.56999969482422,0.01795708204970407,0.02447921042066993
2022-06-28,111.76000213623047,0.019790122431063026,0.02361913631072602
2022-06-29,109.77999877929688,-0.017875382060949133,0.023013681051924764
2022-06-30,105.76000213623047,-0.037305955699976086,0.023800121479502407
2022-07-01,108.43000030517578,0.024932409996359532,0.023872778556843534
2022-07-05,99.5,-0.08594716213403925,0.02808740097625117
2022-07-06,98.52999877929688,-0.009796586219315792,0.02799592015459685
2022-07-07,102.7300033569336,0.04174316196018757,0.02892098312886892
2022-07-08,104.79000091552734,0.019854136318213016,0.029198693588826177
2022-07-11,104.08999633789062,-0.0067024818783995065,0.029185639709743253
2022-07-12,95.83999633789062,-0.08257577818875095,0.03189324168693952
2022-07-13,96.30000305175781,0.004788254337710234,0.0318421420647663
2022-07-14,95.77999877929688,-0.0054144683245929874,0.031838962141478584
2022-07-15,97.58999633789062,0.018721109458313057,0.03209840761374665
2022-07-18,102.5999984741211,0.05006292623664312,0.03350278116809628
2022-07-19,104.22000122070312,0.01566614332926657,0.033475054812882016
2022-07-20,102.26000213623047,-0.018985450651782098,0.0335795494562465
2022-07-21,96.3499984741211,-0.059531231518497624,0.03492595930161819
2022-07-22,94.69999694824219,-0.017273411057041062,0.034518352299612566
2022-07-25,96.69999694824219,0.02089940293372144,0.034929454904152606
2022-07-26,94.9800033569336,-0.017946992435663202,0.03497991375513458
2022-07-27,97.26000213623047,0.02372144847520207,0.035414314668322636
2022-07-28,96.41999816894531,-0.008674196952688428,0.0353710572907969
2022-07-29,98.62000274658203,0.022560478659059337,0.03547139903295557
2022-08-01,93.88999938964844,-0.049150230876384905,0.036030113080543644
2022-08-02,94.41999816894531,0.005629017955736299,0.034052229320304064
2022-08-03,90.66000366210938,-0.040636609818898634,0.034538446367745494
2022-08-04,88.54000091552734,-0.02366184826232168,0.03408076165293296
2022-08-05,89.01000213623047,0.005294309326469751,0.034061483414299244
2022-08-08,90.76000213623047,0.01946993647804398,0.03367763141170599
2022-08-09,90.5,-0.0028688327428962974,0.03338699595318553
2022-08-10,91.93000030517578,0.015677570489436722,0.033284148585166776
2022-08-11,94.33999633789062,0.025877817842593524,0.03372467940805629
2022-08-12,92.08999633789062,-0.02413891907127049,0.03337430941431245
2022-08-15,89.41000366210938,-0.029533746260803902,0.033192572860350184
2022-08-16,86.52999877929688,-0.032741413194471235,0.03007204628981806
2022-08-17,88.11000061035156,0.018094880294427504,0.030337601420364662
2022-08-18,90.5,0.026763809900087754,0.02967957684334368
2022-08-19,90.7699966430664,0.0029789468498015374,0.029365729436459032
2022-08-22,90.2300033569336,-0.005966794345088517,0.029364382399055425
2022-08-23,93.73999786376953,0.03816296649507722,0.026462501000959066
2022-08-24,94.88999938964844,0.012193349847795385,0.026550222259583443
2022-08-25,92.5199966430664,-0.02529351847355716,0.026922775924121876
2022-08-26,93.05999755859375,0.0058196191018388506,0.026696438697874275
2022-08-29,97.01000213623047,0.041569667812168705,0.026169684284475143
2022-08-30,91.63999938964844,-0.056946237068939747,0.02779928754841907
2022-08-31,89.55000305175781,-0.023070688339442143,0.02788364389556807
2022-09-01,86.61000061035156,-0.033381873195455214,0.026474705770785416
2022-09-02,86.87000274658203,0.00299749049890181,0.02637091487201664
2022-09-06,86.87999725341797,0.00011504468313039828,0.025995077078873347
2022-09-07,81.94000244140625,-0.05854052265833876,0.027765488799162453
2022-09-08,83.54000091552734,0.01933826811440578,0.02762071696519276
2022-09-09,86.79000091552734,0.03816584817674012,0.02871219471961796
2022-09-12,87.77999877929688,0.011342252148776735,0.02843267692840353
2022-09-13,87.30999755859375,-0.0053686944934838755,0.02712241898876686
2022-09-14,88.4800033569336,0.01331159985383934,0.027237083020141408
2022-09-15,85.0999984741211,-0.03894955806514469,0.027156537976172315
2022-09-16,85.11000061035156,0.00011752701128942239,0.02685109846071455
2022-09-19,85.7300033569336,0.007258317187514524,0.026870161139452547
2022-09-20,84.44999694824219,-0.015043254730761624,0.02669062111965888
2022-09-21,82.94000244140625,-0.018042122862901723,0.026843101322979054
2022-09-22,83.48999786376953,0.006609354365199205,0.02667714423026336
2022-09-23,78.73999786376953,-0.0585755802338362,0.027928435558973876
2022-09-26,76.70999908447266,-0.026119192349120236,0.027975025272448616
2022-09-27,78.5,0.023066558752072978,0.02810316494953936
2022-09-28,82.1500015258789,0.045448238269216075,0.028989858652748314
2022-09-29,81.2300033569336,-0.011262184668438886,0.02879234051484371
2022-09-30,79.48999786376953,-0.021653477678323034,0.028438058309304255
2022-10-03,83.62999725341797,0.050771073840550345,0.03014846323781378
2022-10-04,86.5199966430664,0.03397328773398024,0.030873779007260307
2022-10-05,87.76000213623047,0.014230278023359837,0.030116167687790005
2022-10-06,88.44999694824219,0.007831545794454152,0.030054763727783405
2022-10-07,92.63999938964844,0.046283621133100014,0.03099631699453691
2022-10-10,91.12999725341797,-0.016433978867390647,0.031119348477596263
2022-10-11,89.3499984741211,-0.019725803840981798,0.030248507697416258
2022-10-12,87.2699966430664,-0.023554501818735887,0.02876304646465574
2022-10-13,89.11000061035156,0.020864845764892608,0.0287521688277517
2022-10-14,85.61000061035156,-0.0400694625902089,0.02904304457801552
2022-10-17,85.45999908447266,-0.0017536863808918246,0.02903690535411176
2022-10-18,82.81999969482422,-0.03137884507033144,0.029576500647453326
2022-10-19,85.55000305175781,0.032431461577801336,0.0281666876492804
2022-10-20,85.9800033569336,0.005013714100911246,0.027973514437058443
2022-10-21,85.05000305175781,-0.010875395387529897,0.027144953008041636
2022-10-24,84.58000183105469,-0.005541501030663559,0.027062106006387605
2022-10-25,85.31999969482422,0.008711036333179677,0.027110043095865177
2022-10-26,87.91000366210938,0.029904715494257612,0.02757253698940392
2022-10-27,89.08000183105469,0.013221257423768493,0.026675951170535183
2022-10-28,87.9000015258789,-0.013335040893947693,0.02681311722083131
2022-10-31,86.52999877929688,-0.015708661539025393,0.026957973437836617
2022-11-01,88.37000274658203,0.021041416099027432,0.027054180317763805
2022-11-02,90.0,0.018277093719872264,0.02696142534001184
2022-11-03,88.16999816894531,-0.020542921998650533,0.027280322387568046
2022-11-04,92.61000061035156,0.049130385441120944,0.026120843700898785
2022-11-07,91.79000091552734,-0.008893764567584613,0.025587803632239232
2022-11-08,88.91000366210938,-0.03187870588315595,0.026279856397551943
2022-11-09,85.83000183105469,-0.03525604625836199,0.0260361954666536
2022-11-10,86.47000122070312,0.007428930025776933,0.025944717443728383
2022-11-11,88.95999908447266,0.028389273121412952,0.025974636153356906
2022-11-14,85.87000274658203,-0.03535226354107958,0.02535054510216885
2022-11-15,86.91999816894531,0.012153577652508817,0.024672306686588437
2022-11-16,85.58999633789062,-0.015419723215384675,0.024682842905677398
2022-11-17,81.63999938964844,-0.047249080641357105,0.026027912158952053
2022-11-18,80.08000183105469,-0.019293172593227038,0.02448262168770003
2022-11-21,79.7300033569336,-0.004380189254109803,0.024384781702872928
2022-11-22,80.94999694824219,0.015185673806176454,0.0244637807927617
2022-11-23,77.94000244140625,-0.03789231118961153,0.02500731600071197
2022-11-25,76.27999877929688,-0.021528566505445258,0.02476391023754327
2022-11-28,77.23999786376953,0.012506665173971046,0.02406019839960585
2022-11-29,78.19999694824219,0.012352178622964359,0.02423130027232577
2022-11-30,80.55000305175781,0.029608538983256973,0.02432292253980969
2022-12-01,81.22000122070312,0.008283389778253769,0.023568805246023568
2022-12-02,79.9800033569336,-0.015384891896905036,0.02366156742341536
2022-12-05,76.93000030517578,-0.03888072395306297,0.02454303734284914
2022-12-06,74.25,-0.03545814375496243,0.025233440280490904
2022-12-07,72.01000213623047,-0.030632749756286597,0.025552037860349697
2022-12-08,71.45999908447266,-0.00766718814300438,0.02465409576049426
2022-12-09,71.0199966430664,-0.006176359536017363,0.0243606507211998
2022-12-12,73.16999816894531,0.02982399562377329,0.02526498716341023
2022-12-13,75.38999938964844,0.029889156256414372,0.02602791266418362
2022-12-14,77.27999877929688,0.02476054198072616,0.026162731814747743
2022-12-15,76.11000061035156,-0.015255503809779651,0.025872091874459005
2022-12-16,74.29000091552734,-0.024203304811224517,0.025953555805095774
2022-12-19,75.19000244140625,0.01204191037235116,0.024065900258087535
2022-12-20,76.08999633789062,0.011898526200013675,0.024306072218715318
2022-12-21,78.29000091552734,0.02850309055409988,0.024609034239230224
2022-12-22,77.48999786376953,-0.010271024405837678,0.023936777444578797
2022-12-23,79.55999755859375,0.02636255509138068,0.02447587274303478
2022-12-27,79.52999877929688,-0.0003771296793383892,0.02376600520925449
2022-12-28,78.95999908447266,-0.007192910089677919,0.02301854274764477
2022-12-29,78.4000015258789,-0.007117436711298444,0.022855267972930842
2022-12-30,80.26000213623047,0.023447444636044895,0.023250886405160195
2023-01-03,76.93000030517578,-0.042375470017376494,0.022939809936483927
2023-01-04,72.83999633789062,-0.05463071685444142,0.02469921377742447
2023-01-05,73.66999816894531,0.011330431256570664,0.024838581683844254
2023-01-06,73.7699966430664,0.0013564635509059847,0.024623845479378504
2023-01-09,74.62999725341797,0.011590434949835204,0.02385803395306421
2023-01-10,75.12000274658203,0.006544337121958464,0.023592273419204397
2023-01-11,77.41000366210938,0.030029147061982935,0.024136297498230062
2023-01-12,78.38999938964844,0.012580341889957748,0.024140335653427034
2023-01-13,79.86000061035156,0.01857874886330334,0.023756053250765675
2023-01-17,80.18000030517578,0.003999001742649654,0.023715599600527135
2023-01-18,79.4800033569336,-0.008768651100673848,0.02360222072960079
2023-01-19,80.33000183105469,0.01063771306005812,0.022510761325716486
2023-01-20,81.30999755859375,0.01212580721396317,0.02147362941261439
2023-01-23,81.62000274658203,0.0038053834346630346,0.020511083344701107
2023-01-24,80.12999725341797,-0.01842408211510216,0.020816993714683478
2023-01-25,80.1500015258789,0.00024961657994953667,0.020743549971219737
2023-01-26,81.01000213623047,0.010672732119007489,0.020210248450221038
2023-01-27,79.68000030517578,-0.016554013105999542,0.019886834513640407
2023-01-30,77.9000015258789,-0.02259264464199529,0.019884505059277004
2023-01-31,78.87000274658203,0.012374989769700837,0.01978039365803419
2023-02-01,76.41000366210938,-0.031687336647495866,0.02015530071963836
2023-02-02,75.87999725341797,-0.006960516716146392,0.020092800329886938
2023-02-03,73.38999938964844,-0.03336543063000143,0.020876357041226357
2023-02-06,74.11000061035156,0.009762805958597316,0.020227062626213974
2023-02-07,77.13999938964844,0.04007146066880467,0.02154769192750228
2023-02-08,78.47000122070312,0.01709445682786104,0.02121837494056221
2023-02-09,78.05999755859375,-0.005238671219238274,0.021236278526124922
2023-02-10,79.72000122070312,0.02104278018052939,0.02155826945486166
2023-02-13,80.13999938964844,0.005254586934955847,0.02152941863960658
2023-02-14,79.05999755859375,-0.013568070603816167,0.021241442322737517
2023-02-15,78.58999633789062,-0.005962608707684238,0.019754538621767213
2023-02-16,78.48999786376953,-0.0012732173583038164,0.01677773260334206
2023-02-17,76.33999633789062,-0.027774201576087686,0.017567690683137335
2023-02-21,76.16000366210938,-0.002360560778512077,0.017579555827162564
2023-02-22,73.94999694824219,-0.029447290678574236,0.018313441149501692
2023-02-23,75.38999938964844,0.019285484238734635,0.01862288819582619
2023-02-24,76.31999969482422,0.012260391013708292,0.017907656044879514
2023-02-27,75.68000030517578,-0.008421094365324252,0.01778989762882016
2023-02-28,77.05000305175781,0.017940672597550784,0.017765834044155007
2023-03-01,77.69000244140625,0.008271979013680026,0.017825930303491454
2023-03-02,78.16000366210938,0.006031474201232518,0.0178097852672831
2023-03-03,79.68000030517578,0.019260562517824452,0.018064465329896993
2023-03-06,80.45999908447266,0.009741538036617536,0.018013217163559296
2023-03-07,77.58000183105469,-0.036450469529008156,0.019156109135987656
2023-03-08,76.66000366210938,-0.011929577890763479,0.018996533714136572
2023-03-09,75.72000122070312,-0.0123377652608065,0.019095863004862837
2023-03-10,76.68000030517578,0.012598579694905953,0.01914274944698236
2023-03-13,74.80000305175781,-0.02482299637797327,0.019419582609803074
2023-03-14,71.33000183105469,-0.04750090381919502,0.020808457403589428
2023-03-15,67.61000061035156,-0.05356111183001665,0.02254512286430773
2023-03-16,68.3499984741211,0.010885630715347722,0.02215260482569108
2023-03-17,66.73999786376953,-0.023837099530488595,0.022450133100888007
2023-03-20,67.63999938964844,0.013395073691870074,0.021979337411738895
2023-03-21,69.33000183105469,0.02467822435826142,0.022435395176625395
2023-03-22,70.9000015258789,0.02239271569453471,0.021498818093909
2023-03-23,69.95999908447266,-0.013346817995684641,0.02124375754207466
2023-03-24,69.26000213623047,-0.01005606724604635,0.02127298774656696
2023-03-27,72.80999755859375,0.049985705057510155,0.023030939034081245
2023-03-28,73.19999694824219,0.005342104401159677,0.023032029099677984
2023-03-29,72.97000122070312,-0.003146964770220413,0.022945870955681204
2023-03-30,74.37000274658203,0.019004257140160793,0.023272840753696164
2023-03-31,75.66999816894531,0.01732908486201034,0.023534798789037244
2023-04-03,80.41999816894531,0.06088112219194424,0.025564040626639
2023-04-04,80.70999908447266,0.003599593292382364,0.025554267939370465
2023-04-05,80.61000061035156,-0.001239753125691826,0.024869557261759403
2023-04-06,80.69999694824219,0.0011158185926502604,0.02467661027186623
2023-04-10,79.73999786376953,-0.011967222296559991,0.02473471950413005
2023-04-11,81.52999877929688,0.022199720539117694,0.02494376816564599
2023-04-12,83.26000213623047,0.020997231721794976,0.02501522843571851
2023-04-13,82.16000366210938,-0.013299657230972449,0.025155725424187227
2023-04-14,82.5199966430664,0.004372037329607262,0.025148070593736062
2023-04-17,80.83000183105469,-0.020692441123898137,0.025249732985783292
2023-04-18,80.86000061035156,0.0003710653619657546,0.025189068781060787
2023-04-19,79.16000366210938,-0.021248104764392216,0.024572413655638056
2023-04-20,77.29000091552734,-0.023906574032350608,0.0248795913991411
2023-04-21,77.87000274658203,0.007476211896137108,0.02479613684238155
2023-04-24,78.76000213623047,0.011364476033946481,0.02477713318606218
2023-04-25,77.06999969482422,-0.02169118506403655,0.024671423435822865
2023-04-26,74.30000305175781,-0.036603103033010724,0.024003927323578672
2023-04-27,74.76000213623047,0.006172018364703903,0.021653528335914995
2023-04-28,76.77999877929688,0.026661162512066235,0.022031078266137507
2023-05-01,75.66000366210938,-0.014694506066871485,0.021695170016096957
2023-05-02,71.66000366210938,-0.05431690462630695,0.02409326396325863
2023-05-03,68.5999984741211,-0.04364025049205437,0.02507705487323831
2023-05-04,68.55999755859375,-0.0005832738089589101,0.024706552230623253
2023-05-05,71.33999633789062,0.039747889917812196,0.025682801015040203
2023-05-08,73.16000366210938,0.025191744981273616,0.025980607378622875
2023-05-09,73.70999908447266,0.0074895892016972705,0.024373029362895416
2023-05-10,72.55999755859375,-0.01572469062037348,0.024528997879612564
2023-05-11,70.87000274658203,-0.023566520582779076,0.02489156125829032
2023-05-12,70.04000091552734,-0.011780731088234459,0.024673179390680464
2023-05-15,71.11000061035156,0.015161461989485866,0.02461773631274444
2023-05-16,70.86000061035156,-0.003521874427818382,0.02155644584627787
2023-05-17,72.83000183105469,0.027421875320501887,0.022280970111287438
2023-05-18,71.86000061035156,-0.01340819319232004,0.022350478643191268
2023-05-19,71.55000305175781,-0.004323241524433219,0.022331026786629755
2023-05-22,71.98999786376953,0.006130642152662373,0.022353134551100044
2023-05-23,72.91000366210938,0.012698663238922174,0.022042962547022347
2023-05-24,74.33999633789062,0.019423261561333362,0.021983885113506973
2023-05-25,71.83000183105469,-0.034346874029264264,0.022624751562039056
2023-05-26,72.66999816894531,0.01162637785348642,0.022760968185855077
2023-05-30,69.45999908447266,-0.04517758529641315,0.023787240208295
2023-05-31,68.08999633789062,-0.019920728423778573,0.023915833044489243
2023-06-01,70.0999984741211,0.02909246656186189,0.024547159517097853
2023-06-02,71.73999786376953,0.023125670053368873,0.024736528219518238
2023-06-05,72.1500015258789,0.00569886404184349,0.02471396898201145
2023-06-06,71.73999786376953,-0.005698864041843443,0.024578838654470105
2023-06-07,72.52999877929688,0.01095181021826159,0.024450187856792954
2023-06-08,71.29000091552734,-0.017244174573166782,0.023751572022031237
2023-06-09,70.16999816894531,-0.015835234802188534,0.023849977255449593
2023-06-12,67.12000274658203,-0.044438740090224194,0.02441802773008852
2023-06-13,69.41999816894531,0.03369288097774668,0.025302276417034596
2023-06-14,68.2699966430664,-0.016704601798411153,0.023535258302646116
2023-06-15,70.62000274658203,0.033843047133893404,0.023010070098104067
2023-06-16,71.77999877929688,0.016292439320637658,0.02317653162095325
2023-06-20,70.5,-0.017993158895064698,0.02227322211786908
2023-06-21,72.52999877929688,0.028387542726777716,0.0224070554639645
2023-06-22,69.51000213623047,-0.04252959469989951,0.023635627178598906
2023-06-23,69.16000366210938,-0.005047944078749438,0.023501150466557253
2023-06-26,69.37000274658203,0.003031823224082698,0.023142844006274074
2023-06-27,67.69999694824219,-0.024368402149869475,0.023462328635432142
2023-06-28,69.55999755859375,0.02710351954766955,0.023846473907819167
2023-06-29,69.86000061035156,0.004303593727232923,0.023857731068704643
2023-06-30,70.63999938964844,0.01110329953992615,0.023381051761384816
2023-07-03,69.79000091552734,-0.012105801508016404,0.02335845046313224
2023-07-05,71.79000091552734,0.028254457193867853,0.023947231561771986
2023-07-06,71.80000305175781,0.00013931521652338637,0.023920271818770916
2023-07-07,73.86000061035156,0.02828689913027681,0.024372640019160535
2023-07-10,72.98999786376953,-0.011849001491944946,0.02420050460229821
2023-07-11,74.83000183105469,0.02489648236569345,0.023765945777441996
2023-07-12,75.75,0.012219545827684955,0.02377502316045537
2023-07-13,76.88999938964844,0.01493737671662713,0.02219629772389873
2023-07-14,75.41999816894531,-0.019303353554000074,0.02217421768884391
2023-07-17,74.1500015258789,-0.016982378389892278,0.021928175291968974
2023-07-18,75.75,0.021348355227265157,0.021871101048906865
2023-07-19,75.3499984741211,-0.005294539567523786,0.021895831326664658
2023-07-20,75.62999725341797,0.0037090887299437904,0.021857301481729853
2023-07-21,77.06999969482422,0.0188611022782814,0.022019096655379777
2023-07-24,78.73999786376953,0.02143716255522998,0.021984420229763536
2023-07-25,79.62999725341797,0.011239613392143006,0.021725449316467377
2023-07-26,78.77999877929688,-0.010731729729882442,0.019918939614000514
2023-07-27,80.08999633789062,0.016491814562992667,0.019312983596778157
2023-07-28,80.58000183105469,0.006099545875976461,0.0188827709718496
2023-07-31,81.80000305175781,0.015026778429613846,0.018210285269803346
2023-08-01,81.37000274658203,-0.0052705924534539855,0.018170573691221013
2023-08-02,79.48999786376953,-0.023375487751982435,0.018421888475384104
2023-08-03,81.55000305175781,0.025585165778128107,0.018300670888162895
2023-08-04,82.81999969482422,0.015453207943668348,0.016164445022827094
2023-08-07,81.94000244140625,-0.01068227251884067,0.016327223692232454
2023-08-08,82.91999816894531,0.011888963571621945,0.01635825794404224
2023-08-09,84.4000015258789,0.01769115419565046,0.015447449598515184
2023-08-10,82.81999969482422,-0.018897845248431876,0.01570003317138818
2023-08-11,83.19000244140625,0.004457603210535083,0.01569954675953718
2023-08-14,82.51000213623047,-0.008207653636332482,0.015870458729277274
2023-08-15,80.98999786376953,-0.018593860122389717,0.01615574346501615
2023-08-16,79.37999725341797,-0.020079251129936113,0.016162756952017295
2023-08-17,80.38999938964844,0.01264336999299781,0.01623815447771757
2023-08-18,81.25,0.010641038462359106,0.015627445277783914
2023-08-21,80.72000122070312,-0.006544430041808612,0.015480871837220064
2023-08-22,80.3499984741211,-0.004594317974920206,0.014994548225567202
2023-08-23,78.88999938964844,-0.018337603822861738,0.015336539129858063
2023-08-24,79.05000305175781,0.002026132890635851,0.015121869395206254
2023-08-25,79.83000183105469,0.009818794333739538,0.014707713416579973
2023-08-28,80.0999984741211,0.003376438430007358,0.014269865397088244
2023-08-29,81.16000366210938,0.013146725055070738,0.013973235305359561
2023-08-30,81.62999725341797,0.005774247736830996,0.013911802226415944
2023-08-31,83.62999725341797,0.02420546673482652,0.014457269484341138
2023-09-01,85.55000305175781,0.022698761459047576,0.014615347783652708
2023-09-05,86.69000244140625,0.013237529032623712,0.014342058655694644
2023-09-06,87.54000091552734,0.009757277178099374,0.014315957475281384
2023-09-07,86.87000274658203,-0.007683062332156812,0.014224497884893423
2023-09-08,87.51000213623047,0.007340317070030951,0.01402768443043308
2023-09-11,87.29000091552734,-0.002517177723412052,0.014049243592891291
2023-09-12,88.83999633789062,0.01760103856922371,0.014134941823999223
2023-09-13,88.5199966430664,-0.003608480544858315,0.014105639007342007
2023-09-14,90.16000366210938,0.018357433089449215,0.013478345918099106
2023-09-15,90.7699966430664,0.0067428872062673595,0.012872796950188836
2023-09-18,91.4800033569336,0.007791608294717611,0.012703813116155024
2023-09-19,91.19999694824219,-0.0030655422323710565,0.012488715737937276
2023-09-20,90.27999877929688,-0.010138925189995375,0.012629440398244492
2023-09-21,89.62999725341797,-0.007225883702320368,0.012436575360973317
2023-09-22,90.02999877929688,0.00445287983582428,0.011797595251967118
2023-09-25,89.68000030517578,-0.003895152394691035,0.011855120962723547
2023-09-26,90.38999938964844,0.00788585289105018,0.011717013420556588
2023-09-27,93.68000030517578,0.035751087489206496,0.012435846601760885
2023-09-28,91.70999908447266,-0.02125330795910164,0.012518581968347374
2023-09-29,90.79000091552734,-0.010082257120324335,0.012714454468996106
2023-10-02,88.81999969482422,-0.02193731103961071,0.013499590820216466
2023-10-03,89.2300033569336,0.0046054971051253885,0.013381601064149736
2023-10-04,84.22000122070312,-0.05778490630519061,0.017392083747501338
2023-10-05,82.30999755859375,-0.022939859904561943,0.017592856068925446
2023-10-06,82.79000091552734,0.00581471488570491,0.017610985522701454
2023-10-09,86.37999725341797,0.042448843526906935,0.01908574466622453
2023-10-10,85.97000122070312,-0.004757723350522214,0.019132474806832857
2023-10-11,83.48999786376953,-0.029271573766282092,0.019861158754177644
2023-10-12,82.91000366210938,-0.006971112321425114,0.01989055635342713
2023-10-13,87.69000244140625,0.05605216933477332,0.021942317298573665
2023-10-16,86.66000366210938,-0.01181543706247282,0.02170033710490256
2023-10-17,86.66000366210938,0.0,0.02156508811873906
2023-10-18,88.31999969482422,0.018974120503322253,0.021773704107571096
2023-10-19,89.37000274658203,0.01181850705256384,0.02181834822773347
2023-10-20,88.75,-0.006961657770482004,0.021830054789257296
2023-10-23,85.48999786376953,-0.037424043305457406,0.022898831024889058
2023-10-24,83.73999786376953,-0.020682649969346264,0.022910830299470306
2023-10-25,85.38999938964844,0.01951225569098259,0.02324034328134994
2023-10-26,83.20999908447266,-0.025861468861977484,0.023359124664308638
2023-10-27,85.54000091552734,0.02761659159195094,0.023952631891449958
2023-10-30,82.30999755859375,-0.03849153617823873,0.024777981723935777
2023-10-31,81.0199966430664,-0.015796580982289202,0.024878729743462582
2023-11-01,80.44000244140625,-0.007184401086049107,0.02485920657786808
2023-11-02,82.45999908447266,0.024801720920969248,0.02539111467394772
2023-11-03,80.51000213623047,-0.02393188933045226,0.025639965983051245
2023-11-06,80.81999969482422,0.0038430290287168557,0.025677095575865838
2023-11-07,77.37000274658203,-0.043625311813656455,0.0265975071329581
2023-11-08,75.33000183105469,-0.026720657915963647,0.025712863711447227
2023-11-09,75.73999786376953,0.005427908124148504,0.02567381401628029
2023-11-10,77.16999816894531,0.018704362473103198,0.026065533710868616
2023-11-13,78.26000213623047,0.014025887336881721,0.026106552845850853
2023-11-14,78.26000213623047,0.0,0.026066381134308113
2023-11-15,76.66000366210938,-0.020656536355641606,0.02426191766120864
2023-11-16,72.9000015258789,-0.050291447777470084,0.025513441808245656
2023-11-17,75.88999938964844,0.04019625542750343,0.026715571432199613
2023-11-20,77.5999984741211,0.02228249215254567,0.02577220175236316
2023-11-21,77.7699966430664,0.0021883020161747205,0.025792384141962166
2023-11-22,77.0999984741211,-0.008652448763582765,0.025348486994972674
2023-11-24,75.54000091552734,-0.020440931374297266,0.025546114073643315
2023-11-27,74.86000061035156,-0.009042618774556595,0.02298440271227963
2023-11-28,76.41000366210938,0.02049391495704665,0.023420099173179554
2023-11-29,77.86000061035156,0.018798724434829987,0.0237848836751402
2023-11-30,75.95999908447266,-0.024705476130070746,0.02369404992361818
2023-12-01,74.06999969482422,-0.0251962859862309,0.02375036502156442
2023-12-04,73.04000091552734,-0.014003339083783048,0.02379230636787216
2023-12-05,72.31999969482422,-0.009906536957191996,0.02307848065370358
2023-12-06,69.37999725341797,-0.04150210991003878,0.02384856827993027
2023-12-07,69.33999633789062,-0.0005767145110153752,0.023377032895583304
2023-12-08,71.2300033569336,0.02689223767527876,0.023883295654727823
2023-12-11,71.31999969482422,0.0012626635976269154,0.023107387402431442
2023-12-12,68.61000061035156,-0.03873848311721898,0.023119379683114893
2023-12-13,69.47000122070312,0.012456716677692235,0.0232843029990179
2023-12-14,71.58000183105469,0.029920708641966384,0.024140963827207616
2023-12-15,71.43000030517578,-0.0020977774791577537,0.023530378820408482
2023-12-18,72.47000122070312,0.014454746526187893,0.02349706207998513
2023-12-19,73.44000244140625,0.013296079590339167,0.023661832315907377
2023-12-20,74.22000122070312,0.010564892523759216,0.022509066965383073
2023-12-21,73.88999938964844,-0.0044561795392595365,0.02200636330708435
2023-12-22,73.55999755859375,-0.004476125993481734,0.021986422739666698
2023-12-26,75.56999969482422,0.026958008447507856,0.022290682229856165
2023-12-27,74.11000061035156,-0.019508890795290112,0.022367545899688528
2023-12-28,71.7699966430664,-0.03208396953053284,0.023034780615592495
2023-12-29,71.6500015258789,-0.0016733390980195589,0.02278920377736449
2024-01-02,70.37999725341797,-0.017884082702064517,0.021142138180554132
2024-01-03,72.69999694824219,0.032432249693658995,0.020660309929233685
2024-01-04,72.19000244140625,-0.0070397765918172265,0.02018794969099438
2024-01-05,73.80999755859375,0.022192624734812802,0.0206696564036054
2024-01-08,70.7699966430664,-0.0420590560517803,0.021917017051305214
2024-01-09,72.23999786376953,0.020558744884156332,0.022060472545893287
2024-01-10,71.37000274658203,-0.01211622807075257,0.022103857718019548
2024-01-11,72.0199966430664,0.009066160142917532,0.021806598607139023
2024-01-12,72.68000030517578,0.009122436117268835,0.021558933432296663
2024-01-16,72.4000015258789,-0.0038599272595207343,0.021143655026177814
2024-01-17,72.55999755859375,0.002207451692811289,0.02067586558579152
2024-01-18,74.08000183105469,0.020731842895027334,0.02087602548838622
2024-01-19,73.41000366210938,-0.009085399046793905,0.020862483504618105
2024-01-22,75.19000244140625,0.02395805985137076,0.019709527645332715
2024-01-23,74.37000274658203,-0.010965604213236486,0.019859429478118223
2024-01-24,75.08999633789062,0.009634673695664826,0.019367399725932686
2024-01-25,77.36000061035156,0.029782513692605563,0.020030787605696813
2024-01-26,78.01000213623047,0.0083671919494853,0.018453880182679624
2024-01-29,76.77999877929688,-0.01589287731034141,0.018744304008036162
2024-01-30,77.81999969482422,0.013454289960908507,0.018171292388744317
2024-01-31,75.8499984741211,-0.02564077795736542,0.018883891232656318
2024-02-01,73.81999969482422,-0.027127992209682653,0.019455724258841102
2024-02-02,72.27999877929688,-0.02108224463230448,0.019694049530879595
2024-02-05,72.77999877929688,0.006893726576010502,0.019634042066108266
2024-02-06,73.30999755859375,0.007255816521489378,0.019672216903974703
2024-02-07,73.86000061035156,0.007474425755050153,0.01970492381594149
2024-02-08,76.22000122070312,0.031452493773191474,0.019931666828793163
2024-02-09,76.83999633789062,0.008101378780224825,0.019621178690103942
2024-02-12,76.91999816894531,0.0010406066744543267,0.01858806728000447
2024-02-13,77.87000274658203,0.012274907944354303,0.018659303832163465
2024-02-14,76.63999938964844,-0.01592167916154222,0.018587685042254744
2024-02-15,78.02999877929688,0.017974226785918826,0.01797118810596582
2024-02-16,79.19000244140625,0.014756706567403265,0.018018668960109483
2024-02-20,78.18000030517578,-0.012836194783739074,0.01787213154844416
2024-02-21,77.91000366210938,-0.0034595029211889807,0.015874837710648605
2024-02-22,78.61000061035156,0.008944564222842582,0.0155758142536666
2024-02-23,76.48999786376953,-0.02733894016442214,0.016309742945915272
2024-02-26,77.58000183105469,0.014149700208427214,0.016408472485026093
2024-02-27,78.87000274658203,0.016491276620096248,0.01656575382647261
2024-02-28,78.54000091552734,-0.0041929014273732485,0.016570428431236267
2024-02-29,78.26000213623047,-0.0035714167278449132,0.016610054613544433
2024-03-01,79.97000122070312,0.02161493552946405,0.016644188706575327
2024-03-04,78.73999786376953,-0.015500321222901771,0.016838895800715393
2024-03-05,78.1500015258789,-0.0075211819929224405,0.016420704191221693
2024-03-06,79.12999725341797,0.012461958518870208,0.016374919647604586
2024-03-07,78.93000030517578,-0.0025306473246359336,0.0163316501823096
2024-03-08,78.01000213623047,-0.01172433660244081,0.015609461563956864
2024-03-11,77.93000030517578,-0.0010260592127867838,0.015535659631836271
2024-03-12,77.55999755859375,-0.004759192874689783,0.01527454596308191
2024-03-13,79.72000122070312,0.02746871176017195,0.015891401689678623
2024-03-14,81.26000213623047,0.01913340619143594,0.015417604436083952
2024-03-15,81.04000091552734,-0.0027110456107564012,0.014423129326686927
2024-03-18,82.72000122070312,0.020518554279512564,0.014010885045952035
2024-03-19,83.47000122070312,0.009025874969930351,0.014028857454749258
2024-03-20,81.68000030517578,-0.021678122894452184,0.014810524060658439
2024-03-21,81.06999969482422,-0.007496202357379792,0.01492735617228121
2024-03-22,80.62999725341797,-0.00544222060235778,0.01400250312546409
2024-03-25,81.94999694824219,0.016238513317663482,0.014204625346233141
2024-03-26,81.62000274658203,-0.004034904322067613,0.014248405103259209
2024-03-27,81.3499984741211,-0.0033135487204207707,0.01414376406581252
2024-03-28,83.16999816894531,0.022125868956704677,0.01423720259794851
2024-04-01,83.70999908447266,0.006471749870282901,0.013964663094953951
2024-04-02,85.1500015258789,0.01705599129351878,0.014041247419023383
2024-04-03,85.43000030517578,0.003282905707169063,0.013742600286294817
2024-04-04,86.58999633789062,0.013486962431428861,0.013817877769685807
2024-04-05,86.91000366210938,0.0036888494189806584,0.013780009240113208
2024-04-08,86.43000030517578,-0.005538301290720926,0.012633156135818013
2024-04-09,85.2300033569336,-0.013981317374481906,0.012900566681509228
2024-04-10,86.20999908447266,0.011432645681132773,0.012752173215150781
2024-04-11,85.0199966430664,-0.013899686155501469,0.013059524040645209
2024-04-12,85.66000366210938,0.007499531492312272,0.013034270233071365
2024-04-15,85.41000366210938,-0.002922782104032367,0.012588909828159581
2024-04-16,85.36000061035156,-0.0005856186910562605,0.012153003743886465
2024-04-17,82.69000244140625,-0.031778908884939415,0.01357918664330121
2024-04-18,82.7300033569336,0.0004836285201896646,0.013432691873937938
2024-04-19,83.13999938964844,0.004943592704169771,0.013424993629213124
2024-04-22,82.8499984741211,-0.003494201028036716,0.01322310284771198
2024-04-23,83.36000061035156,0.006136859871728367,0.013231123684211712
2024-04-24,82.80999755859375,-0.006619787763346306,0.013269393974218413
2024-04-25,83.56999969482422,0.009135802798020112,0.012462367203417406
2024-04-26,83.8499984741211,0.003344869709890436,0.012020732685438509
2024-04-29,82.62999725341797,-0.014656692597930232,0.012343002233960256
2024-04-30,81.93000030517578,-0.008507549595007585,0.011859847102544603
2024-05-01,79.0,-0.03641737541153739,0.013423953857003543
2024-05-02,78.94999694824219,-0.0006331504196816675,0.012890507949132279
2024-05-03,78.11000061035156,-0.010696604611133635,0.012958049655388468
2024-05-06,78.4800033569336,0.004725760595283706,0.012977304304335656
2024-05-07,78.37999725341797,-0.0012751003018784941,0.012567142185851888
2024-05-08,78.98999786376953,0.0077524774024004825,0.012668517761592118
2024-05-09,79.26000213623047,0.0034123795824652194,0.012687343767684512
2024-05-10,78.26000213623047,-0.012696970635629665,0.012090046220785333
2024-05-13,79.12000274658203,0.010929077949739378,0.012224746180841099
2024-05-14,78.0199966430664,-0.014000560976655058,0.011875923432458918
2024-05-15,78.62999725341797,0.007788110021032777,0.011984983290226426
2024-05-16,79.2300033569336,0.00760178627366133,0.011755771443950293
2024-05-17,80.05999755859375,0.010421265723094177,0.01194975119202805
2024-05-20,79.80000305175781,-0.0032527803713785952,0.011938553405379014
2024-05-21,79.26000213623047,-0.006789927983864295,0.011774473105569375
2024-05-22,77.56999969482422,-0.02155286414589558,0.011974638543127029
2024-05-23,76.87000274658203,-0.00906503147732145,0.011862137949705332
2024-05-24,77.72000122070312,0.010996921124401168,0.011989041554254759
2024-05-28,79.83000183105469,0.026786756378970412,0.013183852865676159
2024-05-29,79.2300033569336,-0.00754433924800599,0.013214701109642044
2024-05-30,77.91000366210938,-0.016800695999504067,0.012322563911502491
2024-05-31,76.98999786376953,-0.011878845804020198,0.012443286820146289
2024-06-03,74.22000122070312,-0.036641843463558636,0.013835754647514659
2024-06-04,73.25,-0.013155424182366147,0.013940837138752493
2024-06-05,74.06999969482422,0.011132340007921552,0.014096357357032041
2024-06-06,75.55000305175781,0.019784141207531986,0.01473308754998838
2024-06-07,75.52999877929688,-0.0002648169491050799,0.014563784441221186
2024-06-10,77.73999786376953,0.02883998578138424,0.01567100404226775
2024-06-11,77.9000015258789,0.0020560745194554914,0.015521095361492643
2024-06-12,78.5,0.007672652323997818,0.01556695986642084
2024-06-13,78.62000274658203,0.0015275301402533966,0.014098026494996703
2024-06-14,78.44999694824219,-0.0021647146502484236,0.014102568590960787
2024-06-17,80.33000183105469,0.023681732701511034,0.01460888157003031
2024-06-18,81.56999969482422,0.01531837059133567,0.014830016361145722
2024-06-20,82.16999816894531,0.007328706088144798,0.014861913951682614
2024-06-21,80.7300033569336,-0.017679954670203727,0.01521841164079912
2024-06-24,81.62999725341797,0.011086512827385236,0.015329211927815712
2024-06-25,80.83000183105469,-0.009848601417630847,0.01525018264937946
2024-06-26,80.9000015258789,0.0008656365268328098,0.015136255373602412
2024-06-27,81.73999786376953,0.010329609075931839,0.014970024164594843
2024-06-28,81.54000091552734,-0.0024497433826135406,0.014939637925494006
2024-07-01,83.37999725341797,0.02231473089305164,0.015391320929058191
2024-07-02,82.80999755859375,-0.006859641948526388,0.015377103676201157
2024-07-03,83.87999725341797,0.01283837572594993,0.015499263012123296
2024-07-05,83.16000366210938,-0.008620666262815612,0.01553724593434009
2024-07-08,82.33000183105469,-0.010030923475955026,0.015080870678393787
2024-07-09,81.41000366210938,-0.011237422981347668,0.015140855686234075
2024-07-10,82.0999984741211,0.008439837303350642,0.015095080900263135
2024-07-11,82.62000274658203,0.006313817339398577,0.014373316071900689
2024-07-12,82.20999908447266,-0.004974877184572584,0.014327333446450667
2024-07-15,81.91000366210938,-0.0036558097911436604,0.013952985578743353
2024-07-16,80.76000213623047,-0.014139308340223741,0.014034533844398085
2024-07-17,82.8499984741211,0.025549905558976974,0.012724008551089062
2024-07-18,82.81999969482422,-0.00036215102259073414,0.012349656021622307
2024-07-19,80.12999725341797,-0.03301929291921077,0.014002094799686534
2024-07-22,79.77999877929688,-0.0043774503370086724,0.013671846472357276
2024-07-23,76.95999908447266,-0.035987036715088364,0.015316051484561227
2024-07-24,77.58999633789062,0.008152711246337686,0.014442735008853633
2024-07-25,78.27999877929688,0.00885362122617054,0.014530205679005322
2024-07-26,77.16000366210938,-0.014410891435045557,0.014695051554623827
2024-07-29,75.80999755859375,-0.017651057634833576,0.015014181646006682
2024-07-30,74.7300033569336,-0.014348515000907594,0.015204385525219697
2024-07-31,77.91000366210938,0.041672698484094266,0.01653344936009318
2024-08-01,76.30999755859375,-0.020750402038847978,0.016615636162014603
2024-08-02,73.5199966430664,-0.03724652692098453,0.017690420700036222
2024-08-05,72.94000244140625,-0.00792021353532362,0.017513468727305005
2024-08-06,73.19999694824219,0.0035581604246189076,0.01735219176905167
2024-08-07,75.2300033569336,0.02735475291781767,0.01820132372282497
2024-08-08,76.19000244140625,0.012680120334172904,0.0184009850209288
2024-08-09,76.83999633789062,0.008495037712886217,0.01836160500992273
2024-08-12,80.05999755859375,0.04105103282825877,0.0199764449982714
2024-08-13,78.3499984741211,-0.021590373742851835,0.01984684368441714
2024-08-14,76.9800033569336,-0.01764025786340206,0.02003320441261298
2024-08-15,78.16000366210938,0.015212363125069652,0.020100186333884735
2024-08-16,76.6500015258789,-0.019508429363616648,0.02031438466464899
2024-08-19,74.37000274658203,-0.030196953578393984,0.02089022374822575
2024-08-20,74.04000091552734,-0.004447171575921042,0.02083898279248064
2024-08-21,71.93000030517578,-0.028912071948661716,0.021233926703731212
2024-08-22,73.01000213623047,0.014903019205474667,0.02144038344084969
2024-08-23,74.83000183105469,0.024622451234376702,0.02207144988157306
2024-08-26,77.41999816894531,0.03402622293678218,0.023089550072201946
2024-08-27,75.52999877929688,-0.024715209335050777,0.023362316468106166
2024-08-28,74.5199966430664,-0.013462411477556464,0.02284257517231091
2024-08-29,75.91000366210938,0.018480975585486233,0.023189182217822863
2024-08-30,73.55000305175781,-0.03158298773172092,0.023126258992842343
2024-09-03,70.33999633789062,-0.04462491355686993,0.02435244870988042
2024-09-04,69.19999694824219,-0.016339756459787656,0.023724142403849298
2024-09-05,69.1500015258789,-0.0007227383460925007,0.023628412507604297
2024-09-06,67.66999816894531,-0.021635156991438764,0.023719182519456032
2024-09-09,68.70999908447266,0.01525181253292539,0.02392446953733334
2024-09-10,65.75,-0.04403506466059675,0.02491318559952707
2024-09-11,67.30999755859375,0.023449106693669394,0.025362507968898208
2024-09-12,68.97000122070312,0.024362867390701433,0.024481322511384605
2024-09-13,68.6500015258789,-0.00465049070133241,0.024278518323632727
2024-09-16,70.08999633789062,0.02075892382264858,0.02380559709103136
2024-09-17,71.19000244140625,0.015572315146450825,0.02397605494439848
2024-09-18,70.91000366210938,-0.00394087444963749,0.023968038868147825
2024-09-19,71.94999694824219,0.014559871958021912,0.023555275231729747
2024-09-20,71.91999816894531,-0.0004170262146349265,0.023404557280301636
2024-09-23,70.37000274658203,-0.02178728969472246,0.023592036511912284
2024-09-24,71.55999755859375,0.016769149514567056,0.022418372052684914
2024-09-25,69.69000244140625,-0.026479354040803024,0.02256985427030939
2024-09-26,67.66999816894531,-0.029413947297257197,0.022916637667758016
2024-09-27,68.18000030517578,0.0075083480002425705,0.02273291134546055
2024-09-30,68.16999816894531,-0.00014671267121886113,0.0225679424635769
2024-10-01,69.83000183105469,0.024059184564979595,0.02256255454390419
2024-10-02,70.0999984741211,0.0038590291938212363,0.02258370794888974
2024-10-03,73.70999908447266,0.05021569050716062,0.023893553051733574
2024-10-04,74.37999725341797,0.00904858879004115,0.023798239378813403
2024-10-07,77.13999938964844,0.036434893297252344,0.024301465060075033
2024-10-08,73.56999969482422,-0.04738461507175182,0.025022664092121477
2024-10-09,73.23999786376953,-0.004495639157300412,0.024650925959872793
2024-10-10,75.8499984741211,0.035015995038710473,0.02538559562155721
2024-10-11,75.55999755859375,-0.0038306753550031453,0.025169270119277033
2024-10-14,73.83000183105469,-0.023161832450447797,0.02485162080132127
2024-10-15,70.58000183105469,-0.04501833368193956,0.024876141868532924
2024-10-16,70.38999938964844,-0.0026956452410497786,0.02468897959906362
2024-10-17,70.66999816894531,0.003969929843791636,0.02469538246071317
2024-10-18,69.22000122070312,-0.020731272950513795,0.024667697532525623
2024-10-21,70.55999755859375,0.019173521255786898,0.024757399617457175
2024-10-22,72.08999633789062,0.021451910519248066,0.023516017277654643
2024-10-23,70.7699966430664,-0.018480152964077994,0.023508959359227453
2024-10-24,70.19000244140625,-0.008229249128125489,0.023174854017958876
2024-10-25,71.77999877929688,0.022399983188136557,0.02348826744164105
2024-10-28,67.37999725341797,-0.06325767149745264,0.025986928666062947
2024-10-29,67.20999908447266,-0.002526164855852338,0.025790724243570318
2024-10-30,68.61000061035156,0.02061627323877297,0.02611200420128411
2024-10-31,69.26000213623047,0.009429264219159237,0.02602255764043316
2024-11-01,69.48999786376953,0.003315256766768306,0.026035695200901054
2024-11-04,71.47000122070312,0.028094971727141534,0.026263825539548098
2024-11-05,71.98999786376953,0.007249392495397435,0.026117796662080674
2024-11-06,71.69000244140625,-0.004175888887395827,0.02564534789461727
2024-11-07,72.36000061035156,0.009302367042198464,0.025031835193020283
2024-11-08,70.37999725341797,-0.02774457609362235,0.02559676658420632
2024-11-11,68.04000091552734,-0.03381331188501914,0.026377534234840273
2024-11-12,68.12000274658203,0.001175115130863235,0.025983830203753933
2024-11-13,68.43000030517578,0.004540433309838222,0.0259883646008243
2024-11-14,68.69999694824219,0.003937825382707094,0.024165073261596497
2024-11-15,67.0199966430664,-0.024758122586163202,0.024402459850286114
2024-11-18,69.16000366210938,0.031431681545723344,0.02413595242899286
2024-11-19,69.38999938964844,0.003320042349147119,0.02269963640130214
2024-11-20,68.87000274658203,-0.007522046678218695,0.02271805791338451
2024-11-21,70.0999984741211,0.017702062836089758,0.02195091222462937
2024-11-22,71.23999786376953,0.01613165616169969,0.022214178621697243
2024-11-25,68.94000244140625,-0.032817831932857484,0.02259856239555281
2024-11-26,68.7699966430664,-0.0024690419843932956,0.0211102548060139
2024-11-27,68.72000122070312,-0.0007272590783860844,0.021107430693480658
2024-11-29,68.0,-0.010532590263326157,0.021160417712210687
2024-12-02,68.0999984741211,0.0014694855729147065,0.020842663024370822
2024-12-03,69.94000244140625,0.026660575793360352,0.02112974497791744
2024-12-04,68.54000091552734,-0.020220236738356396,0.0210203404498518
2024-12-05,68.30000305175781,-0.0035077185456156065,0.020784200896340886
2024-12-06,67.19999694824219,-0.01623660914236962,0.020928707066317397
2024-12-09,68.37000274658203,0.017260969981989026,0.02074699794782727
2024-12-10,68.58999633789062,0.0032125260218978198,0.017180474106930344
2024-12-11,70.29000091552734,0.02448285609288817,0.017710854370256948
2024-12-12,70.0199966430664,-0.0038486866287931534,0.01735975129523058
2024-12-13,71.29000091552734,0.017975210387811715,0.017577062784913645
2024-12-16,70.70999908447266,-0.008169085303320521,0.017648977052514447
2024-12-17,70.08000183105469,-0.00894951991231415,0.016939151306912082
2024-12-18,70.58000183105469,0.007109371433892709,0.016936917484856203
2024-12-19,69.91000366210938,-0.009538091283001255,0.017003471915390634
2024-12-20,69.45999908447266,-0.006457718771803879,0.016922639224951082
2024-12-23,69.23999786376953,-0.003172334679827193,0.016180102896745298
2024-12-24,70.0999984741211,0.012344072817910593,0.015063482501537067
2024-12-26,69.62000274658203,-0.006870850439029008,0.015131624281237016
2024-12-27,70.5999984741211,0.013978201051839344,0.015310709330037506
2024-12-30,70.98999786376953,0.00550886907312227,0.015323641801046003
2024-12-31,71.72000122070312,0.010230673798029735,0.014602805199260837
2025-01-02,73.12999725341797,0.019468975967998597,0.013926395515697229
2025-01-03,73.95999908447266,0.011285752414910675,0.014030729589496096
2025-01-06,73.55999755859375,-0.005423027593440198,0.013986120869823948
2025-01-07,74.25,0.009336411136007488,0.013747665358270338
2025-01-08,73.31999969482422,-0.012604358873549463,0.013724190194969897
2025-01-09,73.91999816894531,0.008149983753407338,0.012201066119107025
2025-01-10,76.56999969482422,0.035221948576786184,0.013555753504486649
2025-01-13,78.81999969482422,0.028961416755598178,0.01429396253512161
2025-01-14,77.5,-0.016888831535749937,0.014569999044852821
2025-01-15,80.04000091552734,0.03224858479460386,0.015418486478374198
2025-01-16,78.68000030517578,-0.017137523754351097,0.015408049372195162
2025-01-17,77.87999725341797,-0.010219852162402603,0.01496960317056767
2025-01-21,75.88999938964844,-0.025884229863912228,0.015898553656093842
2025-01-22,75.44000244140625,-0.005947244685812746,0.015565309122698486
2025-01-23,74.62000274658203,-0.010929066086829906,0.015579023356530096
2025-01-24,74.66000366210938,0.0005359179363270571,0.01558492878894943
2025-01-27,73.16999816894531,-0.020159046665649796,0.01557708991317618
2025-01-28,73.7699966430664,0.008166623519532719,0.015593576867557874
2025-01-29,72.62000274658203,-0.015711695583328272,0.015596990912315842
2025-01-30,72.7300033569336,0.001513596515076029,0.015508860269764222
2025-01-31,72.52999877929688,-0.0027537477775536725,0.015413599983197602
2025-02-03,73.16000366210938,0.008648621033832713,0.015436681775726963
2025-02-04,72.69999694824219,-0.006307531016772015,0.015370339570298578
2025-02-05,71.02999877929688,-0.023239036738083033,0.01595674777564823
2025-02-06,70.61000061035156,-0.005930519651740896,0.015988012629093117
2025-02-07,71.0,0.005508090869077976,0.0158638760419276
2025-02-10,72.31999969482422,0.018420834822807805,0.016132533712532236
2025-02-11,73.31999969482422,0.013732706945136314,0.016125925281115828
2025-02-12,71.37000274658203,-0.026955767342579182,0.016901612386659916
2025-02-13,71.29000091552734,-0.001121573494846507,0.016795531403976327
2025-02-14,70.73999786376953,-0.007744924392838291,0.01642742917537085
2025-02-18,71.8499984741211,0.015569437709031842,0.016556974820728893
2025-02-19,72.25,0.005551735704514271,0.01657630578788956
2025-02-20,72.56999969482422,0.004419282092243165,0.01649880730338441
2025-02-21,70.4000015258789,-0.030358324246371943,0.017239961423361747
2025-02-24,70.69999694824219,0.004252244899222221,0.01718044644065494
2025-02-25,68.93000030517578,-0.02535402841274555,0.016252245371392006
2025-02-26,68.62000274658203,-0.004507423868616894,0.015051185575144385
2025-02-27,70.3499984741211,0.024898684414304355,0.01579194596162398
2025-02-28,69.76000213623047,-0.008421951647283326,0.014318489789979415
2025-03-03,68.37000274658203,-0.020126638125264197,0.014418918342592558
2025-03-04,68.26000213623047,-0.0016101973239740863,0.014390544431493589
2025-03-05,66.30999755859375,-0.02898329621135002,0.014560247570174186
2025-03-06,66.36000061035156,0.0007537959571209369,0.01458862288766908
2025-03-07,67.04000091552734,0.010194995310435618,0.014765091640199008
2025-03-10,66.02999877929688,-0.015180304110880534,0.014892623993575783
2025-03-11,66.25,0.0033262991469503343,0.014634078095928576
2025-03-12,67.68000030517578,0.02135525494073462,0.015178749773056293
2025-03-13,66.55000305175781,-0.016837129109330447,0.015212929641859663
2025-03-14,67.18000030517578,0.009421998029069015,0.015360026352182731
2025-03-17,67.58000183105469,0.005936519653962617,0.015439661904651236
2025-03-18,66.9000015258789,-0.010113118438230645,0.015358294646510092
2025-03-19,67.16000366210938,0.0038788967949342436,0.01539478899776201
2025-03-20,68.26000213623047,0.016246088036584214,0.015260438140769437
2025-03-21,68.27999877929688,0.00029290527428279986,0.015237969502140857
2025-03-24,69.11000061035156,0.012082566886560389,0.015383142755431033
2025-03-25,69.0,-0.0015929423376389708,0.01494409266610003
2025-03-26,69.6500015258789,0.00937621753636423,0.014810872280547917
2025-03-27,69.91999816894531,0.0038689830258029543,0.01404881205287426
2025-03-28,69.36000061035156,-0.008041363887377214,0.01411290062299069
2025-03-31,71.4800033569336,0.030107395982433494,0.015136181183915055
2025-04-01,71.19999694824219,-0.003924961698320787,0.014876352828499294
2025-04-02,71.70999908447266,0.007137419571240765,0.01490066904315281
2025-04-03,66.94999694824219,-0.06868416857286343,0.019406854364412838
2025-04-04,61.9900016784668,-0.07697291776429961,0.02319514837509429
2025-04-07,60.70000076293945,-0.021029398155768406,0.02333478875062007
2025-04-08,59.58000183105469,-0.018623732616628662,0.023164919128710448
2025-04-09,62.349998474121094,0.04544366963540521,0.024919775084042698
2025-04-10,60.06999969482422,-0.037253103871513815,0.025086691678708743
2025-04-11,61.5,0.02352663103073811,0.02562053065956989
2025-04-14,61.529998779296875,0.0004876661007729428,0.025454570794593748
2025-04-15,61.33000183105469,-0.003255691419578087,0.025452100536446202
2025-04-16,62.470001220703125,0.018417311552440873,0.02529075256941354
2025-04-17,64.68000030517578,0.0347655783810385,0.026165140715886846
2025-04-21,63.08000183105469,-0.025048248304809336,0.026441639601118342
2025-04-22,64.30999755859375,0.019311311061345086,0.026599508195135894
2025-04-23,62.27000045776367,-0.03223532594805014,0.027191406179987023
2025-04-24,62.790000915527344,0.008316063471168578,0.026906857460203246
2025-04-25,63.02000045776367,0.003656303886111966,0.02679020074627666
2025-04-28,62.04999923706055,-0.015511644237855738,0.02681626524045784
2025-04-29,60.41999816894531,-0.026620353701971432,0.027114005235766812
2025-04-30,58.209999084472656,-0.03726300009744934,0.027779234383304437
2025-05-01,59.2400016784668,0.017539872177297182,0.028034456290847463
2025-05-02,58.290000915527344,-0.016166449969052803,0.027843929273711637
2025-05-05,57.130001068115234,-0.020101176331286184,0.027952350054595704
2025-05-06,59.09000015258789,0.03373231650728526,0.028703156539955837
2025-05-07,58.06999969482422,-0.017412533811229817,0.028779413868189135
2025-05-08,59.90999984741211,0.031194259420231813,0.029442832646369325
2025-05-09,61.02000045776367,0.01835825324150491,0.02971131221015358
2025-05-12,61.95000076293945,0.015125933600171835,0.029917485104563647
2025-05-13,63.66999816894531,0.027385844879859716,0.02981518048321852
2025-05-14,63.150001525878906,-0.008200592311148426,0.029825734705533104
2025-05-15,61.619998931884766,-0.024526397124652956,0.029977907066000058
2025-05-16,62.4900016784668,0.014020094966139728,0.02763601232194309
2025-05-19,62.689998626708984,0.003195352579058796,0.023772140378012
2025-05-20,62.560001373291016,-0.0020758051911769233,0.023433129670525295
2025-05-21,61.56999969482422,-0.015951384222085634,0.023360904135231942
2025-05-22,61.20000076293945,-0.006027531981941245,0.021831530673544947
2025-05-23,61.529998779296875,0.005377638928633734,0.02072422452835917
2025-05-27,60.88999938964844,-0.010455893316601546,0.02036481500990474
2025-05-28,61.84000015258789,0.015481459149985511,0.020568601019004772
2025-05-29,60.939998626708984,-0.014660655724199617,0.020738747433084508
2025-05-30,60.790000915527344,-0.002464434201305977,0.020440185237282044
2025-06-02,62.52000045776367,0.02806119605402807,0.020069995092172933
2025-06-03,63.40999984741211,0.01413506243041926,0.019732058072780927
2025-06-04,62.849998474121094,-0.008870664547419721,0.01945849725911832
2025-06-05,63.369998931884766,0.00823963572205525,0.018584841131745605
2025-06-06,64.58000183105469,0.01891424720320025,0.018835923954323232
2025-06-09,65.29000091552734,0.010934105537609646,0.01891883878812203
2025-06-10,64.9800033569336,-0.004759317319035391,0.018692218201245354
2025-06-11,68.1500015258789,0.04763159863056644,0.019722667421239227
2025-06-12,68.04000091552734,-0.0016153995491640903,0.018162233032681704
2025-06-13,72.9800033569336,0.0700896960229113,0.021601684113248344
2025-06-16,71.7699966430664,-0.016718962337808015,0.021622300541868873
2025-06-17,74.83999633789062,0.04188593780488692,0.02190951907791992
2025-06-18,75.13999938964844,0.0040005795495912455,0.0214191908170609
2025-06-20,74.93000030517578,-0.0027986835739336347,0.020982819219571514
2025-06-23,68.51000213623047,-0.08957459725292966,0.02715520243629465
2025-06-24,64.37000274658203,-0.06233202246291182,0.02961682703634315
2025-06-25,64.91999816894531,0.008507985708414682,0.029538548233818507
2025-06-26,65.23999786376953,0.004917030567025608,0.029143378227212583
2025-06-27,65.5199966430664,0.004282643300932393,0.029099344175645164
2025-06-30,65.11000061035156,-0.006277231686631752,0.02873080679602618
2025-07-01,65.44999694824219,0.005208289105661505,0.02864687337869449
2025-07-02,67.44999694824219,0.030100091680430326,0.02911767079368352
2025-07-03,67.0,-0.0066939180180563464,0.029154549031133247
2025-07-04,66.5,-0.007490671729157626,0.02901262909670706
2025-07-07,67.93000030517578,0.02127582003390581,0.02916157148883034
2025-07-08,68.33000183105469,0.0058711678942017665,0.02916281945308024
2025-07-09,68.37999725341797,0.0007314084547858205,0.02904959409318203
2025-07-10,66.56999969482422,-0.026826323016373506,0.029489923468874024
2025-07-11,68.44999694824219,0.027849486122376768,0.029659886552539802
2025-07-14,66.9800033569336,-0.021709389666200556,0.030007779276688015
2025-07-15,66.5199966430664,-0.006891513624805755,0.029687354611590673
2025-07-16,66.37999725341797,-0.0021068389445210046,0.029607680606020124
2025-07-17,67.54000091552734,0.017324263597579107,0.02967668302502232
2025-07-18,67.33999633789062,-0.0029656691622084916,0.02967115204168166
2025-07-21,67.19999694824219,-0.00208115723450823,0.029506212241253275
2025-07-22,66.20999908447266,-0.014841707006914905,0.029591933305471118
2025-07-23,65.25,-0.014605448906322377,0.02970627145061804
2025-07-24,66.02999877929688,0.011883119516578307,0.028424817477538385
2025-07-25,65.16000366210938,-0.013263325783737057,0.02851217596535753
2025-07-28,66.70999908447266,0.02350901306179033,0.025602300940296845
2025-07-29,69.20999908447266,0.0367904946280851,0.026462650220551862
2025-07-30,70.0,0.01134989442383949,0.025309974987015017
2025-07-31,69.26000213623047,-0.010627672231444093,0.025326733749152397
2025-08-01,67.33000183105469,-0.02826164006549793,0.02575267738029963
2025-08-04,66.29000091552734,-0.015566859688174842,0.02016879279591843
2025-08-05,65.16000366210938,-0.01719323012859795,0.016854511151970262
2025-08-06,64.3499984741211,-0.012508929605690623,0.016942719683987622
2025-08-07,63.880001068115234,-0.0073305702624902,0.016960375821462245
2025-08-08,63.880001068115234,0.0,0.016934976080793578
2025-08-11,63.959999084472656,0.0012515335842291375,0.0169074615796023
2025-08-12,63.16999816894531,-0.012428397727227305,0.01700509366774391
2025-08-13,62.650001525878906,-0.00826577022677899,0.015983371482642342
2025-08-14,63.959999084472656,0.02069416795400631,0.01650684737664043
2025-08-15,62.79999923706055,-0.018302812326256804,0.01675721124146384
2025-08-18,63.41999816894531,0.009824178912884366,0.01633601653038633
2025-08-19,62.349998474121094,-0.017015592585072035,0.016475559936982093
2025-08-20,63.209999084472656,0.01369885434705882,0.016746149150679485
2025-08-21,63.52000045776367,0.00489232214518028,0.016156094953201933
2025-08-22,63.65999984741211,0.0022015953115401775,0.015196072188878756
2025-08-25,64.80000305175781,0.01774923099622844,0.015176406825442995
2025-08-26,63.25,-0.02421052284562626,0.015723725344431172
2025-08-27,64.1500015258789,0.01412898724012466,0.01598576291765562
2025-08-28,64.5999984741211,0.0069902723203849985,0.01568265677505503
2025-08-29,64.01000213623047,-0.009175032640841454,0.015743749015860467
2025-09-02,65.58999633789062,0.02438383494499543,0.01644685817432157
2025-09-03,63.970001220703125,-0.02500894692781603,0.016845917877140862
2025-09-04,63.47999954223633,-0.007689354097416977,0.01670210084500474
2025-09-05,61.869998931884766,-0.02568949616802651,0.017112854562113738
2025-09-08,62.2599983215332,0.0062837457754367386,0.017047881295840894
2025-09-09,62.630001068115234,0.005925275537221591,0.016449544317582967
2025-09-10,63.66999816894531,0.01646905167872603,0.015160590767233289
2025-09-11,62.369998931884766,-0.020629091857851622,0.015256701787831702
2025-09-12,62.689998626708984,0.005117549967248644,0.015286194302962103
2025-09-15,63.29999923706055,0.009683393717559274,0.014710469023966524
2025-09-16,64.5199966430664,0.019089884130283317,0.01497146902489762
2025-09-17,64.05000305175781,-0.007311125238423738,0.014707049346901927
2025-09-18,63.56999969482422,-0.007522419841542572,0.01459524976367511
2025-09-19,62.68000030517578,-0.014099233791081182,0.014757393341730677
2025-09-22,62.63999938964844,-0.0006383804178616805,0.014756910660120574
2025-09-23,63.40999984741211,0.01221753336682196,0.014940398702203182
2025-09-24,64.98999786376953,0.024611803730545136,0.015425146470460165
2025-09-25,64.9800033569336,-0.0001537971341351223,0.015328883725060362
2025-09-26,65.72000122070312,0.011323729841388266,0.015010488702835863
2025-09-29,63.45000076293945,-0.035151105558710066,0.016034191661995854
2025-09-30,62.369998931884766,-0.017167832772092623,0.016239827064998297
2025-10-01,61.779998779296875,-0.009504705681003096,0.016033924866410712
2025-10-02,60.47999954223633,-0.021266943429129492,0.01625017560821783
2025-10-03,60.880001068115234,0.006592006795596239,0.016276071038397302
2025-10-06,61.689998626708984,0.013217089862356094,0.016483406307429716
2025-10-07,61.72999954223633,0.0006482080298397469,0.016102234843604523
2025-10-08,62.54999923706055,0.01319619572542084,0.015736584152279687
2025-10-09,61.5099983215332,-0.016766488783076145,0.015765861573584526
2025-10-10,58.900001525878906,-0.04335861936876658,0.017433475745059136
2025-10-13,59.4900016784668,0.009967142850277801,0.017552567870931544
2025-10-14,58.70000076293945,-0.013368519582766103,0.016904411458678874
2025-10-15,58.27000045776367,-0.00735235082042639,0.016437836710353513
2025-10-16,57.459999084472656,-0.013998351393044674,0.016538481179198185
2025-10-17,57.540000915527344,0.0013913364167031342,0.01600596954585642
2025-10-20,57.52000045776367,-0.0003476526634173085,0.015927242161107243
2025-10-21,57.81999969482422,0.005202009939038112,0.015914372852762582
2025-10-22,58.5,0.011692022927642327,0.015739271093891675
2025-10-23,61.790000915527344,0.05471479965183317,0.018558682830912127
2025-10-24,61.5,-0.004704379077171698,0.018546237743394468
2025-10-27,61.310001373291016,-0.003094190638740023,0.01844746828618278
2025-10-28,60.150001525878906,-0.019101516385149182,0.018326032128098697
2025-10-29,60.47999954223633,0.005471256513850732,0.018354987123074016
2025-10-30,60.56999969482422,0.0014869916520238826,0.018333713533145182
2025-10-31,60.97999954223633,0.006746218098867316,0.018238880203367114
2025-11-03,61.04999923706055,0.0011472540064278913,0.01824273252120694
2025-11-04,60.560001373291016,-0.00805855625402388,0.01811680040182705
2025-11-05,59.599998474121094,-0.015979083336420338,0.017605408073387466
2025-11-06,59.43000030517578,-0.0028563939556934584,0.017597858683141662
2025-11-07,59.75,0.005370036298004862,0.017464097759990114
2025-11-10,60.130001068115234,0.006339712003290341,0.016458388669801243
2025-11-11,61.040000915527344,0.015020499160100932,0.01647061117893598
2025-11-12,58.4900016784668,-0.04267357382343158,0.018112206169607823
2025-11-13,58.689998626708984,0.003413503019600131,0.017755634283894865
2025-11-14,60.09000015258789,0.023574109713979455,0.01826934334681125
2025-11-17,59.90999984741211,-0.003000007336277463,0.01809049979999501
2025-11-18,60.7400016784668,0.013759053702352598,0.018288371889458657
2025-11-19,59.439998626708984,-0.021635109945549888,0.018490843161933477
2025-11-20,59.13999938964844,-0.005059873201805662,0.01828429488789564
2025-11-21,58.060001373291016,-0.018430521854432346,0.0168148610858146
2025-11-24,58.84000015258789,0.013344916077058603,0.016898320840252307
2025-11-25,57.95000076293945,-0.01524131537526606,0.016951386836825427
2025-11-26,58.650001525878906,0.012007018164936087,0.017046944192698994
2025-11-28,58.54999923706055,-0.0017065241030113673,0.01683996307314778
2025-12-01,59.31999969482422,0.013065435111999804,0.01699244045880521
2025-12-02,58.63999938964844,-0.01152946495521809,0.017145321061111392
2025-12-03,58.95000076293945,0.005272592755579819,0.017145973099629147
2025-12-04,59.66999816894531,0.012139710922112105,0.01715611105434562
2025-12-05,60.08000183105469,0.006847687085184139,0.01386589874491796
2025-12-08,58.880001068115234,-0.020175545371656393,0.014292062086154928
2025-12-09,58.25,-0.010757400115354736,0.014390582089771344
2025-12-10,58.459999084472656,0.0035986515765415294,0.014036853063436047
2025-12-11,57.599998474121094,-0.014820202811459567,0.01420465078486947
2025-12-12,57.439998626708984,-0.002781640379193324,0.014193764451098184
2025-12-15,56.81999969482422,-0.010852529776578733,0.014193388895544407
2025-12-16,55.27000045776367,-0.027658096927631208,0.014904783419247976
2025-12-17,55.939998626708984,0.012049389096967787,0.015134485949244988
2025-12-18,56.150001525878906,0.0037470451350424486,0.014962739478854991
2025-12-19,56.65999984741211,0.009041783349827094,0.015096012126678294
2025-12-22,58.0099983215332,0.023546888834552214,0.01573623410238524
2025-12-23,58.380001068115234,0.006358003178000216,0.01573652804373022
2025-12-24,58.349998474121094,-0.0005140511397665496,0.015444592673416715
2025-12-26,56.7400016784668,-0.027979873619687227,0.014283243352288677
2025-12-29,58.08000183105469,0.023341943080538913,0.014944302688445089
2025-12-30,57.95000076293945,-0.0022408190917251633,0.014246259524147653
2025-12-31,57.41999816894531,-0.009187940147117662,0.014317705191941333
2026-01-02,57.31999969482422,-0.001743045168221482,0.014027987007851196
2026-01-05,58.31999969482422,0.017295484831722364,0.01394285583424026
2026-01-06,57.130001068115234,-0.020615691035027604,0.01439504795497052
2026-01-07,55.9900016784668,-0.020156258093818158,0.014469728109522512
2026-01-08,57.7599983215332,0.031123332186466183,0.015419295490714267
2026-01-09,59.119998931884766,0.023272793047802182,0.015759323693397446
2026-01-12,59.5,0.006407053978539629,0.015653171036684534
2026-01-13,61.150001525878906,0.027353574534645247,0.01639481781832127
2026-01-14,62.02000045776367,0.014127033966977518,0.01642188027519758
2026-01-15,59.189998626708984,-0.04670433555197605,0.01850644523282685
2026-01-16,59.439998626708984,0.004214791804453334,0.01849767200614591
2026-01-20,60.34000015258789,0.015027858954032521,0.01856892501905454
2026-01-21,60.619998931884766,0.004629617750091477,0.018546655034518165
2026-01-22,59.36000061035156,-0.021004244868480324,0.018578789438355687
2026-01-23,61.06999969482422,0.028400133096568393,0.019144200175226268
2026-01-26,60.630001068115234,-0.007230904537314283,0.019206743005932708
2026-01-27,62.38999938964844,0.02861515863927036,0.01958961021471149
2026-01-28,63.209999084472656,0.01305750566045477,0.01965116387738915
2026-01-29,65.41999816894531,0.03436549212071179,0.020261545801029086
2026-01-30,65.20999908447266,-0.0032151767555849923,0.019388197324943183
2026-02-02,62.13999938964844,-0.04822292322273334,0.021675400842247818
2026-02-03,63.209999084472656,0.017072607857606444,0.02181663771511564
2026-02-04,65.13999938964844,0.030076288477937793,0.02231823372095323
2026-02-05,63.290000915527344,-0.028811437225438243,0.022830783080346577
2026-02-06,63.54999923706055,0.00409963237731521,0.022822722500788775
2026-02-09,64.36000061035156,0.012665345977459917,0.02288292952334631
2026-02-10,63.959999084472656,-0.006234457955889157,0.02219299407226373
2026-02-11,64.62999725341797,0.010420783126096593,0.02192833169451923
2026-02-12,62.84000015258789,-0.028086840962171712,0.022659704979196064
2026-02-13,62.88999938964844,0.0007953430347292803,0.02255214615189389
2026-02-16,62.95000076293945,0.0009536137597784518,0.02253782232118716
