Price,Close,Returns,Volatility_30d
Ticker,TTF=F,,
Date,,,
2018-01-02,19.31999969482422,,
2018-01-03,19.325000762939453,0.0002588209643634143,
2018-01-04,19.200000762939453,-0.006489315182722398,
2018-01-05,18.915000915527344,-0.014955012282987722,
2018-01-08,19.049999237060547,0.0071117550362168064,
2018-01-09,19.434999465942383,0.020008475301624647,
2018-01-10,19.325000762939453,-0.005675902872131398,
2018-01-11,19.31999969482422,-0.00025882096436346874,
2018-01-12,19.80500030517578,0.02479363349438293,
2018-01-16,18.899999618530273,-0.04677254460089384,
2018-01-17,18.440000534057617,-0.02463965479165592,
2018-01-18,18.350000381469727,-0.0048926518012371535,
2018-01-19,18.190000534057617,-0.008757573399132612,
2018-01-22,18.545000076293945,0.01932819316555679,
2018-01-23,18.200000762939453,-0.018778579053045148,
2018-01-24,17.790000915527344,-0.02278508286172426,
2018-01-25,17.780000686645508,-0.0005622844360345203,
2018-01-26,17.780000686645508,0.0,
2018-01-29,17.395000457763672,-0.0218914337850162,
2018-01-30,17.40999984741211,0.0008619100959915188,
2018-01-31,17.8799991607666,0.026637977792660483,
2018-02-01,18.149999618530273,0.01498781688486784,
2018-02-02,18.15999984741211,0.0005508250774865997,
2018-02-05,17.59000015258789,-0.03189079734656829,
2018-02-06,17.8799991607666,0.016352155384213984,
2018-02-07,18.155000686645508,0.015263319879211762,
2018-02-08,17.739999771118164,-0.0231240787081744,
2018-02-09,17.899999618530273,0.008978727556137952,
2018-02-12,17.950000762939453,0.0027894659023264055,
2018-02-13,18.30500030517578,0.019584105806038705,
2018-02-14,18.075000762939453,-0.01264445298943738,0.018056791193432505
2018-02-15,17.790000915527344,-0.015893257113704456,0.018220383409363047
2018-02-16,18.165000915527344,0.02086016293301375,0.018705054300096093
2018-02-20,19.770000457763672,0.08466894426319678,0.024303309053479334
2018-02-21,19.780000686645508,0.0005057005717111717,0.024280379837160977
2018-02-22,19.940000534057617,0.008056430408226152,0.024059077431519152
2018-02-23,20.40999984741211,0.02329717802869724,0.024367410395876546
2018-02-26,18.690000534057617,-0.08803631930363717,0.0293800925052118
2018-02-27,19.19499969482422,0.026661162512066235,0.02943877914588328
2018-02-28,17.350000381469727,-0.10105728417445299,0.0337056565674405
2018-03-01,17.559999465942383,0.0120310294140705,0.033552875511366986
2018-03-02,17.80500030517578,0.013855776075967047,0.03366442619395837
2018-03-05,17.514999389648438,-0.016421712067546567,0.033754248087077714
2018-03-06,17.700000762939453,0.010507060881619948,0.033606811944748384
2018-03-07,17.829999923706055,0.007317744912377715,0.03348312215914712
2018-03-08,18.315000534057617,0.026837997794268247,0.033579267510320664
2018-03-09,18.940000534057617,0.0335556905649194,0.03409932944995842
2018-03-12,19.709999084472656,0.039849958759465585,0.034783737267941484
2018-03-13,19.46500015258789,-0.012508085813227885,0.03458979352718467
2018-03-14,18.614999771118164,-0.0446502938723884,0.03570094461497096
2018-03-15,18.799999237060547,0.00988913422489595,0.03543607831132312
2018-03-16,18.655000686645508,-0.007742585773310868,0.03538452622327239
2018-03-19,18.700000762939453,0.00240932117873528,0.03538549391285111
2018-03-20,19.174999237060547,0.025083742805640248,0.035088327710231244
2018-03-21,19.389999389648438,0.011150130311831992,0.0350322426885725
2018-03-22,19.010000228881836,-0.019792269236500373,0.0351831461623224
2018-03-23,18.44499969482422,-0.03017185403695097,0.03537646970839749
2018-03-26,17.989999771118164,-0.024977279263746367,0.03566432472069439
2018-03-27,18.4950008392334,0.027684435420931585,0.03601534255508621
2018-03-28,18.3700008392334,-0.006781525748617198,0.035867522549663584
2018-03-29,18.225000381469727,-0.007924646086185311,0.03581993086390355
2018-04-02,18.225000381469727,0.0,0.035689843937024845
2018-04-03,18.040000915527344,-0.0102027334415161,0.03553822472021212
2018-04-04,18.184999465942383,0.008005483686593342,0.03178052627652832
2018-04-05,18.1299991607666,-0.0030290705939265456,0.03177445495856625
2018-04-06,18.18000030517578,0.0027541270586833554,0.03172609920017202
2018-04-09,18.645000457763672,0.02525593264665569,0.03178421759373377
2018-04-10,18.84000015258789,0.010404239065026894,0.027496251240841065
2018-04-11,19.2549991607666,0.02178844643429001,0.027348955230962382
2018-04-12,19.21500015258789,-0.0020794917237626997,0.019595564220178167
2018-04-13,19.56999969482422,0.01830653385603403,0.019723916895028948
2018-04-16,19.350000381469727,-0.011305326623934955,0.019808102528624177
2018-04-17,19.014999389648438,-0.017464329908191537,0.01984382538303835
2018-04-18,19.309999465942383,0.015394959501576657,0.01992968567864721
2018-04-19,19.860000610351562,0.028084620566359443,0.020442409550428062
2018-04-20,19.799999237060547,-0.003025790181539968,0.019993698669831608
2018-04-23,19.889999389648438,0.004535163011333991,0.019127551995877054
2018-04-24,19.674999237060547,-0.010868306653161703,0.01783049522278024
2018-04-25,19.8799991607666,0.010365403487101755,0.01776875402122862
2018-04-26,20.149999618530273,0.013490110447724388,0.01570198547779046
2018-04-27,20.264999389648438,0.0056909605005718835,0.015653796775308405
2018-04-30,20.559999465942383,0.014452184649635526,0.015677423174936773
2018-05-01,20.094999313354492,-0.022876420880203124,0.016387324119845992
2018-05-02,19.864999771118164,-0.011511615986497994,0.015997843929268177
2018-05-03,19.950000762939453,0.004269803833753093,0.015898972795465753
2018-05-04,20.420000076293945,0.023285634894304963,0.01590641367355544
2018-05-07,20.420000076293945,0.0,0.014683795171507986
2018-05-08,20.600000381469727,0.008776277840727278,0.013695060393464608
2018-05-09,20.844999313354492,0.011822984078738918,0.013061274559012912
2018-05-10,21.0049991607666,0.007646386275140206,0.012915905150087855
2018-05-11,21.264999389648438,0.012302035336068131,0.012773831905316082
2018-05-14,21.625,0.016787552814512743,0.012907800579679343
2018-05-15,21.540000915527344,-0.003938338586110713,0.01269047623586065
2018-05-16,21.670000076293945,0.0060171048371527825,0.01268434920491588
2018-05-17,22.299999237060547,0.02865782518455602,0.013227628422053911
2018-05-18,22.05500030517578,-0.011047296859604143,0.013611252346573599
2018-05-21,22.375,0.014404916766982247,0.01323293664485244
2018-05-22,22.905000686645508,0.0234109931557605,0.013587852248460812
2018-05-23,22.71500015258789,-0.00832975138781837,0.01353279427110404
2018-05-24,22.69499969482422,-0.0008808834672612647,0.01351137175468223
2018-05-25,21.80500030517578,-0.040005307171191266,0.01563946283697325
2018-05-29,22.655000686645508,0.03824129313747654,0.01659740849593594
2018-05-30,22.985000610351562,0.014461247384648206,0.0161066233390895
2018-05-31,22.579999923706055,-0.017777300469845863,0.01659346733256441
2018-06-01,21.774999618530273,-0.03630205012282273,0.01766290954659686
2018-06-04,21.905000686645508,0.005952447392515997,0.017632124647057858
2018-06-05,21.43000030517578,-0.02192312888630808,0.018223511469814043
2018-06-06,21.31999969482422,-0.00514623874249002,0.01810850333382036
2018-06-07,21.665000915527344,0.01605251246664801,0.018221187524076674
2018-06-08,21.540000915527344,-0.005786383218398292,0.01817344551597393
2018-06-11,21.350000381469727,-0.008859956689764362,0.01827162299331503
2018-06-12,21.78499984741211,0.02016989502307357,0.01843787539178829
2018-06-13,22.3799991607666,0.026946012819378792,0.018370222974908913
2018-06-14,22.354999542236328,-0.001117676175591653,0.018172537309169363
2018-06-15,21.75,-0.02743623167423555,0.01905311187435767
2018-06-18,22.139999389648438,0.017772142177976007,0.018875251172504007
2018-06-19,21.69499969482422,-0.020304094528996442,0.01933369408779584
2018-06-20,21.5,-0.009028870050055605,0.019392305349858967
2018-06-21,21.545000076293945,0.0020908394753280687,0.019293521776624075
2018-06-22,21.655000686645508,0.005092631766049143,0.019269265411992295
2018-06-25,21.545000076293945,-0.005092631766049133,0.0191794460416746
2018-06-26,21.4950008392334,-0.002323385617509751,0.018933414770585247
2018-06-27,22.03499984741211,0.024811702377718237,0.019458059606385334
2018-06-28,21.959999084472656,-0.003409516418505336,0.01944630278103987
2018-06-29,21.875,-0.003878142706970389,0.018711899051843596
2018-07-02,22.239999771118164,0.016548026847254097,0.01886040416909975
2018-07-03,22.260000228881836,0.0008988970386695349,0.01867182797678906
2018-07-05,22.46500015258789,0.00916719318477141,0.018227285795062963
2018-07-06,22.354999542236328,-0.004908560105444283,0.018188218542314418
2018-07-09,22.729999542236328,0.016635628516338097,0.018455840848440788
2018-07-10,22.729999542236328,0.0,0.016835965020272552
2018-07-11,22.579999923706055,-0.006621062382579215,0.015378728884438107
2018-07-12,21.969999313354492,-0.02738670019994741,0.015900478277962805
2018-07-13,22.264999389648438,0.013338056217875031,0.01581707555202905
2018-07-16,22.020000457763672,-0.01106475927754052,0.014458278262220443
2018-07-17,21.850000381469727,-0.007750213082906905,0.014492339066502135
2018-07-18,22.139999389648438,0.013184960712501363,0.014079609469498378
2018-07-19,22.155000686645508,0.0006773359315843168,0.014030775233497316
2018-07-20,21.875,-0.01271880340057529,0.013969421321450806
2018-07-23,22.030000686645508,0.007060759739229794,0.013972640550637011
2018-07-24,22.094999313354492,0.002946115522831408,0.013858442606284575
2018-07-25,22.170000076293945,0.0033887195637954193,0.013394904834799704
2018-07-26,22.114999771118164,-0.0024839260988642245,0.012441398277320367
2018-07-27,21.889999389648438,-0.010226217318565434,0.012570067090784134
2018-07-30,22.059999465942383,0.007736105963930247,0.011592719939832494
2018-07-31,22.114999771118164,0.0024901113546350884,0.011132940824086108
2018-08-01,21.93000030517578,-0.008400524624969426,0.010584332500124626
2018-08-02,21.934999465942383,0.00022793392519459763,0.010435088694896184
2018-08-03,22.260000228881836,0.014707845858705984,0.010744101249573354
2018-08-06,22.5,0.01072395308077295,0.010864986866669925
2018-08-07,22.610000610351562,0.004877004074265297,0.010815833885423051
2018-08-08,22.600000381469727,-0.00044239012720829985,0.010797692784194034
2018-08-09,22.71500015258789,0.005075582771429827,0.009903377279887195
2018-08-10,22.8799991607666,0.007237623902953832,0.00993016253740612
2018-08-13,23.5,0.026737291318298193,0.010898386491413063
2018-08-14,23.725000381469727,0.009528939424686413,0.010656585951025553
2018-08-15,23.520000457763672,-0.008678218081632574,0.010837414415157903
2018-08-16,23.834999084472656,0.013303907752572402,0.01095954734251994
2018-08-17,24.155000686645508,0.01333637618727066,0.011070160698624347
2018-08-20,24.18000030517578,0.0010344313746362163,0.010748958604311786
2018-08-21,24.405000686645508,0.009262199666907662,0.010820489571455837
2018-08-22,24.450000762939453,0.0018421896503939572,0.010687500421237516
2018-08-23,24.760000228881836,0.012599209935463191,0.009202267015372741
2018-08-24,24.975000381469727,0.008645882748268972,0.009076837923240927
2018-08-27,25.40999984741211,0.017267451518359386,0.008946799382240685
2018-08-28,25.360000610351562,-0.001969637690524052,0.008727343449185392
2018-08-29,25.8700008392334,0.019910875001831373,0.009027014476659632
2018-08-30,26.1299991607666,0.010000018776554234,0.009026778068251504
2018-08-31,25.834999084472656,-0.011353921113235625,0.00893475356269466
2018-09-04,26.709999084472656,0.03330786654362743,0.01027302779425599
2018-09-05,27.020000457763672,0.011539356628420436,0.010292577824467375
2018-09-06,27.454999923706055,0.015970948478250094,0.010408379924949133
2018-09-07,27.989999771118164,0.019298997398126967,0.010474386515153101
2018-09-10,29.125,0.039749616535774336,0.011430373455226442
2018-09-11,28.780000686645508,-0.011916186568216901,0.01208070640156352
2018-09-12,27.4950008392334,-0.04567652483474239,0.015634898933121203
2018-09-13,26.809999465942383,-0.025229268155127726,0.016494360520317174
2018-09-14,26.93000030517578,0.004465985827916422,0.01645514404677228
2018-09-17,28.075000762939453,0.041638609643859896,0.017594397983548424
2018-09-18,27.40999984741211,-0.023971623051728827,0.01850783680140877
2018-09-19,28.31999969482422,0.032660353301713,0.019105179414867224
2018-09-20,28.59000015258789,0.009488753621789428,0.019048665477496594
2018-09-21,28.725000381469727,0.00471082534355198,0.019050605090285312
2018-09-24,29.2450008392334,0.01794081057675493,0.01913924705137034
2018-09-25,29.229999542236328,-0.0005130841292280484,0.01887302319408458
2018-09-26,28.260000228881836,-0.03374817810687989,0.020295040552844562
2018-09-27,27.575000762939453,-0.024537792548165245,0.02088401529204461
2018-09-28,27.329999923706055,-0.00892459565896668,0.020984406143433883
2018-10-01,27.44499969482422,0.004198993733918059,0.020918853453899145
2018-10-02,27.2549991607666,-0.006947031157974515,0.02101179233359834
2018-10-03,27.114999771118164,-0.005149887872465726,0.02105182080249409
2018-10-04,27.469999313354492,0.01300740325911408,0.021119904017078993
2018-10-05,27.899999618530273,0.015532200043583785,0.021168380667642393
2018-10-08,27.219999313354492,-0.02467470315702188,0.02178042186296117
2018-10-09,26.834999084472656,-0.014245000485668704,0.02182193052598805
2018-10-10,26.219999313354492,-0.023184519364178834,0.022287706913965286
2018-10-11,25.760000228881836,-0.017699542026383117,0.022251549838012093
2018-10-12,26.6299991607666,0.03321545818993805,0.023007276673397158
2018-10-15,26.625,-0.00018774428166616202,0.02289674453924879
2018-10-16,26.329999923706055,-0.011141653418976424,0.02216060991455411
2018-10-17,25.940000534057617,-0.014922771134126366,0.022192417754067002
2018-10-18,26.024999618530273,0.00327140036672753,0.02197044912161246
2018-10-19,26.860000610351562,0.031580613975315856,0.022485222090634863
2018-10-22,26.114999771118164,-0.028128360694649954,0.02160226990719976
2018-10-23,25.665000915527344,-0.01738162143940124,0.02169734310533479
2018-10-24,25.260000228881836,-0.01590610570109512,0.020356253496546923
2018-10-25,24.864999771118164,-0.015760943021662192,0.02006829199683702
2018-10-26,24.280000686645508,-0.023808188490131693,0.02039069165018816
2018-10-29,24.579999923706055,0.01228010656239552,0.018793964177311183
2018-10-30,23.875,-0.029101214667191372,0.019000072985408394
2018-10-31,24.334999084472656,0.01908371929678846,0.01822791728730853
2018-11-01,23.649999618530273,-0.028552506855438635,0.01850239453847945
2018-11-02,24.28499984741211,0.02649577070634894,0.01935808851378485
2018-11-05,23.809999465942383,-0.019753231445692705,0.018997589441265644
2018-11-06,23.895000457763672,0.00356361311862114,0.019058987003251357
2018-11-07,24.420000076293945,0.021733220619377963,0.019037430638292864
2018-11-08,24.43000030517578,0.00040942595469555134,0.018690309488655375
2018-11-09,24.325000762939453,-0.004307238325008692,0.018667667399532052
2018-11-12,25.954999923706055,0.06485960690323667,0.022471057005069617
2018-11-13,26.520000457763672,0.021534916239012953,0.022847277545981797
2018-11-14,26.280000686645508,-0.00909096283426231,0.022883790746623608
2018-11-15,26.674999237060547,0.014918548842052216,0.022926872148742117
2018-11-16,25.954999923706055,-0.027362502246802825,0.023197611873364103
2018-11-19,24.149999618530273,-0.07207990203698861,0.02618839919346732
2018-11-20,24.350000381469727,0.008247500891972888,0.02620661563231051
2018-11-21,24.5,0.006141252355974666,0.02598296727402273
2018-11-23,24.81999969482422,0.012976649930220439,0.025958077856227703
2018-11-26,24.545000076293945,-0.011141596862556532,0.025179486636820098
2018-11-27,25.15999984741211,0.024747255149192897,0.025672598086851735
2018-11-28,24.299999237060547,-0.034779106817721214,0.026320981261578193
2018-11-29,24.635000228881836,0.013691886337030317,0.02638022265425555
2018-11-30,24.690000534057617,0.0022301197007638896,0.02637411233876098
2018-12-03,25.084999084472656,0.015871696451600515,0.025839973132993212
2018-12-04,24.415000915527344,-0.02707228642702873,0.025804238113372412
2018-12-06,23.165000915527344,-0.05255517662156281,0.027273043737637538
2018-12-07,23.145000457763672,-0.0008637641293060277,0.027173594549976546
2018-12-10,23.25,0.004526337772051211,0.027095202587073673
2018-12-11,23.6200008392334,0.01578871426647677,0.026972411215835122
2018-12-12,23.920000076293945,0.012621085972135007,0.02697823607441931
2018-12-13,24.225000381469727,0.012670241251796863,0.026547433214878624
2018-12-14,24.645000457763672,0.01718888520786872,0.026503876265348822
2018-12-17,24.68000030517578,0.0014191526708511764,0.02593276470136044
2018-12-18,23.729999542236328,-0.03925316024532662,0.026512382629741316
2018-12-19,24.209999084472656,0.020025681976717016,0.026524996907737703
2018-12-20,24.604999542236328,0.016183922579558845,0.02667401051300575
2018-12-21,24.899999618530273,0.011918132437149022,0.026470047737267865
2018-12-24,24.2450008392334,-0.026657342978577615,0.026935676621198897
2018-12-26,24.2450008392334,0.0,0.026924800524572218
2018-12-27,23.31999969482422,-0.03889909677616332,0.024877717185129374
2018-12-28,22.809999465942383,-0.02211233551286589,0.02463409411432301
2018-12-31,21.979999542236328,-0.03706608473388331,0.025313499375520455
2019-01-02,22.475000381469727,0.022270669181650545,0.025556980445481364
2019-01-03,22.2549991607666,-0.009836932572816797,0.025243372527540088
2019-01-04,22.93000030517578,0.029879445420894754,0.02264855942495743
2019-01-07,21.530000686645508,-0.06299876691006051,0.025162344339003814
2019-01-08,22.09000015258789,0.0256776810708104,0.025684007051717257
2019-01-09,21.719999313354492,-0.016891560887359918,0.0256040044655239
2019-01-10,21.674999237060547,-0.0020739759846680104,0.02557575832102009
2019-01-11,22.2549991607666,0.026407177290383298,0.02564212868153859
2019-01-14,21.674999237060547,-0.02640717729038319,0.025340397543104756
2019-01-15,22.0,0.014882965890762968,0.025369681659458836
2019-01-16,22.0049991607666,0.00022720876643327019,0.025355976482965864
2019-01-17,22.9950008392334,0.044007175363480026,0.026599923078649813
2019-01-18,22.604999542236328,-0.017105736992210324,0.026348663029097448
2019-01-22,21.815000534057617,-0.03557326943923512,0.025403170636270882
2019-01-23,22.190000534057617,0.017043929955209387,0.025640119014814052
2019-01-24,21.280000686645508,-0.04187406427137364,0.026649638231866887
2019-01-25,20.889999389648438,-0.018497150389548907,0.026553263457938608
2019-01-28,20.549999237060547,-0.016409642534834828,0.026451895180006988
2019-01-29,20.584999084472656,0.001701706930171572,0.026273553916395135
2019-01-30,20.18000030517578,-0.019870580698259303,0.026043741067158465
2019-01-31,19.850000381469727,-0.016488003697329976,0.026057328813233364
2019-02-01,19.299999237060547,-0.028098969970520204,0.025661652786072055
2019-02-04,19.354999542236328,0.002845703998387807,0.025228376434558206
2019-02-05,19.139999389648438,-0.011170406242673903,0.024835612018894362
2019-02-06,18.915000915527344,-0.011825047648834203,0.024543310880290835
2019-02-07,18.90999984741211,-0.00026443188597501875,0.024367022422319036
2019-02-08,18.264999389648438,-0.034704247770412526,0.02478045763646394
2019-02-11,18.05500030517578,-0.01156395519880532,0.024154581594867996
2019-02-12,17.78499984741211,-0.015067274811149167,0.024052003232298155
2019-02-13,18.020000457763672,0.013126880762445801,0.02372514265716501
2019-02-14,17.7549991607666,-0.014815158455670913,0.02312642075442006
2019-02-15,18.100000381469727,0.019244840219845367,0.02364431700033663
2019-02-19,17.704999923706055,-0.022064878092763456,0.02274374434857563
2019-02-20,18.145000457763672,0.02454798463843032,0.02108164541272796
2019-02-21,17.520000457763672,-0.03505195425681365,0.020879347852765132
2019-02-22,17.229999542236328,-0.01669108766429837,0.020876345145434207
2019-02-25,16.94499969482422,-0.016679236922779193,0.020910424531504233
2019-02-26,17.045000076293945,0.005884123016666263,0.02005728027334299
2019-02-27,17.614999771118164,0.03289388873372792,0.02116307791719766
2019-02-28,17.815000534057617,0.01129003023614829,0.021045313622751773
2019-03-01,17.31999969482422,-0.028178943521333405,0.021344281991771092
2019-03-04,17.399999618530273,0.004608298782495414,0.019132756614155165
2019-03-05,17.18000030517578,-0.012724249977393257,0.01908773614332357
2019-03-06,16.850000381469727,-0.019395254882018896,0.01853596649043064
2019-03-07,16.8700008392334,0.0011862668674418194,0.017997505543814084
2019-03-08,16.729999542236328,-0.008333458668078192,0.01690216839903152
2019-03-11,16.625,-0.006295901094969073,0.01678774797023149
2019-03-12,16.209999084472656,-0.02527930727350459,0.017024462209664443
2019-03-13,15.725000381469727,-0.03037645242310318,0.017403267108196875
2019-03-14,15.604999542236328,-0.007660480456990765,0.01728207331603136
2019-03-15,15.25,-0.02301184333489867,0.017425590338936103
2019-03-18,14.979999542236328,-0.017863555522670216,0.017132178056336655
2019-03-19,15.005000114440918,0.001667538988432202,0.01710673222065679
2019-03-20,15.21500015258789,0.013898306858531965,0.017576875684857378
2019-03-21,14.5649995803833,-0.04366043177625179,0.018758897087949256
2019-03-22,14.454999923706055,-0.007580991411184951,0.01869273919485162
2019-03-25,14.1850004196167,-0.01885527234774355,0.018156176514971294
2019-03-26,14.385000228881836,0.01400091507212295,0.01859841173522656
2019-03-27,14.994999885559082,0.041530791654376675,0.020577475858326155
2019-03-28,14.430000305175781,-0.03840741063455181,0.021097133072617295
2019-03-29,14.21500015258789,-0.015011638097231989,0.021099542894933484
2019-04-01,13.845000267028809,-0.026373579927303943,0.020753137277790632
2019-04-02,13.454999923706055,-0.028573397401381456,0.02092843011181709
2019-04-03,14.1899995803833,0.053186683092089466,0.023062836267519243
2019-04-04,14.805000305175781,0.04242752056592157,0.024258818985578197
2019-04-05,16.635000228881836,0.11654394106291653,0.03283920509569681
2019-04-08,15.96500015258789,-0.041110087505096475,0.033532638120518876
2019-04-09,16.7549991607666,0.04829783537634196,0.03474797975829193
2019-04-10,15.729999542236328,-0.06312698313186595,0.0359602586691037
2019-04-11,15.994999885559082,0.016706478277816128,0.03605197345662177
2019-04-12,15.854999542236328,-0.00879128712825877,0.03576869675597323
2019-04-15,15.010000228881836,-0.05476821822443553,0.036959231060474246
2019-04-16,14.835000038146973,-0.011727404579791599,0.03695242494749899
2019-04-17,15.194999694824219,0.023977149970593376,0.03721296486676825
2019-04-18,14.460000038146973,-0.04958018691607369,0.03813782670786784
2019-04-22,14.460000038146973,0.0,0.038144100694935
2019-04-23,14.420000076293945,-0.0027700822210765625,0.03814495751930188
2019-04-24,14.265000343322754,-0.010807128414691638,0.03796738591818796
2019-04-25,14.53499984741211,0.018750514779922633,0.03786144367474408
2019-04-26,14.425000190734863,-0.007596697896192267,0.03786115283803838
2019-04-29,14.524999618530273,0.006908450858314528,0.03769922715915808
2019-04-30,14.390000343322754,-0.009337731717296112,0.03760459846057085
2019-05-01,14.055000305175781,-0.023555318686238336,0.0378164200795943
2019-05-02,14.364999771118164,0.021816450426489897,0.03795986889990188
2019-05-03,14.5649995803833,0.013826685103508773,0.037223787644586497
2019-05-06,14.335000038146973,-0.015917259605022424,0.03731333861006242
2019-05-07,14.154999732971191,-0.012636202297205645,0.03722373698087298
2019-05-08,14.319999694824219,0.011589240522106619,0.03719489298038248
2019-05-09,14.454999923706055,0.009383229968936414,0.03640738140155139
2019-05-10,13.994999885559082,-0.03234025540013281,0.03621001761039945
2019-05-13,13.760000228881836,-0.01693426565109322,0.03623732567665101
2019-05-14,13.78499984741211,0.001815184267582907,0.03592307264763553
2019-05-15,13.854999542236328,0.0050651118687054224,0.0355279322375733
2019-05-16,13.385000228881836,-0.03451145120314878,0.034681761720137726
2019-05-17,12.854999542236328,-0.04040188896411534,0.03432247844023605
2019-05-20,12.904999732971191,0.003882007370613366,0.025671443048093632
2019-05-21,12.704999923706055,-0.015619201711595084,0.02496576485876157
2019-05-22,12.649999618530273,-0.004338425749275117,0.022642419313147522
2019-05-23,12.595000267028809,-0.004357254012070184,0.020246449960417617
2019-05-24,12.25,-0.027773994015013043,0.02004724621169856
2019-05-28,12.520000457763672,0.02180146524380943,0.020815885728258012
2019-05-29,12.225000381469727,-0.02384433566954256,0.01910922386520003
2019-05-30,11.475000381469727,-0.06331227737484539,0.021708195300471717
2019-05-31,11.204999923706055,-0.02381068874618689,0.02097935151854343
2019-06-03,11.100000381469727,-0.009414957759040696,0.019613658998231625
2019-06-04,11.90999984741211,0.07043322787053312,0.024349004890673626
2019-06-05,11.600000381469727,-0.026373239557823364,0.024605418096821655
2019-06-06,11.104999542236328,-0.043609714872652,0.025481999970944948
2019-06-07,11.520000457763672,0.036689278879186556,0.026335963424658226
2019-06-10,11.805000305175781,0.02443850138470193,0.026983852138550486
2019-06-11,11.199999809265137,-0.05260943511772612,0.028114513670805516
2019-06-12,11.140000343322754,-0.0053714959530940035,0.028120567212344186
2019-06-13,11.395000457763672,0.022632437551918155,0.02853112685839553
2019-06-14,11.319999694824219,-0.00660365705392905,0.028008587912989324
2019-06-17,11.569999694824219,0.021844469013067625,0.028260576125813668
2019-06-18,11.03499984741211,-0.04734348894804265,0.029145278874533376
2019-06-19,10.484999656677246,-0.051126394271370064,0.03015332731905505
2019-06-20,10.149999618530273,-0.032471963705128906,0.03013835510681271
2019-06-21,10.354999542236328,0.019995782735957136,0.03045224420617615
2019-06-24,10.199999809265137,-0.015081749049799635,0.030199492095037053
2019-06-25,9.845000267028809,-0.03542396237634842,0.030521366804171113
2019-06-26,9.619999885559082,-0.023119486432910643,0.030495339906528193
2019-06-27,9.375,-0.025797680924995223,0.030420589703835144
2019-06-28,10.114999771118164,0.07597287613527191,0.03418404021624566
2019-07-01,10.364999771118164,0.024415275813812344,0.03420126982081979
2019-07-02,10.225000381469727,-0.013598984569141338,0.03415524740108939
2019-07-03,10.295000076293945,0.006822608654111854,0.03422285640354036
2019-07-05,11.21500015258789,0.08559383368733917,0.038175581433649027
2019-07-08,11.880000114440918,0.057604141989704254,0.03979798875010964
2019-07-09,11.760000228881836,-0.010152361634350938,0.03953283246480948
2019-07-10,12.135000228881836,0.03138989610663952,0.03976463170641585
2019-07-11,13.130000114440918,0.07880583899083125,0.0420836058924347
2019-07-12,13.279999732971191,0.011359426910004149,0.04023168958581296
2019-07-15,12.895000457763672,-0.02941944910807374,0.040382314328761854
2019-07-16,11.414999961853027,-0.12191139819269255,0.046496818857952926
2019-07-17,10.989999771118164,-0.03794252905077322,0.045099941155437445
2019-07-18,10.734999656677246,-0.023476348240039115,0.045050536150710994
2019-07-19,10.8149995803833,0.007424621256393442,0.04440687166655472
2019-07-22,10.15999984741211,-0.062475593473668885,0.04519746283544262
2019-07-23,10.75,0.056447327441829204,0.04626180879642299
2019-07-24,10.074999809265137,-0.0648486656724254,0.04676452755802561
2019-07-25,10.024999618530273,-0.00497515376045728,0.046764044939869256
2019-07-26,9.96500015258789,-0.006002966163648764,0.04650344813367489
2019-07-29,9.8100004196167,-0.015676652625486346,0.04654728598237863
2019-07-30,9.789999961853027,-0.0020408637057592275,0.04627982242579186
2019-07-31,11.0,0.1165338201524759,0.05064462431007039
2019-08-01,12.359999656677246,0.11657015145425187,0.05396495164613105
2019-08-02,12.015000343322754,-0.02830952648967935,0.05386926510282044
2019-08-05,11.46500015258789,-0.046856968144057556,0.05463155370863031
2019-08-06,10.949999809265137,-0.04595949077508485,0.05527868119804142
2019-08-07,11.40999984741211,0.04115071165701175,0.05524150929110657
2019-08-08,12.074999809265137,0.05664703324197602,0.055762699400439
2019-08-09,12.024999618530273,-0.004149399474018191,0.05545514585041435
2019-08-12,11.420000076293945,-0.05162157336017525,0.054976710255262844
2019-08-13,11.859999656677246,0.03780515371302841,0.05520168284588433
2019-08-14,11.180000305175781,-0.05904486959808913,0.05632733240591682
2019-08-15,11.225000381469727,0.004016972588723197,0.05632305516612852
2019-08-16,10.954999923706055,-0.0243475015291311,0.05429605591479356
2019-08-19,10.78499984741211,-0.015639700390165306,0.05321614841061999
2019-08-20,11.21500015258789,0.039095915884907476,0.05375193862788877
2019-08-21,11.414999961853027,0.017676095062061966,0.053519678348148
2019-08-22,10.989999771118164,-0.03794252905077322,0.05165041427902229
2019-08-23,10.585000038146973,-0.03754783939845777,0.0518572912022229
2019-08-26,10.3149995803833,-0.02583880234772729,0.05180934467395343
2019-08-27,10.069999694824219,-0.024038429417941595,0.04723193152030117
2019-08-28,10.234999656677246,0.016252509144230223,0.046931484871486434
2019-08-29,10.71500015258789,0.045831457596866694,0.04755848765132722
2019-08-30,12.795000076293945,0.17740983240841843,0.057556440859615164
2019-09-03,12.100000381469727,-0.05584899144542721,0.05729829624624227
2019-09-04,11.960000038146973,-0.011637732417086686,0.0565677934076432
2019-09-05,12.234999656677246,0.0227329171218953,0.055158242202622096
2019-09-06,12.350000381469727,0.009355425128295304,0.05511770172144398
2019-09-09,12.234999656677246,-0.009355425128295437,0.05514826403193231
2019-09-10,14.404999732971191,0.16327468116533364,0.061894152703815535
2019-09-11,14.354999542236328,-0.0034770683150305167,0.0619065863460197
2019-09-12,14.46500015258789,0.007633667292633366,0.058722563472860013
2019-09-13,14.710000038146973,0.016795588229750493,0.05514400149940659
2019-09-16,15.335000038146973,0.041610262847176435,0.05513013835862397
2019-09-17,13.4399995803833,-0.1319024961802681,0.060024575080869835
2019-09-18,12.4350004196167,-0.07772019287334603,0.061227838035888695
2019-09-19,12.255000114440918,-0.014581084681796256,0.06091395970833007
2019-09-20,12.710000038146973,0.036455061884317914,0.06040309184187109
2019-09-23,12.244999885559082,-0.03727140714449741,0.06081515635839254
2019-09-24,12.34000015258789,0.0077283497843483335,0.06001775799094762
2019-09-25,11.949999809265137,-0.03211476842610579,0.05996037043894213
2019-09-26,12.045000076293945,0.007918379984467537,0.05891411649224447
2019-09-27,11.9399995803833,-0.008755569580232353,0.05894879812509434
2019-09-30,16.389999389648438,0.31677728269579375,0.0820524911486414
2019-10-01,16.760000228881836,0.022323753193898947,0.08188128510554785
2019-10-02,16.0049991607666,-0.046093987724247235,0.08248086987776922
2019-10-03,16.010000228881836,0.00031242031867903536,0.0824995335078943
2019-10-04,15.770000457763672,-0.01510411130235648,0.08213426141596548
2019-10-07,15.505000114440918,-0.01694687006913002,0.0817907997992179
2019-10-08,15.640000343322754,0.00866919713543113,0.0814717976634699
2019-10-09,15.574999809265137,-0.004164704641449848,0.08123334225467575
2019-10-10,15.850000381469727,0.01750247196348242,0.08123457311289442
2019-10-11,16.135000228881836,0.01782131529857029,0.08102367447121114
2019-10-14,16.040000915527344,-0.005905180173218904,0.07493061967630613
2019-10-15,16.065000534057617,0.001557366295238903,0.07398316660063449
2019-10-16,16.075000762939453,0.0006222917735528917,0.07389648771872746
2019-10-17,16.024999618530273,-0.0031153385828528906,0.07389186783686545
2019-10-18,15.96500015258789,-0.00375114327767456,0.07392840045668844
2019-10-21,15.609999656677246,-0.02248712319082561,0.07407684887844114
2019-10-22,15.595000267028809,-0.0009613453510843438,0.06803764362981966
2019-10-23,15.414999961853027,-0.011609308319037845,0.06807906718490866
2019-10-24,15.654999732971191,0.01544927885782685,0.06811483030008089
2019-10-25,15.234999656677246,-0.027194947818735857,0.06827280360527475
2019-10-28,14.390000343322754,-0.05706184514483656,0.06863317726305301
2019-10-29,13.835000038146973,-0.03933192876153298,0.0645569760483574
2019-10-30,13.779999732971191,-0.003983369788654952,0.06283868258326955
2019-10-31,16.135000228881836,0.1577725934818356,0.06873778432883874
2019-11-01,16.174999237060547,0.0024759535297949912,0.0685523607259157
2019-11-04,16.479999542236328,0.01868070348525801,0.06803639015635674
2019-11-05,16.790000915527344,0.018636028913176946,0.0680535224757788
2019-11-06,16.280000686645508,-0.030846122865944528,0.068026668903188
2019-11-07,16.1200008392334,-0.009876613611529755,0.06812572443413935
2019-11-08,15.9399995803833,-0.011229142102798989,0.06815034099373081
2019-11-11,15.845000267028809,-0.00597763704186345,0.03577814588189337
2019-11-12,15.545000076293945,-0.01911496157678535,0.035641203248312
2019-11-13,15.449999809265137,-0.006130057420202492,0.03469013189340562
2019-11-14,15.670000076293945,0.014139070238263926,0.03480226255703338
2019-11-15,15.71500015258789,0.002867618722508119,0.03470057535578287
2019-11-18,15.229999542236328,-0.03134854310886667,0.03503940379188162
2019-11-19,15.289999961853027,0.0039318805957128024,0.035006866127579694
2019-11-20,15.59000015258789,0.019430675411160222,0.03519217673441302
2019-11-21,15.625,0.002242502765230907,0.03504091165161935
2019-11-22,16.049999237060547,0.02683660641839014,0.03524132915935004
2019-11-25,16.235000610351562,0.011460641108752254,0.03528657311551033
2019-11-26,15.850000381469727,-0.023999918758827614,0.03556514751818451
2019-11-27,15.979999542236328,0.008168387301311116,0.03559965476509912
2019-11-29,16.329999923706055,0.02166599061827123,0.03581646659506256
2019-12-02,15.8100004196167,-0.03236122454776144,0.03631453263755659
2019-12-03,15.770000457763672,-0.0025332477601546126,0.036076578552001054
2019-12-04,15.880000114440918,0.0069510330231501005,0.036095654855871365
2019-12-05,15.414999961853027,-0.029719404162148615,0.03645658360102934
2019-12-06,15.140000343322754,-0.018000788177609483,0.03647930136118548
2019-12-09,14.890000343322754,-0.016650400932650813,0.036269547504032974
2019-12-10,14.529999732971191,-0.024474410548753166,0.03499075194149839
2019-12-11,14.045000076293945,-0.03394899321612029,0.03479363898489959
2019-12-12,14.770000457763672,0.050331661547774936,0.03594624518569748
2019-12-13,13.805000305175781,-0.06756726004779401,0.023849134750501808
2019-12-16,13.890000343322754,0.006138313995217968,0.023899095246560968
2019-12-17,14.460000038146973,0.04021703788520895,0.024938184960368138
2019-12-18,14.949999809265137,0.033325067709788596,0.025542119241446528
2019-12-19,15.005000114440918,0.003672199440672075,0.025057856043043187
2019-12-20,14.234999656677246,-0.0526797899073945,0.026647645253643354
2019-12-23,13.024999618530273,-0.08883313825986094,0.030801884134446657
2019-12-24,12.604999542236328,-0.032777034028083754,0.03116571859666063
2019-12-26,12.604999542236328,0.0,0.03111808091328648
2019-12-27,12.765000343322754,0.01261355326523612,0.031323393700752045
2019-12-30,12.295000076293945,-0.037514395715641566,0.03157617626785133
2019-12-31,12.050000190734863,-0.02012800610815485,0.03158023803186489
2020-01-02,12.074999809265137,0.002072507977505129,0.03134789755249288
2020-01-03,12.984999656677246,0.0726576349319729,0.03457516287237972
2020-01-06,12.279999732971191,-0.05582291770078201,0.03542739446911616
2020-01-07,11.930000305175781,-0.0289156392836199,0.035574540607949796
2020-01-08,11.96500015258789,0.002929472422830713,0.03500747795066099
2020-01-09,12.180000305175781,0.017809553224043515,0.03515924050465599
2020-01-10,11.9399995803833,-0.019901214516555223,0.035109199091272476
2020-01-13,12.055000305175781,0.0095854641277424,0.035134653851739174
2020-01-14,11.305000305175781,-0.06423440422372624,0.036005477409232774
2020-01-15,11.180000305175781,-0.011118637701160306,0.035804825916078094
2020-01-16,11.114999771118164,-0.005830968199532499,0.035781241788991516
2020-01-17,10.930000305175781,-0.01678419671462336,0.035617559981799184
2020-01-21,10.774999618530273,-0.014282729522790366,0.03547069742686676
2020-01-22,10.454999923706055,-0.030148275003355516,0.03561136064727329
2020-01-23,10.430000305175781,-0.0023940273111288522,0.03564698864822145
2020-01-24,10.454999923706055,0.002394027311128921,0.03565683230466095
2020-01-27,10.524999618530273,0.006673017741057428,0.03552522812982781
2020-01-28,10.789999961853027,0.024866432410352676,0.034327458113213444
2020-01-29,10.149999618530273,-0.06114610783007131,0.03397737654360472
2020-01-30,9.779999732971191,-0.037134211161404924,0.03417551215559203
2020-01-31,9.755000114440918,-0.002559470936578095,0.03279963467649914
2020-02-03,9.210000038146973,-0.057490131397464894,0.03255514058229763
2020-02-04,9.364999771118164,0.016689457046796165,0.03291319410425818
2020-02-05,9.3149995803833,-0.005353352449786803,0.03220689355446752
2020-02-06,9.149999618530273,-0.01787212140938412,0.02897541904303976
2020-02-07,9.069999694824219,-0.00878160711642727,0.028705485136418487
2020-02-10,8.645000457763672,-0.047991058393805415,0.029401806054111225
2020-02-11,8.555000305175781,-0.010465229070146752,0.029019592156460515
2020-02-12,8.720000267028809,0.019103325527088426,0.029233452393995864
2020-02-13,8.890000343322754,0.019307819601337352,0.02971261002084668
2020-02-14,8.880000114440918,-0.001125518253225545,0.029673002101280307
2020-02-18,9.380000114440918,0.05477820532708825,0.028087705162372176
2020-02-19,9.569999694824219,0.02005339835740851,0.027302749863236622
2020-02-20,9.5649995803833,-0.0005226145538663345,0.027054871785114478
2020-02-21,9.40999984741211,-0.01633762164041533,0.02703074864562761
2020-02-24,9.045000076293945,-0.039560810099595535,0.02717034746507776
2020-02-25,9.005000114440918,-0.004432135945672262,0.027121122884423986
2020-02-26,9.069999694824219,0.007192239143804691,0.0270668070811453
2020-02-27,8.869999885559082,-0.022297447060853307,0.02515720770325303
2020-02-28,8.875,0.000563551942011461,0.025199020989539588
2020-03-02,8.885000228881836,0.0011261520056116512,0.025248742904155973
2020-03-03,9.170000076293945,0.03157280722123278,0.026160358737000976
2020-03-04,8.90999984741211,-0.02876307023107075,0.026453214233712587
2020-03-05,8.850000381469727,-0.006756722233491995,0.026069057850095206
2020-03-06,8.645000457763672,-0.02343633003724536,0.026263420530991066
2020-03-09,8.625,-0.0023162091690923613,0.02622397036319081
2020-03-10,8.994999885559082,0.04200389176234719,0.027589730905265012
2020-03-11,9.369999885559082,0.040844229357014976,0.02833502189422056
2020-03-12,9.324999809265137,-0.004814138961047376,0.026255905585182593
2020-03-13,9.28499984741211,-0.0042987667048754695,0.02544837236256433
2020-03-16,8.739999771118164,-0.06049001489127214,0.0276187122498965
2020-03-17,8.470000267028809,-0.03137962328920443,0.02624098889335568
2020-03-18,8.265000343322754,-0.02450076737804637,0.02626410048495891
2020-03-19,8.545000076293945,0.03331655268370413,0.027138148673588845
2020-03-20,8.295000076293945,-0.029693392656053915,0.027447457886206558
2020-03-23,7.849999904632568,-0.05513941319439047,0.029027897361213164
2020-03-24,7.909999847412109,0.00761424284345816,0.027930472357615824
2020-03-25,7.744999885559082,-0.02108030339632899,0.028095557655577322
2020-03-26,7.574999809265137,-0.022194132876816233,0.027970668474956356
2020-03-27,7.21999979019165,-0.047998402370506434,0.028669828418160324
2020-03-30,6.894999980926514,-0.04605841536641909,0.029516996331666427
2020-03-31,6.900000095367432,0.0007249169455932675,0.027074038880208023
2020-04-01,6.824999809265137,-0.01092911230005762,0.02646284586616637
2020-04-02,6.934999942779541,0.01598873239130446,0.026862718519988088
2020-04-03,6.920000076293945,-0.0021652648611126925,0.026885086094810506
2020-04-06,7.284999847412109,0.051401638046963787,0.028543105254753474
2020-04-07,7.284999847412109,0.0,0.028569454167245184
2020-04-08,7.260000228881836,-0.003437558338550537,0.0284522053969546
2020-04-09,7.28000020980835,0.002751030665294551,0.028367961682941496
2020-04-13,7.28000020980835,0.0,0.028363251068784706
2020-04-14,6.875,-0.05723924747578748,0.029781050185269095
2020-04-15,6.650000095367432,-0.033274774543905164,0.029114421206262283
2020-04-16,6.90500020980835,0.03762894823751419,0.03019804579057552
2020-04-17,6.994999885559082,0.012949774510811717,0.030450497987688237
2020-04-20,6.619999885559082,-0.05510023909528683,0.031539012697582136
2020-04-21,6.315000057220459,-0.047167587798275915,0.03227090012350315
2020-04-22,6.224999904632568,-0.014354337832791213,0.03071869034933197
2020-04-23,6.054999828338623,-0.02768907837599797,0.02914031879175586
2020-04-24,5.769999980926514,-0.04821227144032588,0.029711716218718393
2020-04-27,5.940000057220459,0.02903706579324944,0.030769012565665745
2020-04-28,6.144999980926514,0.03392959690646723,0.03077280392390824
2020-04-29,6.014999866485596,-0.021382412684361207,0.03060649909950158
2020-04-30,6.21999979019165,0.03351354579010802,0.03156845008571362
2020-05-01,5.84499979019165,-0.062183313991165425,0.031917686726539767
2020-05-04,5.739999771118164,-0.018127388572086168,0.031774360093519194
2020-05-05,5.675000190734863,-0.01138857347945664,0.030725788389563954
2020-05-06,5.764999866485596,0.015734533584408288,0.030928832119693602
2020-05-07,5.84499979019165,0.013781428467134383,0.031173261412218305
2020-05-08,5.829999923706055,-0.0025695717527152357,0.031100957267585588
2020-05-11,5.704999923706055,-0.02167401733509391,0.030316233317962123
2020-05-12,5.315000057220459,-0.07080994738111218,0.031697262495438985
2020-05-13,5.119999885559082,-0.03737860586008047,0.032068829740313234
2020-05-14,5.264999866485596,0.02792670352740298,0.03280396374420518
2020-05-15,5.21999979019165,-0.008583758525701169,0.03247263733569506
2020-05-18,4.920000076293945,-0.059188815690260084,0.033676947545868446
2020-05-19,4.610000133514404,-0.0650806600406495,0.032895967944760206
2020-05-20,4.460000038146973,-0.03307911138536102,0.03292145276813351
2020-05-21,3.825000047683716,-0.15359029484027553,0.04125019983055014
2020-05-22,3.890000104904175,0.016850704853178685,0.04161311968389538
2020-05-26,4.125,0.058656835188635605,0.04394142043219822
2020-05-27,3.694999933242798,-0.11008548345338118,0.046513867603249326
2020-05-28,3.509999990463257,-0.05136450157250949,0.04679892515237222
2020-05-29,4.385000228881836,0.22257364325993326,0.06388989298651297
2020-06-01,4.054999828338623,-0.07823903278657333,0.0646720590601125
2020-06-02,4.849999904632568,0.17902804005189013,0.07357615492009667
2020-06-03,5.329999923706055,0.09437253857768832,0.07564421574461014
2020-06-04,5.389999866485596,0.011194136286451873,0.07568667404361507
2020-06-05,5.710000038146973,0.05767367019850554,0.0763977843591246
2020-06-08,5.25,-0.08399095374511716,0.07741724786263461
2020-06-09,4.804999828338623,-0.08857106990684997,0.07869837946700622
2020-06-10,4.800000190734863,-0.0010410490464081012,0.07832829695524418
2020-06-11,4.989999771118164,0.03881990624504851,0.07874987266034392
2020-06-12,5.275000095367432,0.055542833545941195,0.07923443419036286
2020-06-15,5.514999866485596,0.04449293105488061,0.07899590863930446
2020-06-16,5.260000228881836,-0.04734055823287009,0.07938147784272034
2020-06-17,5.210000038146973,-0.00955120717612327,0.07937542007412487
2020-06-18,5.449999809265137,0.04503571059077825,0.07979116745337635
2020-06-19,5.614999771118164,0.029825973749905314,0.07995331916539809
2020-06-22,5.494999885559082,-0.02160298039862298,0.0800388988911631
2020-06-23,5.829999923706055,0.05917842024674921,0.08071105007973386
2020-06-24,5.664999961853027,-0.028710099529790544,0.07978510886095413
2020-06-25,5.255000114440918,-0.07512686163972662,0.08072177031859244
2020-06-26,5.105000019073486,-0.028959570753578585,0.0807323610690246
2020-06-29,5.840000152587891,0.13451036761533358,0.08441378694567904
2020-06-30,6.164999961853027,0.05415730746044084,0.08403576963811064
2020-07-01,5.864999771118164,-0.04988568734823759,0.08362790911884713
2020-07-02,5.945000171661377,0.013548115937258912,0.08327014592761882
2020-07-06,6.09499979019165,0.024918169492546195,0.07737773809824507
2020-07-07,6.125,0.004910027920583406,0.07740141923498385
2020-07-08,5.934999942779541,-0.03151173801034879,0.07740370735521576
2020-07-09,5.755000114440918,-0.030797956361119594,0.07438155161655709
2020-07-10,5.474999904632568,-0.049876803775466994,0.07433642206307327
2020-07-13,5.110000133514404,-0.06899282794017918,0.06466893331567483
2020-07-14,5.085000038146973,-0.004904393341290081,0.0627681660272009
2020-07-15,5.224999904632568,0.02715974259634835,0.05396834523069253
2020-07-16,5.059999942779541,-0.03208830760775149,0.05142224760329518
2020-07-17,5.114999771118164,0.010810882665423691,0.05141897284559947
2020-07-20,4.730000019073486,-0.0782521481201157,0.051988113208615225
2020-07-21,4.789999961853027,0.012605196922655411,0.049960709013010356
2020-07-22,4.829999923706055,0.008316048409686833,0.047303060910924934
2020-07-23,4.985000133514404,0.0315869783283985,0.04764802222207486
2020-07-24,5.010000228881836,0.005002530584737678,0.047125974059917995
2020-07-27,4.784999847412109,-0.04594996776564885,0.04665166754596952
2020-07-28,4.960000038146973,0.0359197554116372,0.046374562336366235
2020-07-29,5.175000190734863,0.04243362758065259,0.04634690665609797
2020-07-30,5.224999904632568,0.009615403590324112,0.04635055301310205
2020-07-31,6.025000095367432,0.14246271560660337,0.052599716665798026
2020-08-03,6.800000190734863,0.12100514502596726,0.056660213565594926
2020-08-04,7.355000019073486,0.07845771641536359,0.05788778836172331
2020-08-05,7.320000171661377,-0.004770005222441204,0.057176721988802776
2020-08-06,7.940000057220459,0.08130293104142353,0.058285681909311875
2020-08-07,7.929999828338623,-0.0012602684659790264,0.056027254951045144
2020-08-10,7.590000152587891,-0.04382140248832755,0.05648146615559791
2020-08-11,7.414999961853027,-0.023326641066017468,0.051964353917478445
2020-08-12,7.170000076293945,-0.03359930519308071,0.051743616701489255
2020-08-13,7.309999942779541,0.019337600681744383,0.05074389983207248
2020-08-14,8.020000457763672,0.09269521302219522,0.05308136410911186
2020-08-17,8.180000305175781,0.019753708966021546,0.05303960410985877
2020-08-18,8.550000190734863,0.04423911733463193,0.053399207134806365
2020-08-19,8.354999542236328,-0.02307119799867292,0.05318867173746118
2020-08-20,8.149999618530273,-0.024842226811497992,0.05303663701331645
2020-08-21,7.619999885559082,-0.06724152576660719,0.05381966680603081
2020-08-24,8.359999656677246,0.09268203134923277,0.053625667315946556
2020-08-25,8.864999771118164,0.058652527678282426,0.05400871766844796
2020-08-26,9.149999618530273,0.031642923889171774,0.054039620661525664
2020-08-27,8.869999885559082,-0.031079054177280564,0.05400723217531818
2020-08-28,11.170000076293945,0.23055683649189612,0.06638279989435177
2020-08-31,11.239999771118164,0.006247204191028089,0.06353693642566874
2020-09-01,11.295000076293945,0.0048813325722398505,0.06362063448012847
2020-09-02,11.109999656677246,-0.016514583925231877,0.0640535933946298
2020-09-03,11.734999656677246,0.054730227297279985,0.06424028397956445
2020-09-04,11.680000305175781,-0.004697796518536024,0.06438707659064366
2020-09-08,10.800000190734863,-0.07833185173733473,0.06592628915164288
2020-09-09,10.734999656677246,-0.006036752441691399,0.0661780606942642
2020-09-10,10.515000343322754,-0.020706557543694208,0.0666312151935883
2020-09-11,10.494999885559082,-0.0019038994371550861,0.06674786397435642
2020-09-14,10.704999923706055,0.019811972546432504,0.062835662714739
2020-09-15,10.895000457763672,0.017593095497821707,0.059820075806267935
2020-09-16,11.319999694824219,0.03826703540352238,0.05880790515091785
2020-09-17,11.119999885559082,-0.017825767285058483,0.05900243897367148
2020-09-18,11.475000381469727,0.03142551065917072,0.05772771501107503
2020-09-21,11.494999885559082,0.0017413590692747082,0.05770604331068161
2020-09-22,11.704999923706055,0.018103946165377367,0.05672576441469469
2020-09-23,12.020000457763672,0.026555872765751446,0.05631014569243406
2020-09-24,11.635000228881836,-0.03255415076446802,0.05627865005225021
2020-09-25,11.664999961853027,0.002575085777092692,0.056328967592931135
2020-09-28,12.350000381469727,0.057063191759037166,0.05500698489485432
2020-09-29,12.279999732971191,-0.005684192988243489,0.05511741304125269
2020-09-30,13.28499984741211,0.07866366675206998,0.0561276006122231
2020-10-01,13.180000305175781,-0.007935015497228479,0.05584376639622503
2020-10-02,13.024999618530273,-0.011829993876893605,0.055571946602356245
2020-10-05,13.420000076293945,0.029875578876701406,0.05336283036722562
2020-10-06,13.305000305175781,-0.008606209862051685,0.051710076450514335
2020-10-07,13.710000038146973,0.029985568990065836,0.05114675217591669
2020-10-08,13.899999618530273,0.013763316336137841,0.051044582843827215
2020-10-09,13.755000114440918,-0.01048640999629224,0.050554450670551344
2020-10-12,13.84000015258789,0.006160558518171818,0.02987509609002603
2020-10-13,13.595000267028809,-0.017860863488533826,0.03022228197803543
2020-10-14,13.869999885559082,0.02002612834964642,0.030323381735512994
2020-10-15,14.239999771118164,0.02632666383489427,0.03019382860539092
2020-10-16,14.5,0.018093759515861667,0.028965991232369606
2020-10-19,14.720000267028809,0.015058482014745321,0.028914171179575364
2020-10-20,14.895000457763672,0.0118184854566781,0.023916125797329903
2020-10-21,14.864999771118164,-0.002016175845256656,0.023830121490763873
2020-10-22,15.255000114440918,0.025897884617800324,0.023213097715741975
2020-10-23,15.40999984741211,0.010109313759653682,0.02306089443348182
2020-10-26,14.864999771118164,-0.036007198377453975,0.024671562730904997
2020-10-27,14.744999885559082,-0.00810540654679324,0.024877987141495424
2020-10-28,14.484999656677246,-0.01779042698653937,0.024793467139378318
2020-10-29,14.21500015258789,-0.01881585168211278,0.024829961869539043
2020-10-30,14.0600004196167,-0.01096383961001631,0.024667409517233826
2020-11-02,13.654999732971191,-0.029228180856952602,0.025518548624243104
2020-11-03,13.664999961853027,0.0007320812181678194,0.025425237707392676
2020-11-04,13.885000228881836,0.01597132065442146,0.025190461281664443
2020-11-05,14.454999923706055,0.040231232947407436,0.024972066670301305
2020-11-06,13.899999618530273,-0.03915155749749735,0.026363770709353387
2020-11-09,13.854999542236328,-0.0032426674174403005,0.024561142769715667
2020-11-10,14.03499984741211,0.012908053666550387,0.024547279837850235
2020-11-11,14.095000267028809,0.004265944569116513,0.0201569466955513
2020-11-12,14.0,-0.006762813895748466,0.020138205924490078
2020-11-13,14.239999771118164,0.016997560295408266,0.020142718616598495
2020-11-16,14.494999885559082,0.017748864567752175,0.019701054775684967
2020-11-17,13.970000267028809,-0.03689156209510309,0.020894953861457385
2020-11-18,13.680000305175781,-0.020977257880740802,0.020579045239091955
2020-11-19,13.020000457763672,-0.04944826256365262,0.022279336644169024
2020-11-20,12.895000457763672,-0.009646997106299855,0.022269069804866315
2020-11-23,13.53499984741211,0.0484392369600627,0.024077627373098934
2020-11-24,13.899999618530273,0.026609900900095032,0.02435474373077555
2020-11-25,13.930000305175781,0.002155997006742697,0.02408379228754473
2020-11-27,14.484999656677246,0.03906879781983972,0.024666773207433122
2020-11-30,15.140000343322754,0.04422666316647542,0.02574488301235745
2020-12-01,14.90999984741211,-0.015308152143121014,0.025787897371750985
2020-12-02,14.904999732971191,-0.00033540932806747314,0.025698086229602856
2020-12-03,14.145000457763672,-0.05233547209889501,0.02742019412005199
2020-12-04,14.645000457763672,0.03473777442127635,0.027771736472546726
2020-12-07,14.354999542236328,-0.02000072985280094,0.02788678189264155
2020-12-08,14.444999694824219,0.0062500311072263975,0.02718729113959171
2020-12-09,14.734999656677246,0.019877280098387375,0.027412613822534602
2020-12-10,15.539999961853027,0.05319174959489706,0.028851710603654202
2020-12-11,15.960000038146973,0.026668251927082713,0.028896506198481074
2020-12-14,16.604999542236328,0.03961823284906426,0.029471725304985312
2020-12-15,17.225000381469727,0.03665801178511682,0.02924507234632465
2020-12-16,16.3799991607666,-0.0503008118563333,0.03109271860542483
2020-12-17,15.9399995803833,-0.02722938015236475,0.03161298004534031
2020-12-18,15.885000228881836,-0.0034563649071506315,0.030913561537068004
2020-12-21,16.795000076293945,0.05570594547675777,0.03128711226296823
2020-12-22,17.635000228881836,0.048804349059940424,0.0321699214664276
2020-12-23,17.5049991607666,-0.007399070202723338,0.03227745338643999
2020-12-24,17.649999618530273,0.008249255302158457,0.03227246049483969
2020-12-28,19.149999618530273,0.08156693394027474,0.03485276803163903
2020-12-29,18.774999618530273,-0.01977651837432789,0.035258560998991516
2020-12-30,19.0,0.01191280183420363,0.03522594157696003
2020-12-31,19.125,0.0065574005461590396,0.03414992582985124
2021-01-04,19.844999313354492,0.0369556719219999,0.03394775565519831
2021-01-05,18.0049991607666,-0.09730260114489205,0.03785372319885008
2021-01-06,17.565000534057617,-0.024741134367270892,0.03823335263125512
2021-01-07,19.30500030517578,0.0944558294018844,0.04066206220235271
2021-01-08,20.1200008392334,0.041350241418618275,0.04093488114719601
2021-01-11,22.125,0.09499380395105421,0.043564153978187005
2021-01-12,26.155000686645508,0.1673322121815156,0.05153049281404573
2021-01-13,21.5,-0.19598746794189173,0.06459456731691748
2021-01-14,21.334999084472656,-0.007704061405646464,0.06449982123764532
2021-01-15,20.200000762939453,-0.054666231551532427,0.0656096907118536
2021-01-19,20.325000762939453,0.006169050794431905,0.06454980436239777
2021-01-20,20.260000228881836,-0.0032031828531049237,0.06446225463709682
2021-01-21,20.065000534057617,-0.009671479782507823,0.06431939365339619
2021-01-22,21.485000610351562,0.06837801529996528,0.0651505820842611
2021-01-25,20.15999984741211,-0.06365461000089849,0.06662515250372664
2021-01-26,19.510000228881836,-0.03277326926779042,0.06657205955646549
2021-01-27,19.700000762939453,0.0096915081052994,0.06647632420161258
2021-01-28,20.90999984741211,0.05960883167134463,0.06691313399148838
2021-01-29,19.81999969482422,-0.05353599263870128,0.06758925350609488
2021-02-01,18.139999389648438,-0.0885721024642099,0.06900898765836247
2021-02-02,18.25,0.006045668988233993,0.06876666555181221
2021-02-03,17.854999542236328,-0.021881524619931248,0.06892238235482058
2021-02-04,18.1200008392334,0.014732791521571989,0.06826313988609801
2021-02-05,18.3799991607666,0.01424672433725741,0.06774497595731159
2021-02-08,20.18000030517578,0.09342895878074908,0.06976544073131946
2021-02-09,19.045000076293945,-0.05788742611159734,0.07068955608720177
2021-02-10,18.559999465942383,-0.025795905353152286,0.06925362914878387
2021-02-11,17.375,-0.06597630713254214,0.07019188462819304
2021-02-12,17.6200008392334,0.014002276686767817,0.07020779932389483
2021-02-16,16.71500015258789,-0.05272813913676174,0.07077574827857154
2021-02-17,16.540000915527344,-0.010524784052999845,0.07034656827019331
2021-02-18,17.329999923706055,0.04665735437723241,0.06880186341511967
2021-02-19,16.55500030517578,-0.045750909891829845,0.06915499453781788
2021-02-22,15.960000038146973,-0.03660259502144054,0.06695800732856061
2021-02-23,16.25,0.01800731436392252,0.06651886299530675
2021-02-24,16.3799991607666,0.007968118413925399,0.06375217741869724
2021-02-25,15.9350004196167,-0.02754305298735088,0.054282982080074926
2021-02-26,15.694999694824219,-0.015175803352544603,0.042408180729501664
2021-03-01,16.079999923706055,0.024234088156395432,0.042878811679932384
2021-03-02,15.869999885559082,-0.013145731679002251,0.042029896825616024
2021-03-03,15.524999618530273,-0.021978924078946478,0.042015901337075445
2021-03-04,15.930000305175781,0.025752539831033216,0.04248317032861425
2021-03-05,16.364999771118164,0.02694075088782945,0.04295717116157979
2021-03-08,16.149999618530273,-0.013224867918837153,0.040549130923431
2021-03-09,16.924999237060547,0.04687174767242552,0.040481491546064376
2021-03-10,17.6299991607666,0.04081017508652838,0.04101837608859685
2021-03-11,18.125,0.027690251933535796,0.04134644050775378
2021-03-12,18.450000762939453,0.017772211097528842,0.039848075645223933
2021-03-15,17.93000030517578,-0.028589107200825307,0.03903440411957404
2021-03-16,17.65999984741211,-0.015173118101938835,0.03566262739487226
2021-03-17,17.969999313354492,0.017401476049306794,0.035798830479354685
2021-03-18,17.760000228881836,-0.011754912133295124,0.03563779876780117
2021-03-19,17.264999389648438,-0.02826745496151808,0.03588131535583012
2021-03-22,18.045000076293945,0.04418734683273776,0.036743634133189484
2021-03-23,18.389999389648438,0.01893836310417656,0.0324335538237749
2021-03-24,18.59000015258789,0.010816804514504596,0.03081662862078259
2021-03-25,18.364999771118164,-0.012177143132721882,0.030534829902636874
2021-03-26,18.700000762939453,0.01807689785074765,0.028061808142490683
2021-03-29,18.44499969482422,-0.0137302501559791,0.028124832477598893
2021-03-30,18.80500030517578,0.0193294936472756,0.026352817332132676
2021-03-31,18.9950008392334,0.010053022670655665,0.02623120612294472
2021-04-01,19.170000076293945,0.009170730216021147,0.025024417647752505
2021-04-05,19.170000076293945,0.0,0.023259949090675015
2021-04-06,19.780000686645508,0.03132479987128156,0.022370916363968315
2021-04-07,19.28499984741211,-0.02534377716076296,0.023035839629611015
2021-04-08,18.989999771118164,-0.015415070976494872,0.023350174792288333
2021-04-09,18.940000534057617,-0.0026363968161668156,0.02258611330860396
2021-04-12,19.649999618530273,0.03680120294678075,0.02291602566840431
2021-04-13,19.510000228881836,-0.00715015253551879,0.0228415784724075
2021-04-14,19.68000030517578,0.00867574076447299,0.02254168480955547
2021-04-15,20.260000228881836,0.029045602986758387,0.02218849630253534
2021-04-16,20.540000915527344,0.013725738955545018,0.021980685848323012
2021-04-19,20.940000534057617,0.01928698187326453,0.021802631538421536
2021-04-20,21.065000534057617,0.0059516898372467975,0.021430239137010056
2021-04-21,21.110000610351562,0.0021339699893187184,0.020215827517843517
2021-04-22,21.3700008392334,0.012241217829482676,0.019235126019942067
2021-04-23,20.045000076293945,-0.06400835870201935,0.022709444422089484
2021-04-26,20.0,-0.0022474763466127008,0.022564902100136598
2021-04-27,21.405000686645508,0.06789229812166157,0.024725349638261743
2021-04-28,21.55500030517578,0.0069832506814496,0.024402838785189916
2021-04-29,22.5,0.04290748685327229,0.02522116932097224
2021-04-30,23.28499984741211,0.034294060670910856,0.025409866911259696
2021-05-03,23.815000534057617,0.022506286796800296,0.024515223832897795
2021-05-04,23.049999237060547,-0.03264992033475406,0.024908905507604145
2021-05-05,23.959999084472656,0.03871999869325932,0.02545980883061886
2021-05-06,24.329999923706055,0.015324418623043207,0.025485292204803132
2021-05-07,23.940000534057617,-0.016159431221636107,0.025609304511180618
2021-05-10,25.190000534057617,0.05089638912769645,0.026695591389556374
2021-05-11,25.80500030517578,0.024121171861222743,0.026431921805942254
2021-05-12,26.420000076293945,0.02355301855499651,0.026487944803164486
2021-05-13,26.25,-0.0064553129442810175,0.02668619447350302
2021-05-14,26.829999923706055,0.021854672556294252,0.02676014530652166
2021-05-17,26.309999465942383,-0.019571586840380926,0.027276341531235357
2021-05-18,24.809999465942383,-0.058702298575738186,0.029752256717186246
2021-05-19,22.665000915527344,-0.09042485139111375,0.034264146273357984
2021-05-20,24.684999465942383,0.08537382528922746,0.03698753270567411
2021-05-21,24.795000076293945,0.004446272942164921,0.0369349623818391
2021-05-24,24.760000228881836,-0.0014125659576749903,0.03659978084208107
2021-05-25,26.190000534057617,0.05614822185087059,0.03752667088177674
2021-05-26,26.424999237060547,0.008932823973138115,0.03752643110262396
2021-05-27,25.200000762939453,-0.04746647809166777,0.038754882618428826
2021-05-28,24.93000030517578,-0.010772115015978965,0.03887215091695077
2021-06-01,25.975000381469727,0.04106264189455142,0.03932071198559574
2021-06-02,25.725000381469727,-0.009671255122456398,0.03944084609470495
2021-06-03,25.704999923706055,-0.0007777740094588902,0.03945595212481554
2021-06-04,25.795000076293945,0.0034951551149067245,0.03944487234163179
2021-06-07,26.489999771118164,0.02658661698935132,0.03728761334098642
2021-06-08,27.799999237060547,0.048268698609058455,0.03788434537489187
2021-06-09,28.299999237060547,0.017825784437474415,0.036362856969603355
2021-06-10,28.684999465942383,0.013512541745623904,0.03636800294883893
2021-06-11,27.844999313354492,-0.02972092705375476,0.0364863792274761
2021-06-14,28.809999465942383,0.034069138177136644,0.036480622190722865
2021-06-15,28.135000228881836,-0.023708169538835557,0.03678200816902016
2021-06-16,28.030000686645508,-0.003738971346866723,0.0361192346713505
2021-06-17,28.309999465942383,0.009939690585676217,0.03561316928501129
2021-06-18,29.405000686645508,0.03794967100405705,0.036063773121727205
2021-06-21,29.614999771118164,0.007116230737113478,0.03581309356554822
2021-06-22,30.735000610351562,0.03712110821714043,0.035316950454994236
2021-06-23,31.545000076293945,0.026013010023856812,0.035350928604353356
2021-06-24,32.01499938964844,0.014789423664867768,0.03524286255340537
2021-06-25,32.3849983215332,0.011490776900138158,0.03516931628684554
2021-06-28,32.28900146484375,-0.0029686404894340664,0.035099741890636235
2021-06-29,33.486000061035156,0.0364007825401387,0.035171603811262844
2021-06-30,34.62200164794922,0.03336192289580382,0.03310301605737328
2021-07-01,36.143001556396484,0.04299396954288575,0.027475945513298416
2021-07-02,35.82699966430664,-0.008781545573123566,0.024435038993602585
2021-07-06,34.10499954223633,-0.0492578020381281,0.02688363156428064
2021-07-07,32.3380012512207,-0.05320093967491078,0.029242615065537002
2021-07-08,33.3120002746582,0.02967465266799605,0.028146561981652784
2021-07-09,36.63199996948242,0.09500447384412783,0.0323203282338707
2021-07-12,34.64899826049805,-0.05565335953464219,0.0328600809512656
2021-07-13,35.4630012512207,0.023221119731709042,0.032682805444591054
2021-07-14,34.775001525878906,-0.01959115303065316,0.03268284553591431
2021-07-15,33.797000885009766,-0.028526714348725293,0.03324518594035884
2021-07-16,34.84199905395508,0.030451461126141315,0.033413823707484934
2021-07-19,35.64899826049805,0.022897518715206695,0.033468542588238705
2021-07-20,35.165000915527344,-0.013669751385577324,0.03361980927415006
2021-07-21,35.94900131225586,0.02205000807658508,0.032908982631236
2021-07-22,36.12900161743164,0.004994607842935441,0.032867880368134324
2021-07-23,35.52299880981445,-0.016915571202405996,0.03316456022229408
2021-07-26,36.91400146484375,0.038410582055422963,0.032885870749529346
2021-07-27,37.59000015258789,0.01814713906764918,0.0326012289658047
2021-07-28,39.698001861572266,0.05456279384838143,0.03303346649875034
2021-07-29,41.15399932861328,0.03602025594749406,0.033199139003291744
2021-07-30,40.75600051879883,-0.009718030589806229,0.03345061283405684
2021-08-02,42.15299987792969,0.033702772555001995,0.033346471423858264
2021-08-03,41.24300003051758,-0.02182445124564736,0.033906678879476945
2021-08-04,42.25299835205078,0.024193916046816477,0.03364492817245139
2021-08-05,42.89899826049805,0.015173156892606192,0.033531811015297584
2021-08-06,43.11800003051758,0.005092068953382904,0.0335332610686322
2021-08-09,42.7859992980957,-0.007729614174362015,0.03368556943451334
2021-08-10,44.654998779296875,0.042755325930312386,0.0341433774412961
2021-08-11,45.986000061035156,0.029370747867530005,0.033985429936424054
2021-08-12,45.87099838256836,-0.0025039298148319296,0.03378640473481061
2021-08-13,44.62799835205078,-0.02747164604765156,0.033818215961958054
2021-08-16,47.987998962402344,0.07258953022607699,0.03571628512359914
2021-08-17,46.94900131225586,-0.021889023907078115,0.03448564625454455
2021-08-18,45.3849983215332,-0.033880317127843326,0.03341584693988708
2021-08-19,40.39500045776367,-0.11647559073187823,0.04053875315015065
2021-08-20,41.944000244140625,0.03762937482700611,0.03745163826503597
2021-08-23,41.68000030517578,-0.006313996323877254,0.03576366000198342
2021-08-24,44.869998931884766,0.07374799141624136,0.03773055908471126
2021-08-25,45.28499984741211,0.0092064522741813,0.03737316973077113
2021-08-26,45.78799819946289,0.011046160275478863,0.03670254081099362
2021-08-27,47.805999755859375,0.04312914079281619,0.037016330953445926
2021-08-30,49.67900085449219,0.03843117627272341,0.037302624523293505
2021-08-31,50.3380012512207,0.013177958138767303,0.037009727009839226
2021-09-01,50.231998443603516,-0.002108041109551187,0.037045348786801546
2021-09-02,51.91600036621094,0.032974792051780576,0.03723671688884067
2021-09-03,51.505001068115234,-0.007948123805680577,0.037031320925834874
2021-09-07,53.90800094604492,0.045599996382416984,0.037228303075444565
2021-09-08,55.28799819946289,0.025276946766422535,0.037287495680077755
2021-09-09,56.58100128173828,0.02311740823759298,0.036508634306146794
2021-09-10,57.91600036621094,0.02332042878213719,0.03629124031410257
2021-09-13,61.27899932861328,0.05644350456278504,0.03696832204982715
2021-09-14,65.76399993896484,0.07063537941543728,0.03825364641187992
2021-09-15,70.70700073242188,0.07247201304037186,0.03900503904657975
2021-09-16,63.250999450683594,-0.11143365918628746,0.04556672817054401
2021-09-17,65.10299682617188,0.028859653276549872,0.045653030891551545
2021-09-20,75.31700134277344,0.1457353084144169,0.05155654778168176
2021-09-21,73.78199768066406,-0.020591122782206425,0.05183569244677856
2021-09-22,71.69200134277344,-0.028735583884277847,0.05230732359696439
2021-09-23,69.68399810791016,-0.02840847507361949,0.05285057281800061
2021-09-24,70.23999786376953,0.007947209888072753,0.05277341488615946
2021-09-27,76.50700378417969,0.0854643704626126,0.053717736232282084
2021-09-28,78.56500244140625,0.026544049340910862,0.05275237070128301
2021-09-29,86.60900115966797,0.09747741093805772,0.05424286265765692
2021-09-30,97.77400207519531,0.12125496459526319,0.056246367041161316
2021-10-01,93.625,-0.04336127241301756,0.05123997046553659
2021-10-04,96.6520004272461,0.031819461246281974,0.05121337040949813
2021-10-05,116.0199966430664,0.18264565802015834,0.05803531816852457
2021-10-06,108.19100189208984,-0.06986435996020768,0.06052388635788886
2021-10-07,96.58399963378906,-0.11348510890516136,0.06584264927882302
2021-10-08,87.60600280761719,-0.09756357144274394,0.06953296089368366
2021-10-11,85.21600341796875,-0.027660271054718126,0.06997784982429076
2021-10-12,85.697998046875,0.005640215576764791,0.06992427627753202
2021-10-13,93.61599731445312,0.08837181504128588,0.07107715433728859
2021-10-14,102.1719970703125,0.08745635859639651,0.07196240491911782
2021-10-15,93.64800262451172,-0.08711453838129214,0.07471421561083735
2021-10-18,93.93299865722656,0.00303864730497337,0.07460104432818482
2021-10-19,89.93199920654297,-0.043527927503220556,0.07531890087152843
2021-10-20,93.45099639892578,0.038383375843636346,0.07540617191886442
2021-10-21,88.46299743652344,-0.05485283969908217,0.0765408946751361
2021-10-22,87.33799743652344,-0.012798737091785703,0.07668776012485154
2021-10-25,88.64299774169922,0.014831422286568469,0.0762630070090125
2021-10-26,88.49299621582031,-0.001693631637284258,0.07549483437051052
2021-10-27,86.81900024414062,-0.019097915544165737,0.07472474557637061
2021-10-28,77.03199768066406,-0.11960460470453824,0.07518419648629705
2021-10-29,64.86399841308594,-0.17192814402491133,0.08177940739931741
2021-11-01,65.61900329589844,0.01157259258397997,0.07706032891827558
2021-11-02,67.60600280761719,0.029831439647457287,0.07724905059444996
2021-11-03,76.54199981689453,0.12414282935621064,0.08046259821039597
2021-11-04,73.3759994506836,-0.04224270820281447,0.08068330169564196
2021-11-05,74.0270004272461,0.008832998104355045,0.0806858208500641
2021-11-08,79.0739974975586,0.06595419394945069,0.08006403879719831
2021-11-09,72.58699798583984,-0.08559827655508775,0.08144117132572477
2021-11-10,70.12300109863281,-0.03453495608363005,0.07938571791849319
2021-11-11,74.79000091552734,0.06443333984062383,0.07685680138620077
2021-11-12,75.67500305175781,0.011763696790058113,0.07666401574586612
2021-11-15,79.9469985961914,0.05491600232960149,0.077182500862483
2021-11-16,94.18900299072266,0.16393953612787387,0.07566383222400482
2021-11-17,95.00399780273438,0.008615539156742055,0.07476491940157513
2021-11-18,95.16699981689453,0.001714268275588822,0.0718676807734155
2021-11-19,87.125,-0.08828937204405964,0.07145448912225372
2021-11-22,84.01699829101562,-0.03632473010219135,0.07158676655226563
2021-11-23,90.927001953125,0.07903786928346128,0.07304231767588758
2021-11-24,93.98400115966797,0.0330675590932452,0.07146750593486094
2021-11-26,87.77200317382812,-0.0683819880216648,0.07055915825276338
2021-11-29,93.14600372314453,0.05942561527089115,0.06975079294995563
2021-11-30,92.51300048828125,-0.006819014142431513,0.0697583302627877
2021-12-01,95.67500305175781,0.03360788274689651,0.06953920366762086
2021-12-02,94.83000183105469,-0.008871229004446021,0.06922260959138267
2021-12-03,89.47799682617188,-0.05809308466623452,0.06931440302028403
2021-12-06,89.9280014038086,0.005016616231643468,0.06927390340242941
2021-12-07,95.88300323486328,0.06411936615583105,0.07019226236375671
2021-12-08,101.50199890136719,0.05694975997176583,0.07088127103362965
2021-12-09,100.44499969482422,-0.010468180921579372,0.07079936330224135
2021-12-10,105.7760009765625,0.051713348847710894,0.06723340439357813
2021-12-13,116.08399963378906,0.09299040399774,0.05937539727800375
2021-12-14,128.30099487304688,0.10006496204180537,0.0611448557914204
2021-12-15,132.28399658203125,0.030572074842372086,0.06114812990003016
2021-12-16,142.76499938964844,0.07624881684411348,0.05898654713806169
2021-12-17,136.91299438476562,-0.04185427095208048,0.05897227744419112
2021-12-20,146.92599487304688,0.07058337717685338,0.059614642350890375
2021-12-21,180.26699829101562,0.20451005191667637,0.06786542177255298
2021-12-22,172.875,-0.04187028570614351,0.06579114867635866
2021-12-23,132.57899475097656,-0.26539013540756806,0.08435230962331568
2021-12-27,106.89299774169922,-0.21535034157577335,0.09429209989627985
2021-12-28,106.58999633789062,-0.002838648657505492,0.09433053494110062
2021-12-29,96.47599792480469,-0.09969541310444553,0.09607944888677733
2021-12-30,87.0270004272461,-0.10307583099510371,0.09329666977931525
2021-12-31,70.34300231933594,-0.2128351111505831,0.10083207355438593
2022-01-03,80.43399810791016,0.1340536397487056,0.10420160620856526
2022-01-04,88.74099731445312,0.09828503565723516,0.10466332619055002
2022-01-05,91.52200317382812,0.030857430717988105,0.10456442964307622
2022-01-06,96.50199890136719,0.052984306916341345,0.10401661242959878
2022-01-07,88.17400360107422,-0.0902515463189374,0.10517610736445691
2022-01-10,84.60700225830078,-0.041295143617616346,0.10470292309489426
2022-01-11,78.73600006103516,-0.07191654729884979,0.10482536337886142
2022-01-12,75.15299987792969,-0.046574450961224714,0.10509222623569779
2022-01-13,85.45999908447266,0.12852238556535953,0.10774973475643045
2022-01-14,86.97000122070312,0.01751482613463937,0.10781427710393364
2022-01-18,78.33399963378906,-0.10458151423444567,0.10896312667816406
2022-01-19,75.60199737548828,-0.03549902825596979,0.10909296180314353
2022-01-20,75.2030029296875,-0.005291540413026918,0.10829240276821325
2022-01-21,78.9800033569336,0.04900353562795136,0.10813742234865649
2022-01-24,93.0,0.16340479479116274,0.11258855607251284
2022-01-25,93.58200073242188,0.00623857197101252,0.11213777752501795
2022-01-26,91.83699798583984,-0.01882282052367099,0.11064838107121647
2022-01-27,92.3010025024414,0.005039758197452396,0.10879845113761283
2022-01-28,92.06199645996094,-0.0025927781357293267,0.1085298721149095
2022-01-31,84.6719970703125,-0.08367729077025961,0.10796774108811562
2022-02-01,76.16699981689453,-0.10585663827187287,0.10909379257041212
2022-02-02,77.35099792480469,0.015425182735246474,0.10798153404949762
2022-02-03,80.2229995727539,0.036456773119301074,0.09991647415084695
2022-02-04,82.6520004272461,0.029828776095839064,0.10040452731901067
2022-02-07,79.59500122070312,-0.03768773542704599,0.0895993107150584
2022-02-08,77.30000305175781,-0.02925729707075088,0.08146691901711868
2022-02-09,74.41699981689453,-0.03800958717152931,0.08160128851795345
2022-02-10,74.35299682617188,-0.0008604287976810965,0.0799154193926221
2022-02-11,77.4260025024414,0.04049869471761352,0.07835139144226964
2022-02-14,80.77100372314453,0.042295362485914575,0.06806130975820297
2022-02-15,70.91899871826172,-0.1300796736685819,0.06782250433297393
2022-02-16,69.79499816894531,-0.01597601490854701,0.06501934698100778
2022-02-17,74.91400146484375,0.07077846076813084,0.06623922081084287
2022-02-18,73.76200103759766,-0.015497100583069408,0.0652855061192752
2022-02-22,79.78900146484375,0.07854196078673296,0.06531129470540231
2022-02-23,88.89099884033203,0.10802521830196503,0.06795461686224628
2022-02-24,134.3159942626953,0.4127843029764279,0.09994976547536776
2022-02-25,94.4219970703125,-0.35242112416096644,0.12027442498747899
2022-02-28,98.59500122070312,0.043246496945445474,0.11830988563445065
2022-03-01,121.67400360107422,0.21032480390203434,0.1241206924906465
2022-03-02,165.54299926757812,0.30788560871016624,0.13335517192313492
2022-03-03,160.822998046875,-0.028926606179165298,0.1332578170234335
2022-03-04,192.5500030517578,0.18005150691241995,0.13606419312279563
2022-03-07,227.2010040283203,0.1654792298658773,0.13823017557890738
2022-03-08,214.5540008544922,-0.05727364705677561,0.13704025210624748
2022-03-09,155.8800048828125,-0.3194749471245064,0.15100378810566195
2022-03-10,126.39900207519531,-0.20964292508781265,0.1564845849518171
2022-03-11,131.22900390625,0.037500331730163684,0.15655668050470925
2022-03-14,114.52200317382812,-0.1361769464475267,0.15886084041416315
2022-03-15,115.43900299072266,0.007975305837310247,0.15792993448607442
2022-03-16,102.62300109863281,-0.11768018796735105,0.15824432447522901
2022-03-17,105.08799743652344,0.023735980136822588,0.15826153570615548
2022-03-18,105.04399871826172,-0.00041877219756969095,0.15819387964267095
2022-03-21,96.302001953125,-0.08689019049706714,0.15909630892778504
2022-03-22,98.74700164794922,0.02507193295986939,0.1589268810895434
2022-03-23,117.0009994506836,0.1696214368132835,0.16148163023953663
2022-03-24,111.60800170898438,-0.04718972979661654,0.16159188630256985
2022-03-25,101.26899719238281,-0.09721243229977303,0.16284006732347356
2022-03-28,102.54499816894531,0.012521393791170767,0.1627412309476168
2022-03-29,108.38099670410156,0.05535105771012826,0.16284974468900307
2022-03-30,118.97000122070312,0.09321860426931554,0.16133183769158344
2022-03-31,125.90599822998047,0.05666421197798821,0.16136116352295937
2022-04-01,112.1500015258789,-0.1156983081551049,0.16290859891096637
2022-04-04,109.52300262451172,-0.023702677746649845,0.16296575448277428
2022-04-05,108.56400299072266,-0.008794708445645219,0.16253732590206305
2022-04-06,106.79100036621094,-0.01646623163810319,0.16154149850914618
2022-04-07,104.56400299072266,-0.021074304008381606,0.14213389499271173
2022-04-08,103.88200378417969,-0.006543676712036524,0.12642123002077502
2022-04-11,100.13700103759766,-0.036716417264987596,0.12639036328340825
2022-04-12,102.21900177001953,0.020578329030759644,0.12012124940292106
2022-04-13,105.3239974975586,0.02992370185165033,0.10483849576525112
2022-04-14,95.62000274658203,-0.09665925771663492,0.10587137094089664
2022-04-18,95.62000274658203,0.0,0.09918871802082604
2022-04-19,93.76799774169922,-0.019558409584923997,0.09257555027946206
2022-04-20,94.23100280761719,0.004925621951970075,0.092628583521139
2022-04-21,100.06099700927734,0.060030725835790964,0.07574404903484355
2022-04-22,94.875,-0.05321973440892841,0.06671275011600034
2022-04-25,92.83699798583984,-0.021714990185223333,0.06614586752323458
2022-04-26,103.20800018310547,0.10590112566640501,0.06517510079051399
2022-04-27,107.427001953125,0.040065194111941725,0.0656311117361889
2022-04-28,100.14199829101562,-0.07022240363302279,0.063286678005377
2022-04-29,99.44999694824219,-0.006934187062266936,0.06312390563459906
2022-05-02,97.0510025024414,-0.02441833529985894,0.06325723333196193
2022-05-03,99.4260025024414,0.02417703473082611,0.061378499562297864
2022-05-04,103.82099914550781,0.043254580133143886,0.06171260543835451
2022-05-05,106.50800323486328,0.025551875893485787,0.053212581037397025
2022-05-06,101.70800018310547,-0.046114165576625434,0.05318222714825855
2022-05-09,93.78700256347656,-0.08107968350485371,0.05227151036809954
2022-05-10,98.8010025024414,0.05208147049844261,0.05315655701750109
2022-05-11,94.01200103759766,-0.04968530675464217,0.05275828247342905
2022-05-12,106.70099639892578,0.12660805185226356,0.05519213554252554
2022-05-13,96.88099670410156,-0.09654710936642133,0.056493920060966395
2022-05-16,92.86000061035156,-0.04239039805479796,0.05319701164116697
2022-05-17,94.17500305175781,0.01406179681869398,0.053217610075656306
2022-05-18,94.53800201416016,0.00384710539669293,0.053236841241237225
2022-05-19,91.02400207519531,-0.03787866057335429,0.05354391460053034
2022-05-20,87.9020004272461,-0.03490066838530264,0.0537432850158019
2022-05-23,83.28800201416016,-0.05391805706579104,0.05445757594650843
2022-05-24,84.50700378417969,0.014529910592703608,0.05430867893989847
2022-05-25,88.0780029296875,0.041388402840476714,0.054786129825449933
2022-05-26,85.97100067138672,-0.024212780895912854,0.05448816497379714
2022-05-27,86.875,0.010460265992159759,0.05183982944624245
2022-05-31,94.00399780273438,0.07886700729700373,0.05396378915822886
2022-06-01,85.5510025024414,-0.09422459259048313,0.05653064143802037
2022-06-02,83.94499969482422,-0.018950899738540812,0.0565824325834044
2022-06-03,83.10099792480469,-0.010105108341559673,0.055285959202544255
2022-06-06,82.55799865722656,-0.006555650142357988,0.0545689714933516
2022-06-07,79.60800170898438,-0.03638644858866229,0.05479260308667548
2022-06-08,79.40699768066406,-0.002528115412374633,0.05063487886764601
2022-06-09,84.87999725341797,0.06665196557933324,0.05173913555168053
2022-06-10,82.46399688720703,-0.02887666522465644,0.050557658910774746
2022-06-13,83.4020004272461,0.01131049829258719,0.0506615610623513
2022-06-14,97.04000091552734,0.15145097905508476,0.05807388069661688
2022-06-15,120.33200073242188,0.21513132128731932,0.07004620179707569
2022-06-16,124.36399841308594,0.032958141238572256,0.06988423592035219
2022-06-17,117.73799896240234,-0.054750928533749445,0.07064402004923352
2022-06-21,125.55999755859375,0.06432190446713991,0.07085511767057262
2022-06-22,127.1709976196289,0.012748906244066001,0.06887527532004138
2022-06-23,133.3470001220703,0.04742213532886136,0.06878265246853098
2022-06-24,128.5050048828125,-0.03698690202136111,0.06844094680705048
2022-06-27,129.45899963378906,0.007396373783937853,0.06482763983376687
2022-06-28,129.17599487304688,-0.0021884499754697482,0.061880458367385135
2022-06-29,139.58799743652344,0.07751943249388439,0.062278509785355964
2022-06-30,144.51400756835938,0.034681232660091196,0.062397599016813556
2022-07-01,147.78399658203125,0.022375284084575543,0.06238252851220677
2022-07-05,165.072998046875,0.11063606334217212,0.06392422210321015
2022-07-06,170.99899291992188,0.035269878657765284,0.06313094961008361
2022-07-07,183.18299865722656,0.06882797871613934,0.06199627349284526
2022-07-08,175.21200561523438,-0.044488944488618766,0.06330435790275474
2022-07-11,164.52000427246094,-0.06296453202418358,0.06517272533216276
2022-07-12,172.60899353027344,0.047996714161262985,0.06478421670308306
2022-07-13,180.5050048828125,0.044729621778407,0.06485330850627764
2022-07-14,175.0330047607422,-0.030783950497302547,0.06476621872919897
2022-07-15,159.56700134277344,-0.09251064963954388,0.06466199865782218
2022-07-18,157.25799560546875,-0.014576164388712863,0.0645741856988188
2022-07-19,154.45700073242188,-0.017971995555378817,0.06472034572772782
2022-07-20,155.03799438476562,0.00375446675380636,0.06459809246767483
2022-07-21,155.60000610351562,0.0036184390259583034,0.06378022870871103
2022-07-22,159.86399841308594,0.027034792882368062,0.06361092579819934
2022-07-25,176.61599731445312,0.09965442523450042,0.06466273911419551
2022-07-26,199.91799926757812,0.12392940972460656,0.06631655272483479
2022-07-27,205.22500610351562,0.026199689163489692,0.06623124921908594
2022-07-28,198.92999267578125,-0.03115400074411945,0.06299809792484211
2022-07-29,190.9149932861328,-0.041124699582521546,0.052712006272726736
2022-08-01,200.79400634765625,0.050451270857540885,0.05300901442082671
2022-08-02,205.1739959716797,0.02157884147624104,0.05130190666507813
2022-08-03,199.19500732421875,-0.02957409877911545,0.05127503785194174
2022-08-04,199.2480010986328,0.0002660042897292695,0.05134775135414542
2022-08-05,196.32000732421875,-0.014804267222535607,0.05124824942785895
2022-08-08,193.05499267578125,-0.016770933807916995,0.05069973434162513
2022-08-09,192.1840057373047,-0.0045218081561569125,0.05079635480810994
2022-08-10,205.36700439453125,0.06634536755657872,0.05161630494326922
2022-08-11,208.11000061035156,0.013268145135492907,0.05026759766726159
2022-08-12,206.10800170898438,-0.009666477454684822,0.0502696018136949
2022-08-15,220.11000061035156,0.06572711262348505,0.05119760393976101
2022-08-16,225.91400146484375,0.026026978195676433,0.04787201575988471
2022-08-17,225.8350067138672,-0.00034972850123209744,0.0476767549395124
2022-08-18,241.00399780273438,0.06500884788476205,0.047517077872389055
2022-08-19,244.5500030517578,0.014606277718283293,0.046429483994155
2022-08-22,276.74798583984375,0.12368749419301064,0.048614967673625616
2022-08-23,269.04901123046875,-0.028213732768847716,0.04894758290390127
2022-08-24,292.1499938964844,0.08237378722012297,0.050207723080896875
2022-08-25,321.41400146484375,0.09546266823100377,0.05142294307439975
2022-08-26,339.1960144042969,0.05384813752165325,0.0471178278998663
2022-08-29,272.6029968261719,-0.21856164116645288,0.06454283502584195
2022-08-30,252.93699645996094,-0.07487608082945325,0.06645455271090157
2022-08-31,239.90699768066406,-0.05288909328865839,0.06762186026525159
2022-09-01,243.00399780273438,0.012826556491502872,0.06759140903956198
2022-09-02,214.6649932861328,-0.12399925291339572,0.0721259771559812
2022-09-06,239.8419952392578,0.11090171120769406,0.07263643432179283
2022-09-07,213.88299560546875,-0.11455123736993962,0.07281015960821892
2022-09-08,220.54100036621094,0.030654504312922076,0.07286520885412819
2022-09-09,207.09100341796875,-0.06292529361070948,0.07359690950641828
2022-09-12,190.58799743652344,-0.08304430998375485,0.0748187576729579
2022-09-13,198.61199951171875,0.04123915357679664,0.07462296124088579
2022-09-14,217.8820037841797,0.0926004789182192,0.07644736851221004
2022-09-15,214.2830047607422,-0.01665605570097825,0.07629961010145418
2022-09-16,187.79299926757812,-0.13195730502127156,0.08015088819432378
2022-09-19,182.26199340820312,-0.029895112307935245,0.08028143882417962
2022-09-20,194.25900268554688,0.06374715786939153,0.08112853597157028
2022-09-21,189.781005859375,-0.023321527380087033,0.08123885582915934
2022-09-22,187.46800231933594,-0.01226263011478517,0.08027314377584492
2022-09-23,185.4949951171875,-0.010580275367316495,0.08022414887314781
2022-09-26,173.83399963378906,-0.06492708243339618,0.08099339990265211
2022-09-27,186.0989990234375,0.06817796618131688,0.08106910649233182
2022-09-28,207.18699645996094,0.10734296508697212,0.08348619919302008
2022-09-29,187.6649932861328,-0.09896332735640204,0.08530452446253081
2022-09-30,188.8000030517578,0.006029847213708196,0.08428098942967503
2022-10-03,169.91200256347656,-0.10540759882234253,0.08599505797030584
2022-10-04,161.9499969482422,-0.04799304427951822,0.08227663714797251
2022-10-05,173.6929931640625,0.07000170693834562,0.08379057878646369
2022-10-06,175.71200561523438,0.011556989341639201,0.08194193604197257
2022-10-07,156.20700073242188,-0.11766426762266334,0.08109460639345466
2022-10-10,154.1179962158203,-0.013463537211973934,0.0797855811495423
2022-10-11,156.781005859375,0.017131446258954366,0.07135976564618458
2022-10-12,160.19000244140625,0.021510661476270152,0.07089949114208086
2022-10-13,153.8090057373047,-0.04064901573786986,0.07071024519082543
2022-10-14,141.9969940185547,-0.0799057217224339,0.07148276224668879
2022-10-17,127.97799682617188,-0.1039475391461574,0.0705441564865197
2022-10-18,113.22200012207031,-0.12250785509343008,0.06877313252417859
2022-10-19,112.51000213623047,-0.006308368684183735,0.0667229259282283
2022-10-20,127.14700317382812,0.12230179680155097,0.07114081269767926
2022-10-21,113.57599639892578,-0.11287173771658196,0.07278520377327359
2022-10-24,99.16999816894531,-0.13563665392073967,0.07495643269319911
2022-10-25,99.79399871826172,0.006272517691564915,0.07421092842504669
2022-10-26,104.31999969482422,0.04435504682715937,0.0721138667552669
2022-10-27,107.38400268554688,0.028948124941190836,0.07276373318908845
2022-10-28,112.24400329589844,0.04426388224747655,0.0707521861862822
2022-10-31,123.35199737548828,0.0943669331508181,0.073562204197305
2022-11-01,116.19300079345703,-0.059789427124266076,0.07256807343637374
2022-11-02,125.86299896240234,0.07994139711093107,0.0746825434843927
2022-11-03,125.44499969482422,-0.003326592510258789,0.07470624633172089
2022-11-04,114.78600311279297,-0.08879786072132574,0.0759591494820354
2022-11-07,109.68299865722656,-0.04547517741225409,0.07560930416939743
2022-11-08,118.14700317382812,0.07433526378711341,0.07585183009633062
2022-11-09,113.14399719238281,-0.043268319818735926,0.07236950361105482
2022-11-10,113.4520034790039,0.0027185517432120323,0.07091834003340958
2022-11-11,97.85299682617188,-0.1479135505372118,0.07468091448711316
2022-11-14,113.7040023803711,0.15013228126186476,0.07926137704972058
2022-11-15,124.10399627685547,0.08752129239031621,0.08106234920181897
2022-11-16,113.9000015258789,-0.0857990099120414,0.08082538082796939
2022-11-17,112.55599975585938,-0.011870010446856904,0.08068233410791885
2022-11-18,115.50900268554688,0.0258975988507455,0.07860444935964836
2022-11-21,116.12799835205078,0.005344544586180627,0.07865136754571832
2022-11-22,119.63899993896484,0.02978585796823588,0.0788324788764212
2022-11-23,129.6199951171875,0.0801281805212647,0.08032736479663341
2022-11-25,124.37000274658203,-0.04134603957975134,0.08033751582403764
2022-11-28,123.28199768066406,-0.008786620450933003,0.07915509571536046
2022-11-29,132.28599548339844,0.07049181597436843,0.07801273843667142
2022-11-30,146.39700317382812,0.10135591992052632,0.07647263914906625
2022-12-01,139.25799560546875,-0.049993834964795286,0.07717830691429167
2022-12-02,135.56199645996094,-0.02689922209792374,0.07425109979426273
2022-12-05,134.69900512695312,-0.006386376584769949,0.07103942381022971
2022-12-06,138.48800659179688,0.027741029326671027,0.06590905050530324
2022-12-07,149.2449951171875,0.0748054912845141,0.06691484014624453
2022-12-08,138.89300537109375,-0.07188532696448109,0.06841026989854179
2022-12-09,139.11300659179688,0.0015827086980921114,0.06832496923238866
2022-12-12,136.58999633789062,-0.018302888687040223,0.0681544287877718
2022-12-13,137.5290069580078,0.006851143348523376,0.06610796252796283
2022-12-14,131.51100158691406,-0.04474434417613159,0.06566588217387848
2022-12-15,134.76699829101562,0.024456838329130797,0.06422245799552667
2022-12-16,115.45099639892578,-0.15470118237539654,0.07033382892169299
2022-12-19,108.54299926757812,-0.0616997652445504,0.06935811179487852
2022-12-20,105.68800354003906,-0.026655010014176247,0.06903440901000789
2022-12-21,97.75199890136719,-0.07805774329599628,0.06888845283029135
2022-12-22,91.93800354003906,-0.06131917244651295,0.06929993375965388
2022-12-23,82.97699737548828,-0.10255104599688952,0.07142763940927305
2022-12-27,80.04299926757812,-0.03599944820969516,0.06677013498536258
2022-12-28,81.35099792480469,0.016209119521194405,0.06006340471538769
2022-12-29,83.83000183105469,0.030017859848903396,0.05767568794490201
2022-12-30,76.31500244140625,-0.09392141713398457,0.05804670655209803
2023-01-03,72.31400299072266,-0.05385175396040871,0.058514004543581036
2023-01-04,65.02200317382812,-0.10629206641733145,0.06029771402686232
2023-01-05,72.4219970703125,0.10778435720311516,0.06448790440815715
2023-01-06,69.53399658203125,-0.04069428775868276,0.06405456075301422
2023-01-09,74.302001953125,0.0663221031231928,0.06337052736039063
2023-01-10,70.07099914550781,-0.05862889401935443,0.06366280397548081
2023-01-11,65.34600067138672,-0.0698127619328472,0.06429293009590051
2023-01-12,66.80899810791016,0.02214153408935558,0.0624971607223171
2023-01-13,64.81199645996094,-0.030347056906660067,0.05793655472328766
2023-01-17,60.06100082397461,-0.07612999062644855,0.05848564164920497
2023-01-18,61.70899963378906,0.027069055285968317,0.059345372130654286
2023-01-19,60.71699905395508,-0.016206072267196614,0.05925914831969268
2023-01-20,66.89800262451172,0.09694540138167233,0.06269333727282395
2023-01-23,65.9990005493164,-0.013529511833040107,0.059892243100665384
2023-01-24,58.26900100708008,-0.12456936191819432,0.06198359449760644
2023-01-25,56.65999984741211,-0.028001745092070054,0.06171576343531679
2023-01-26,54.814998626708984,-0.03310463763602056,0.061678672298720955
2023-01-27,55.42499923706055,0.011066887663811024,0.061771282576993616
2023-01-30,55.15599822998047,-0.004865239848773415,0.061878581028013364
2023-01-31,57.35200119018555,0.03904223541452147,0.062368145257167336
2023-02-01,59.527000427246094,0.03722226101098011,0.05871033159002757
2023-02-02,57.040000915527344,-0.04267720615718479,0.05836941384599581
2023-02-03,57.888999938964844,0.01477459059009396,0.058730913837961786
2023-02-06,58.10900115966797,0.0037931944069172995,0.05783838940260141
2023-02-07,55.40299987792969,-0.047686835445346715,0.05753367484500316
2023-02-08,53.6870002746582,-0.03146285004613302,0.05530437765537133
2023-02-09,52.73400115966797,-0.01791046086073161,0.0551604627092642
2023-02-10,53.946998596191406,0.02274162629100002,0.055296187491915096
2023-02-13,51.707000732421875,-0.04240887406013314,0.05490166176582385
2023-02-14,52.38600158691406,0.013046227317111391,0.05311825418347848
2023-02-15,54.715999603271484,0.04351675362707419,0.053480512800969576
2023-02-16,52.01100158691406,-0.050700898793528536,0.05090486064556058
2023-02-17,49.047000885009766,-0.058676225077482574,0.04682024287332127
2023-02-21,48.54199981689453,-0.01034964129653751,0.046527979203360985
2023-02-22,50.56800079345703,0.04088958205192594,0.04526670718377053
2023-02-23,50.779998779296875,0.004183571376589302,0.04452168725488623
2023-02-24,51.01300048828125,0.004577959537348517,0.043168819068578966
2023-02-27,47.29899978637695,-0.07559136266591532,0.04446421667467256
2023-02-28,46.665000915527344,-0.013494710472058266,0.04432428409009986
2023-03-01,47.08399963378906,0.008938794135559359,0.042702059716954205
2023-03-02,46.814998626708984,-0.005729597715983922,0.042186970712992176
2023-03-03,44.97999954223633,-0.03998569870230856,0.04254488141477665
2023-03-06,42.14899826049805,-0.06500701825040409,0.038598751877193936
2023-03-07,43.369998931884766,0.028557015115584117,0.039425007979969444
2023-03-08,42.3390007019043,-0.024059269541123657,0.033535163702107344
2023-03-09,43.5989990234375,0.02932552823522988,0.0341399212571904
2023-03-10,52.856998443603516,0.19255593251777633,0.049836627391653655
2023-03-13,49.58399963378906,-0.06392193077145802,0.05106495021192393
2023-03-14,44.185001373291016,-0.11528279760927743,0.05498010235343706
2023-03-15,42.904998779296875,-0.029397055242665875,0.054403790206007406
2023-03-16,44.340999603271484,0.03292140717840146,0.05428147975437012
2023-03-17,42.856998443603516,-0.03404079204022382,0.05412387161658617
2023-03-20,39.32500076293945,-0.08600848760074176,0.05566903154874479
2023-03-21,42.400001525878906,0.07528792988040406,0.05789368035895245
2023-03-22,39.974998474121094,-0.058894177676433734,0.05817734147749917
2023-03-23,43.18600082397461,0.0772621671831215,0.060202156742442677
2023-03-24,41.09400177001953,-0.049654219216030415,0.060673020521306374
2023-03-27,42.52799987792969,0.03430051114420436,0.060913256992907505
2023-03-28,42.75199890136719,0.005253272555886103,0.060603690585549284
2023-03-29,42.803001403808594,0.0011922741698610147,0.06051151373194478
2023-03-30,43.60900115966797,0.01865535127741326,0.05996738048186541
2023-03-31,47.845001220703125,0.09270306708128549,0.06208821745099607
2023-04-03,51.367000579833984,0.07102930947270719,0.06257598524229377
2023-04-04,46.56800079345703,-0.09808232720952648,0.06514801182723362
2023-04-05,44.57500076293945,-0.04374044614304576,0.06508666243025767
2023-04-06,43.125,-0.033070305513540024,0.06527620932603136
2023-04-10,43.125,0.0,0.06525731460407207
2023-04-11,43.69200134277344,0.01306217436247939,0.06397315391861455
2023-04-12,42.880001068115234,-0.018759508042053313,0.06401115596545276
2023-04-13,42.09299850463867,-0.01852412111716031,0.06403357004032137
2023-04-14,41.14899826049805,-0.022681837336817234,0.064126509545224
2023-04-17,41.12699890136719,-0.0005347698092763621,0.06377300988317952
2023-04-18,42.72200012207031,0.038049199484104373,0.06308887646243959
2023-04-19,40.29800033569336,-0.05841216463295252,0.06374751664163178
2023-04-20,40.564998626708984,0.006603743733093412,0.06363479589197088
2023-04-21,40.16400146484375,-0.009934483504191773,0.06338375983955191
2023-04-24,39.92499923706055,-0.0059684334969898984,0.051550287515090845
2023-04-25,39.83300018310547,-0.0023069559273259125,0.050518297593614016
2023-04-26,38.55099868774414,-0.03271371309379273,0.04652363839443079
2023-04-27,39.03900146484375,0.012579178014661786,0.04638149441942323
2023-04-28,38.53799819946289,-0.012916463202676772,0.04590487566577693
2023-05-01,38.83399963378906,0.007651421359473322,0.04561539441474031
2023-05-02,37.52899932861328,-0.03418219259036106,0.043296957682297944
2023-05-03,36.78200149536133,-0.020105313820245663,0.040894947506175616
2023-05-04,35.65299987792969,-0.03117534436291757,0.03993094696839646
2023-05-05,36.57400131225586,0.025504349963338956,0.037341322714441835
2023-05-08,36.874000549316406,0.008169069213405145,0.03646784048607763
2023-05-09,35.95000076293945,-0.025377605156025575,0.03595249908352816
2023-05-10,34.99300003051758,-0.026981063030441555,0.03609830095438617
2023-05-11,34.99300003051758,0.0,0.03608999547905051
2023-05-12,32.766998291015625,-0.06572618314126226,0.03731201697606011
2023-05-15,32.31399917602539,-0.013921311861948778,0.03192801764151305
2023-05-16,31.820999145507812,-0.015374125017288654,0.02769551535678138
2023-05-17,31.952999114990234,0.004139623093550363,0.023160822091852634
2023-05-18,29.78499984741211,-0.07026113947422942,0.024837619250589887
2023-05-19,30.176000595092773,0.013042020214104652,0.025007092320755982
2023-05-22,29.711000442504883,-0.015529563669290529,0.024912780420581926
2023-05-23,29.12700080871582,-0.01985175568120977,0.02447275959107874
2023-05-24,27.78499984741211,-0.04716930558112895,0.025220867650934283
2023-05-25,25.45199966430664,-0.0877019890588751,0.02854791593294161
2023-05-26,24.520000457763672,-0.03730518244427129,0.02877627735292397
2023-05-30,24.680999755859375,0.006544577226055957,0.028946658284044777
2023-05-31,26.851999282836914,0.08430657240545159,0.03293807690757611
2023-06-01,23.10300064086914,-0.15037777240363698,0.040486297063360495
2023-06-02,23.68899917602539,0.025048263628111404,0.041017921841131365
2023-06-05,28.47800064086914,0.1841211112698266,0.05517902877382932
2023-06-06,24.860000610351562,-0.13587177122869473,0.05964906773773223
2023-06-07,26.33099937438965,0.05748681788451363,0.06109659392803263
2023-06-08,26.94499969482422,0.023050811540952454,0.06134903737411428
2023-06-09,32.04899978637695,0.1734682349067644,0.06999000888767498
2023-06-12,31.035999298095703,-0.03211817655045442,0.07013763086213826
2023-06-13,36.05099868774414,0.14978676778139466,0.07575252462538634
2023-06-14,38.3120002746582,0.060828604012007736,0.07636498336768995
2023-06-15,41.14500045776367,0.07133925397400265,0.07732536597419343
2023-06-16,35.007999420166016,-0.1615258339466807,0.08282169694904103
2023-06-20,38.70800018310547,0.10046971151250922,0.08474529315449471
2023-06-21,36.74300003051758,-0.052098569593081144,0.08530381352052674
2023-06-22,34.09700012207031,-0.07473832469623608,0.08627828754810109
2023-06-23,32.50699996948242,-0.0477539576394684,0.08657050878493534
2023-06-26,31.975000381469727,-0.016501090425184245,0.0866067766967122
2023-06-27,34.50600051879883,0.07617887759954864,0.08693767037192045
2023-06-28,34.125,-0.011102983489580637,0.0869217027654235
2023-06-29,35.18000030517578,0.030447494478983567,0.08701173381316944
2023-06-30,37.10300064086914,0.05322009816648029,0.0874873007598908
2023-07-03,33.92900085449219,-0.08942771504732096,0.08812338313595378
2023-07-05,34.37300109863281,0.013001273334745487,0.08812324473698602
2023-07-06,32.347999572753906,-0.06071922241224223,0.08885776857656813
2023-07-07,33.47800064086914,0.034336343797651624,0.0889314362664691
2023-07-10,30.226999282836914,-0.10215298484888831,0.09058717620976427
2023-07-11,29.06100082397461,-0.03933844350889827,0.08934268732924437
2023-07-12,26.638999938964844,-0.08702079232673066,0.09059561655258162
2023-07-13,26.60700035095215,-0.001201952886260812,0.0905955059388408
2023-07-14,25.957000732421875,-0.0247330012815635,0.08937963350947639
2023-07-17,25.10099983215332,-0.03353367167636113,0.08509484666309111
2023-07-18,27.069000244140625,0.07548149140495054,0.08604313909286992
2023-07-19,26.96299934387207,-0.003923639216264365,0.07906946371755368
2023-07-20,28.01799964904785,0.03838161676456394,0.07518766054533194
2023-07-21,28.163999557495117,0.005197402697197409,0.07450766212248608
2023-07-24,30.55699920654297,0.08154921502868041,0.07582483715423241
2023-07-25,32.64799880981445,0.06618979567457402,0.0698616096181998
2023-07-26,29.274999618530273,-0.10904966519520286,0.07246797943023321
2023-07-27,28.43400001525879,-0.02914828370307303,0.06668146147274469
2023-07-28,25.840999603271484,-0.09562325024683198,0.06723563908372146
2023-07-31,28.365999221801758,0.0932288549349119,0.06829432710071603
2023-08-01,27.12299919128418,-0.04480917083149304,0.06259238544503286
2023-08-02,28.742000579833984,0.05797744121907511,0.060486678321877235
2023-08-03,30.472999572753906,0.05848154380388844,0.06119310591009144
2023-08-04,28.85300064086914,-0.054627035735063126,0.06052328353185842
2023-08-07,30.48699951171875,0.055086351332872735,0.06096223240407395
2023-08-08,31.06599998474121,0.01881362584703733,0.06101626590746942
2023-08-09,39.823001861572266,0.24833070849543878,0.07501140045939715
2023-08-10,37.055999755859375,-0.0720144062078745,0.07626986444352234
2023-08-11,35.29999923706055,-0.04854733303587129,0.0766432413763201
2023-08-14,34.433998107910156,-0.02483854892025855,0.07610124764932628
2023-08-15,38.8129997253418,0.11971084157595926,0.07743002687336543
2023-08-16,37.784000396728516,-0.026869491888212183,0.07762071316955627
2023-08-17,36.82500076293945,-0.025708760027054262,0.07688699816438155
2023-08-18,36.40999984741211,-0.011333525070151031,0.07672416042931336
2023-08-21,40.78200149536133,0.11339738626322685,0.07664964524658122
2023-08-22,42.90800094604492,0.05081746652365498,0.07641621420145846
2023-08-23,36.7859992980957,-0.15394099185553983,0.08031361874236666
2023-08-24,31.937999725341797,-0.14132080410891587,0.0849723143316219
2023-08-25,34.777000427246094,0.0851597462029602,0.0859608014702566
2023-08-28,38.41400146484375,0.09946575359382483,0.08707392857017854
2023-08-29,35.19499969482422,-0.08751799622663278,0.08819539950568303
2023-08-30,35.992000579833984,0.022392689259853972,0.08819586688722951
2023-08-31,35.02899932861328,-0.027120436973373192,0.08827024305354689
2023-09-01,35.617000579833984,0.016646797571738255,0.08828494348775023
2023-09-05,34.44900131225586,-0.03334306069244196,0.08746476454803259
2023-09-06,31.075000762939453,-0.10307634560654821,0.08876429875532253
2023-09-07,32.755001068115234,0.05265199284474059,0.08690761326255053
2023-09-08,34.507999420166016,0.052135509618380066,0.08711361096112107
2023-09-11,35.847999572753906,0.038096601154126886,0.08510849869007632
2023-09-12,34.70100021362305,-0.03251925442809268,0.0840039147111183
2023-09-13,36.81700134277344,0.05919122036163922,0.08395004011458736
2023-09-14,35.520999908447266,-0.03583566319571547,0.08385563573415387
2023-09-15,36.483001708984375,0.02672237720687393,0.08338320328573419
2023-09-18,34.474998474121094,-0.05661206609136057,0.08343374448509464
2023-09-19,36.78200149536133,0.0647742563125749,0.08364901945181029
2023-09-20,37.284000396728516,0.013555655108135688,0.08362730839536403
2023-09-21,39.10499954223633,0.04768603350793263,0.07059272724204282
2023-09-22,39.79100036621094,0.0173904409215346,0.06935043871211415
2023-09-25,44.44200134277344,0.11054423320417549,0.07137546770522037
2023-09-26,40.321998596191406,-0.09728780758070632,0.07370131068060509
2023-09-27,39.29600143432617,-0.025774421867323698,0.07063352064180631
2023-09-28,39.736000061035156,0.011134810315825252,0.0704679600585502
2023-09-29,41.85900115966797,0.05204927594126177,0.07085482741961384
2023-10-02,39.334999084472656,-0.062192170776255024,0.07184260139084353
2023-10-03,36.98699951171875,-0.06154819815297651,0.06960223294323492
2023-10-04,38.441001892089844,0.03855816119939904,0.06930918566539661
2023-10-05,36.207000732421875,-0.059872157019888295,0.06421688379723613
2023-10-06,38.23099899291992,0.054394187959594546,0.05916306566597211
2023-10-09,43.952999114990234,0.13947418255971716,0.062411062543680784
2023-10-10,49.45500183105469,0.117942341164547,0.06342963079375305
2023-10-11,46.06800079345703,-0.07094461918620024,0.06263238835840176
2023-10-12,53.00199890136719,0.1402110449307945,0.06704144472358414
2023-10-13,53.981998443603516,0.018321000870208447,0.06661803766925528
2023-10-16,48.46699905395508,-0.10776749436387982,0.07024801985633138
2023-10-17,48.895999908447266,0.008812457204269333,0.06976552993807582
2023-10-18,50.83300018310547,0.038850161911248175,0.0664491383965311
2023-10-19,50.172000885009766,-0.013088633780962674,0.06629637897721372
2023-10-20,51.11199951171875,0.018562173944935922,0.06591644084672617
2023-10-23,51.2760009765625,0.003203531748224674,0.06576773762096194
2023-10-24,49.263999938964844,-0.04002923555189985,0.06595678510518808
2023-10-25,49.92399978637695,0.013308254834038134,0.06534625665952884
2023-10-26,50.808998107910156,0.0175716222303304,0.06477521766911276
2023-10-27,50.53200149536133,-0.00546663844741822,0.06478836441749716
2023-10-30,50.547000885009766,0.00029678547285401857,0.06356634626371709
2023-10-31,48.00600051879883,-0.051577600130008554,0.06383202689549664
2023-11-01,47.75699996948242,-0.005200361500909254,0.06387646140225706
2023-11-02,48.56399917602539,0.01675684631286004,0.06346632894489242
2023-11-03,48.05699920654297,-0.010494708838242961,0.06351643443310388
2023-11-06,44.832000732421875,-0.06946560338507811,0.06180787764679321
2023-11-07,46.05699920654297,0.026957556116028635,0.059149447411797756
2023-11-08,45.777000427246094,-0.006097951696745702,0.05891155664196278
2023-11-09,48.12900161743164,0.0501031487323112,0.059476366283894376
2023-11-10,46.63199996948242,-0.0315979395544094,0.05922207960998647
2023-11-13,47.87300109863281,0.026264694031360142,0.05802340842454852
2023-11-14,47.608001708984375,-0.0055508438806242755,0.05664150402207878
2023-11-15,47.0369987487793,-0.012066350793903636,0.05646632628206984
2023-11-16,45.8489990234375,-0.025581132531375506,0.05540885848150306
2023-11-17,45.06399917602539,-0.017269683606400618,0.054876169004091674
2023-11-20,45.82099914550781,0.01665879936161568,0.0487776319968658
2023-11-21,44.064998626708984,-0.039076697282983006,0.04403326187808696
2023-11-22,44.61600112915039,0.012426779008943196,0.04224717857962018
2023-11-23,46.58000183105469,0.04307873937063798,0.033954668534873514
2023-11-24,46.65700149536133,0.0016516979110179494,0.03370712645381554
2023-11-27,43.98400115966797,-0.058997043888535126,0.02948442754503865
2023-11-28,42.77399826049805,-0.027895557092295138,0.029727892920072854
2023-11-29,40.36000061035156,-0.05809119008817919,0.030123988667180822
2023-11-30,42.090999603271484,0.04199472107915677,0.03143383702496554
2023-12-01,43.49599838256836,0.03283501097061315,0.031920374956762844
2023-12-04,40.104000091552734,-0.08119286041377775,0.03473305435656218
2023-12-05,38.132999420166016,-0.05039604846901325,0.03511025286172281
2023-12-06,39.3129997253418,0.030475212219213243,0.03561483803374454
2023-12-07,39.96799850463867,0.016523850534917037,0.03558943679293371
2023-12-08,38.597999572753906,-0.034878645941408985,0.035920818817788185
2023-12-11,36.11800003051758,-0.0664090937127006,0.03736241091273169
2023-12-12,34.702999114990234,-0.03996524383031339,0.03698798658568163
2023-12-13,35.8120002746582,0.03145692739657651,0.037776997714321754
2023-12-14,34.849998474121094,-0.02722994701901043,0.037572019922518046
2023-12-15,33.18899917602539,-0.04883462252820012,0.03819892255412478
2023-12-18,35.52199935913086,0.06793373390951862,0.0393334742373615
2023-12-19,32.56800079345703,-0.08682196923989884,0.04130656273908501
2023-12-20,33.520999908447266,0.028841869809479885,0.041953148018203525
2023-12-21,34.202999114990234,0.020141228271238595,0.04080437924311997
2023-12-22,34.17399978637695,-0.0008482188694418873,0.040665121267250644
2023-12-26,34.17399978637695,0.0,0.04012860323808298
2023-12-27,35.51300048828125,0.03843372560496982,0.04113440165801856
2023-12-28,33.10499954223633,-0.07021452583083126,0.04259054600823034
2023-12-29,32.349998474121094,-0.023070340770089216,0.04256480423186261
2024-01-02,30.57200050354004,-0.056529399927825116,0.043340793537805664
2024-01-03,32.79499816894531,0.07019143506108243,0.04564209037704247
2024-01-04,33.40999984741211,0.018579242889184746,0.04563944289561891
2024-01-05,34.55099868774414,0.033581203573089434,0.04614614849167746
2024-01-08,31.579999923706055,-0.08991244896302075,0.04738935999036083
2024-01-09,30.641000747680664,-0.03018500059475707,0.0474074521116058
2024-01-10,30.941999435424805,0.009775460233790896,0.04681645426288354
2024-01-11,30.816999435424805,-0.004047998606710012,0.04673478459620958
2024-01-12,31.990999221801758,0.037388121472065515,0.046663291136871586
2024-01-16,29.6560001373291,-0.07579011843682404,0.04728483156971059
2024-01-17,27.70800018310547,-0.06794328371041118,0.047592661425024024
2024-01-18,27.89299964904785,0.006654561939448216,0.04605937623941115
2024-01-19,28.429000854492188,0.019034032281287645,0.04581260124758254
2024-01-22,27.263999938964844,-0.041842632581258636,0.04552261162049807
2024-01-23,27.226999282836914,-0.0013580467359016943,0.04524979737135625
2024-01-24,28.929000854492188,0.060635480061589045,0.04696996756189789
2024-01-25,27.784000396728516,-0.04038425201311969,0.046117389864536354
2024-01-26,28.07900047302246,0.01056165311318468,0.04585978487680604
2024-01-29,28.173999786376953,0.0033775764218534512,0.04533004488474435
2024-01-30,29.391000747680664,0.042288971213878125,0.04608355599250901
2024-01-31,30.235000610351562,0.028311683442380088,0.045743541323730263
2024-02-01,28.990999221801758,-0.042014803762884245,0.044235143766561805
2024-02-02,29.304000854492188,0.010738644486874938,0.04165833548806926
2024-02-05,28.340999603271484,-0.03341454917937605,0.04154111505603348
2024-02-06,28.60700035095215,0.009341949934223307,0.041356784640747636
2024-02-07,28.18600082397461,-0.014826025388145382,0.041375995711367006
2024-02-08,27.812000274658203,-0.013357837890489728,0.041376384960150114
2024-02-09,27.117000579833984,-0.02530673324524221,0.04059923754089709
2024-02-12,25.729000091552734,-0.05254209490829733,0.039800633005020083
2024-02-13,25.43600082397461,-0.011453238159567152,0.03970940859737738
2024-02-14,24.85700035095215,-0.023026108664083462,0.0387576662208494
2024-02-15,24.965999603271484,0.004375466202997348,0.036008830363242275
2024-02-16,24.82200050354004,-0.005784506344739638,0.03563604028737692
2024-02-20,24.167999267578125,-0.026700963214437084,0.0347889785286589
2024-02-21,23.976999282836914,-0.007934406169756537,0.03151677865912059
2024-02-22,23.19300079345703,-0.033244464391670635,0.03159194749294945
2024-02-23,22.93400001525879,-0.011230016936055697,0.03138709579883482
2024-02-26,24.009000778198242,0.045808266184342736,0.032991087108264004
2024-02-27,24.392000198364258,0.01582642535251245,0.03218599474320866
2024-02-28,25.618999481201172,0.0490790256317222,0.03131855439168148
2024-02-29,24.864999771118164,-0.029873060488303294,0.029386773042218577
2024-03-01,25.80900001525879,0.03726208593681902,0.030273322544770526
2024-03-04,26.885000228881836,0.04084524987646661,0.031062141887298715
2024-03-05,27.468000411987305,0.021453186982232527,0.03039530682649096
2024-03-06,26.57200050354004,-0.03316365700422087,0.031001910978405114
2024-03-07,25.992000579833984,-0.02206922807804848,0.028959281773427024
2024-03-08,26.392000198364258,0.015272120767385487,0.0282945576881303
2024-03-11,24.93000030517578,-0.05698903166558212,0.02992490887824955
2024-03-12,24.774999618530273,-0.006236844958087114,0.029895029881775295
2024-03-13,24.902999877929688,0.0051532084204902965,0.028642632685468555
2024-03-14,26.048999786376953,0.044991098306625454,0.029471925921337065
2024-03-15,27.025999069213867,0.036819959629695954,0.029569171577551616
2024-03-18,28.82200050354004,0.06433967071135505,0.031913163495501856
2024-03-19,28.865999221801758,0.0015254030995268616,0.03130428174054352
2024-03-20,27.742000579833984,-0.039716873744338056,0.032103682970327035
2024-03-21,26.402000427246094,-0.04950775020113612,0.033222794718136314
2024-03-22,27.775999069213867,0.05073252392658782,0.03451470413245946
2024-03-25,28.48900032043457,0.025345754138861972,0.03447513208177436
2024-03-26,27.131999969482422,-0.048804217147304325,0.034278736732453775
2024-03-27,27.687000274658203,0.020249156912612105,0.03434563476127454
2024-03-28,27.34000015258789,-0.012612161994737546,0.03412726403780214
2024-04-02,26.202999114990234,-0.04247696262327451,0.035127748520715825
2024-04-03,25.562999725341797,-0.024727891484088032,0.035434213615933075
2024-04-04,26.20599937438965,0.024842385540039008,0.03529505592531632
2024-04-05,26.606000900268555,0.015148419789160776,0.035306863341892356
2024-04-08,27.908000946044922,0.047776631876926094,0.03550001925084989
2024-04-09,27.35099983215332,-0.020160334841579974,0.03568788799024254
2024-04-10,27.100000381469727,-0.009219343172080851,0.03497138887118576
2024-04-11,29.37700080871582,0.08067834081986822,0.03762871115450807
2024-04-12,30.73200035095215,0.045092385643254206,0.0374787952794458
2024-04-15,31.14299964904785,0.013285021185012838,0.036875177035886664
2024-04-16,33.138999938964844,0.0621213450760982,0.037833792263447116
2024-04-17,31.288999557495117,-0.05744425075104223,0.039154000155306866
2024-04-18,32.308998107910156,0.032079186689677804,0.039354991125551256
2024-04-19,30.757999420166016,-0.04919566645865127,0.040000411408500386
2024-04-22,29.309999465942383,-0.0482213676644491,0.0408831230731308
2024-04-23,28.41699981689453,-0.030941185313319096,0.041312322038807886
2024-04-24,29.01799964904785,0.020928763810723727,0.03986979154053167
2024-04-25,29.770999908447266,0.025618447252375692,0.03998254768855091
2024-04-26,28.88599967956543,-0.030177724665678023,0.04052871917716124
2024-04-29,27.993999481201172,-0.03136685461994657,0.04032426340281989
2024-04-30,29.118000030517578,0.03936635773324683,0.040401818139404994
2024-05-01,28.729999542236328,-0.013414683641300471,0.038757518838343115
2024-05-02,30.913000106811523,0.0732349538006717,0.04100761916789618
2024-05-03,30.527999877929688,-0.012532519591329557,0.04034248069692712
2024-05-06,31.801000595092773,0.04085346327835862,0.03963944752057487
2024-05-07,31.066999435424805,-0.02335161013881882,0.03907321944847831
2024-05-08,30.608999252319336,-0.014852085472328155,0.03899565254559993
2024-05-09,30.864999771118164,0.008328789495827377,0.03778546174966485
2024-05-10,30.02899932861328,-0.027459289380744965,0.03809362787374767
2024-05-13,29.577999114990234,-0.01513274722617601,0.038131341324611864
2024-05-14,29.66900062561035,0.00307193891951282,0.03716832409134893
2024-05-15,29.733999252319336,0.0021883963026393827,0.03677016096630333
2024-05-16,30.24799919128418,0.01713889280694447,0.036653804352945275
2024-05-17,30.768999099731445,0.0170776205069158,0.036674306402933815
2024-05-20,31.76799964904785,0.031951822422230124,0.03614552344756716
2024-05-21,33.00400161743164,0.0381693324676329,0.0363516141467576
2024-05-22,34.388999938964844,0.04110792877690158,0.03677135403999318
2024-05-23,35.22800064086914,0.024104495109114762,0.03427857036022053
2024-05-24,34.1150016784668,-0.03210401966760805,0.03414423483068011
2024-05-28,33.534000396728516,-0.017177358121392473,0.03429524799879573
2024-05-29,33.87900161743164,0.010235539804812786,0.032441242045752355
2024-05-30,35.19200134277344,0.03802342105099839,0.031195805399518564
2024-05-31,34.222999572753906,-0.02792090203442063,0.03125141751623324
2024-06-03,36.013999938964844,0.05100982988491007,0.030953522884049154
2024-06-04,33.797000885009766,-0.06353568271315442,0.03197532734834453
2024-06-05,33.35499954223633,-0.01316439490190828,0.03145156286785525
2024-06-06,33.68600082397461,0.009874672799151638,0.03132714963803752
2024-06-07,33.10900115966797,-0.017277161463608096,0.03133123979942747
2024-06-10,34.257999420166016,0.03411491337725444,0.031143497018220754
2024-06-11,34.28499984741211,0.0007878391354677086,0.030368004319151938
2024-06-12,35.29399871826172,0.029005005219246826,0.030041514491933038
2024-06-13,35.7239990234375,0.012109762980322972,0.029821273279430273
2024-06-14,35.36000061035156,-0.010241449454808635,0.027235702349103812
2024-06-17,34.209999084472656,-0.033063282802983374,0.027927090374439252
2024-06-18,34.70000076293945,0.014221736712008376,0.027120126436645416
2024-06-20,34.4640007019043,-0.006824387599259263,0.026733410325369664
2024-06-21,33.93600082397461,-0.01543889923770409,0.026747481244609097
2024-06-24,34.08000183105469,0.0042343335866662744,0.026732114165469206
2024-06-25,34.85300064086914,0.02242847941389027,0.02630070454723642
2024-06-26,33.82400131225586,-0.029968586618718,0.026825881364574783
2024-06-27,34.564998626708984,0.021670921182129408,0.027006733771115263
2024-06-28,34.47999954223633,-0.002462137147262033,0.027037300538506035
2024-07-01,33.48500061035156,-0.029281836929659036,0.027636556832236918
2024-07-02,33.685001373291016,0.005955079591619343,0.027520951176518565
2024-07-03,32.691001892089844,-0.02995280664038234,0.027597394383569188
2024-07-05,33.06700134277344,0.011435978283865363,0.026773619252606958
2024-07-08,32.2859992980957,-0.0239021688295957,0.025955408584781577
2024-07-09,31.334999084472656,-0.029898023535896472,0.025947751371257575
2024-07-10,30.784000396728516,-0.01774056708844805,0.025538751456307948
2024-07-11,31.11199951171875,0.010598493788353267,0.025526461462505638
2024-07-12,31.7189998626709,0.0193222849298058,0.025735827857460165
2024-07-15,31.371000289916992,-0.011031957562824072,0.024626808862401508
2024-07-16,32.797000885009766,0.04445316625078169,0.02570681687016767
2024-07-17,31.89299964904785,-0.027950535806375135,0.024148774730480174
2024-07-18,32.67399978637695,0.024193109095775166,0.021904528290957535
2024-07-19,32.16999816894531,-0.015545363733451766,0.021953906721758096
2024-07-22,31.839000701904297,-0.01034230883963148,0.021912303361483684
2024-07-23,31.621999740600586,-0.006838902808397973,0.021741587073550048
2024-07-24,32.62099838256836,0.031103130494869416,0.02157764662129627
2024-07-25,31.77899932861328,-0.026150530023964724,0.022029256946271208
2024-07-26,32.474998474121094,0.021664842414671766,0.021705309608944283
2024-07-29,33.87300109863281,0.0421477537299754,0.023065797883569283
2024-07-30,34.361000061035156,0.014303932777317794,0.023190064872079884
2024-07-31,35.86800003051758,0.0429233318629394,0.023706205121648904
2024-08-01,36.96900177001953,0.030234237561943364,0.02417630869051617
2024-08-02,36.64899826049805,-0.008693676135596896,0.02420252751780658
2024-08-05,35.49800109863281,-0.03190970755167675,0.02479254124520467
2024-08-06,36.67599868774414,0.03264616659266401,0.025434928724121994
2024-08-07,38.45100021362305,0.047262154563553024,0.02648988805805495
2024-08-08,40.095001220703125,0.04186695973274404,0.026627652444909392
2024-08-09,40.395999908447266,0.007479099193667208,0.026459100629414128
2024-08-12,39.65800094604492,-0.018438050866231882,0.026777409167009564
2024-08-13,39.47999954223633,-0.004498514061241161,0.026066909102128256
2024-08-14,38.96699905395508,-0.013079093155305015,0.02628592301437935
2024-08-15,39.60100173950195,0.01613930457740339,0.025517026458827204
2024-08-16,39.64400100708008,0.0010852235549965632,0.025516448829106978
2024-08-19,39.845001220703125,0.005057319538453533,0.02488433196289424
2024-08-20,37.957000732421875,-0.048542998129744594,0.02604379174165816
2024-08-21,37.0099983215332,-0.025265858309906828,0.0263190138256642
2024-08-22,36.58700180053711,-0.011495065778737266,0.0264984452478675
2024-08-23,36.862998962402344,0.007515274554360658,0.0263719654039578
2024-08-26,37.65599822998047,0.021283947271883322,0.02635411298471126
2024-08-27,38.68899917602539,0.027063043515192016,0.02566332959670626
2024-08-28,38.52000045776367,-0.00437770179533509,0.024954685260576488
2024-08-29,38.60100173950195,0.002100629120894836,0.02473323016007228
2024-08-30,39.823001861572266,0.031166453635369122,0.024829129406198313
2024-09-03,37.19300079345703,-0.0683240887069668,0.028255098314585437
2024-09-04,35.79800033569336,-0.03822855756127265,0.029278232406239498
2024-09-05,36.19499969482422,0.011028944011928467,0.028867133853543326
2024-09-06,36.479000091552734,0.007815775745773489,0.028326538223841454
2024-09-09,37.33300018310547,0.023140903860907395,0.02835846932458788
2024-09-10,35.28200149536133,-0.0565046976630152,0.029554552303585935
2024-09-11,36.141998291015625,0.024082615433361345,0.029755491678703616
2024-09-12,35.191001892089844,-0.0266651548306982,0.029135784857477618
2024-09-13,35.64799880981445,0.01290258905765741,0.02867070025106064
2024-09-16,34.08100128173828,-0.044952929055438844,0.029741221130231525
2024-09-17,35.547000885009766,0.04211570753738524,0.030276325980543414
2024-09-18,35.244998931884766,-0.008532144479204317,0.029674853985533614
2024-09-19,33.08300018310547,-0.06330408410398788,0.03029177089628912
2024-09-20,34.444000244140625,0.04031526310555334,0.030210179410643537
2024-09-23,36.21099853515625,0.050028075701722075,0.031777483135438135
2024-09-24,35.41299819946289,-0.022283966102533536,0.03184689866615483
2024-09-25,37.319000244140625,0.05242365335695331,0.03345720219283651
2024-09-26,37.88999938964844,0.015184622043890577,0.033528730075900744
2024-09-27,38.11399841308594,0.005894418148198855,0.03340076504059182
2024-09-30,39.04399871826172,0.024107555414475824,0.03371983602247327
2024-10-01,39.27299880981445,0.005848047075960392,0.03372464522062431
2024-10-02,38.617000579833984,-0.016844620521084794,0.03264626582216893
2024-10-03,39.9119987487793,0.032984390169702955,0.032788318532665124
2024-10-04,40.97999954223633,0.026407132431087676,0.03295959334299688
2024-10-07,40.24399948120117,-0.018123220101866403,0.03319097378490767
2024-10-08,38.91899871826172,-0.03347838121497053,0.033649195535925366
2024-10-09,38.340999603271484,-0.014962720973063583,0.03340494202977276
2024-10-10,40.292999267578125,0.0496579290672137,0.03461252562421826
2024-10-11,39.87900161743164,-0.010327828305598849,0.034679403094210325
2024-10-14,40.558998107910156,0.0169077473842846,0.03434905913448655
2024-10-15,39.972999572753906,-0.014553441985834399,0.031946872292944725
2024-10-16,39.24100112915039,-0.018482068163499503,0.0312772641706359
2024-10-17,39.650001525878906,0.010368839217559211,0.03127169714557068
2024-10-18,39.20399856567383,-0.011312240743848604,0.031365804314376904
2024-10-21,40.02399826049805,0.0207004849037183,0.031313282239259395
2024-10-22,40.70399856567383,0.01684710175525919,0.02936480539926168
2024-10-23,41.380001068115234,0.016471365650061055,0.029224695209072667
2024-10-24,42.15399932861328,0.01853186505810503,0.02872275599211423
2024-10-25,43.51300048828125,0.0317301920560595,0.029081816228217164
2024-10-28,42.51900100708008,-0.023108696705624897,0.027998654608256162
2024-10-29,42.86899948120117,0.008197883362141183,0.02722140383824585
2024-10-30,40.90299987792969,-0.04694553489276216,0.02879815434594855
2024-10-31,40.5880012512207,-0.007730919763478376,0.025896684642606495
2024-11-01,39.17499923706055,-0.03543371847726864,0.02620867699495045
2024-11-04,40.30099868774414,0.02833748121226377,0.025182492894770637
2024-11-05,40.492000579833984,0.0047281880770357,0.02470468927773525
2024-11-06,40.38800048828125,-0.0025717148243871108,0.023005450551025697
2024-11-07,41.2760009765625,0.02174851768096244,0.02315962448028985
2024-11-08,42.409000396728516,0.027079372306029317,0.023574810560645733
2024-11-11,43.72800064086914,0.030628030622692447,0.023799773440828467
2024-11-12,44.255001068115234,0.011979739714790872,0.023844462969544504
2024-11-13,43.66600036621094,-0.013398607928747358,0.02374878742313158
2024-11-14,46.2239990234375,0.05692934696957479,0.02511618393936496
2024-11-15,46.55099868774414,0.007049334982680199,0.02479098884260689
2024-11-18,46.900001525878906,0.007469250407146809,0.02443233561352225
2024-11-19,45.667999267578125,-0.02661989021085098,0.024088556224003365
2024-11-20,46.79600143432617,0.024399942059855708,0.024017004341323433
2024-11-21,48.303001403808594,0.03169593975749621,0.023114613404259785
2024-11-22,47.018001556396484,-0.02696315937549451,0.023712707262787614
2024-11-25,47.733001708984375,0.015092478178852675,0.02368486533622049
2024-11-26,47.215999603271484,-0.01089020859865711,0.023587536845770342
2024-11-27,46.762001037597656,-0.00966188032041355,0.02333122514592245
2024-11-29,47.81100082397461,0.022184826301849564,0.023509284872142013
2024-12-02,48.654998779296875,0.017498797405393864,0.023355561706676357
2024-12-03,48.55699920654297,-0.002016203925078695,0.023270836196861117
2024-12-04,47.04600143432617,-0.03161247229533941,0.024187499547137642
2024-12-05,46.55099868774414,-0.01057741938476074,0.02424253673622022
2024-12-06,46.47999954223633,-0.0015263548847780281,0.02410198427994821
2024-12-09,44.85499954223633,-0.035587047889203124,0.024490159233121308
2024-12-10,45.551998138427734,0.015419434862873088,0.02418999179396284
2024-12-11,44.694000244140625,-0.019015219784023468,0.024469691779494342
2024-12-12,42.80400085449219,-0.04320769375702673,0.024223368389413778
2024-12-13,41.21500015258789,-0.037829304660227166,0.025222200187927847
2024-12-16,40.277000427246094,-0.023021674432503133,0.024708822206948495
2024-12-17,42.064998626708984,0.04343541132096684,0.025429654065300792
2024-12-18,41.00699996948242,-0.025473225261474674,0.025888175895275884
2024-12-19,43.077999114990234,0.04926962231638569,0.027369345085667577
2024-12-20,44.130001068115234,0.024127442074483228,0.027431463879485234
2024-12-23,45.54499816894531,0.031560960508283116,0.02758324574332789
2024-12-24,45.73099899291992,0.004075574898527673,0.027066676741267028
2024-12-26,45.73099899291992,0.0,0.02699490145517596
2024-12-27,47.73099899291992,0.04280467799089474,0.027889877490567788
2024-12-30,47.632999420166016,-0.002055274713346417,0.0259673756062528
2024-12-31,48.888999938964844,0.026026634882684283,0.02634815504217705
2025-01-02,50.27299880981445,0.0279157089372585,0.026765454852785777
2025-01-03,49.62200164794922,-0.013033813000070527,0.02637102819980088
2025-01-06,47.32600021362305,-0.04737448512280022,0.027569407658405622
2025-01-07,47.4739990234375,0.0031223403215680347,0.026936355069564325
2025-01-08,45.558998107910156,-0.041174024458871916,0.02753468372483267
2025-01-09,44.98699951171875,-0.012634599438250512,0.027439312985499384
2025-01-10,45.007999420166016,0.00046669057342410406,0.027390372218881784
2025-01-13,48.26100158691406,0.06978357509360257,0.030272559613451554
2025-01-14,46.946998596191406,-0.027604538011037273,0.03043837902502091
2025-01-15,47.00600051879883,0.0012559882264436362,0.03024906978855259
2025-01-16,46.24100112915039,-0.016408389326931647,0.030377148839251567
2025-01-17,46.887001037597656,0.013873598811248654,0.02996131086726987
2025-01-21,50.027000427246094,0.06482239456300552,0.03213672204362291
2025-01-22,48.715999603271484,-0.026555358139759396,0.032564226752337215
2025-01-23,49.12300109863281,0.008319869176230349,0.031814888311411646
2025-01-24,49.70199966430664,0.011717787730094069,0.03177232983724871
2025-01-27,47.86199951171875,-0.03772330703229704,0.032394920295511526
2025-01-28,48.2239990234375,0.007534942238344135,0.031242032111248486
2025-01-29,51.15599822998047,0.059022950777109125,0.03177291779664143
2025-01-30,51.72600173950195,0.011080837114358496,0.03126019830715214
2025-01-31,53.23699951171875,0.028793044072357797,0.030804317265351096
2025-02-03,53.79399871826172,0.010408278800738323,0.03015555891423158
2025-02-04,52.04800033569336,-0.03299553677741531,0.03011217801539235
2025-02-05,53.4379997253418,0.026355722057913124,0.030160364831351455
2025-02-06,54.50199890136719,0.01971527984731981,0.029895702699722183
2025-02-07,55.722999572753906,0.022155602340743312,0.03003779261735237
2025-02-10,58.03900146484375,0.040722243182954435,0.030643856457157646
2025-02-11,57.76599884033203,-0.004714876378926786,0.030001207974653988
2025-02-12,55.6609992980957,-0.037120637681176585,0.031006623329739913
2025-02-13,51.382999420166016,-0.07997234237885635,0.03440390122933434
2025-02-14,50.685001373291016,-0.01367733124166797,0.03414639108026367
2025-02-18,49.21500015258789,-0.02943157774737731,0.03449617757720517
2025-02-19,48.263999938964844,-0.019512518307759068,0.03354637541151442
2025-02-20,47.49399948120117,-0.016082563524700097,0.03368062637197662
2025-02-21,47.19499969482422,-0.006315428038515994,0.032800470263354205
2025-02-24,47.14400100708008,-0.0010811794132353503,0.032700399453042026
2025-02-25,44.29100036621094,-0.06242526448874018,0.03472620944013931
2025-02-26,41.33599853515625,-0.06904774886125753,0.03427984314511448
2025-02-27,44.93000030517578,0.08337197432691723,0.03760154756939076
2025-02-28,44.31999969482422,-0.01366969432102515,0.037663014054305125
2025-03-03,45.2130012512207,0.019948648226270016,0.03776690900504049
2025-03-04,43.4640007019043,-0.03945165838124573,0.03830597728929962
2025-03-05,41.507999420166016,-0.04604685962449601,0.03690687816940517
2025-03-06,38.2400016784668,-0.08200403369766172,0.03927284587870652
2025-03-07,39.97100067138672,0.04427207589502691,0.040324706566450756
2025-03-10,41.231998443603516,0.031060408191526327,0.04078421346299867
2025-03-11,42.709999084472656,0.035218447254760525,0.04101541663805637
2025-03-12,42.25400161743164,-0.010734001260649741,0.04097698151591305
2025-03-13,42.07600021362305,-0.004221550202720306,0.03918912788773231
2025-03-14,42.290000915527344,0.005073161179083825,0.0391113938090373
2025-03-17,41.24800109863281,-0.02494801974159673,0.03865712585527069
2025-03-18,40.755001068115234,-0.012024095636969207,0.03849528620520576
2025-03-19,43.35499954223633,0.06184346851600448,0.04032876441879775
2025-03-20,42.85499954223633,-0.011599712601466293,0.03986847656203025
2025-03-21,42.60499954223633,-0.005850707133605377,0.03954175355336037
2025-03-24,42.74800109863281,0.0033508298273113566,0.039191306444445385
2025-03-25,41.55500030517578,-0.02830457801397546,0.038195063184822624
2025-03-26,40.869998931884766,-0.016621586907160826,0.03818789485557592
2025-03-27,41.20199966430664,0.008090519277363581,0.0380351048677117
2025-03-28,40.58700180053711,-0.015038928067351411,0.03569292235616723
2025-03-31,40.66699981689453,0.001969085598567423,0.03571932143417007
2025-04-01,42.45000076293945,0.042909982479708106,0.036607362393402565
2025-04-02,41.26300048828125,-0.028360704250591177,0.03676421875424151
2025-04-03,39.202999114990234,-0.05121297457413425,0.0376703329245731
2025-04-04,36.4010009765625,-0.0741569782845843,0.03964968514839983
2025-04-07,37.0,0.01632163902351725,0.03989090781295126
2025-04-08,36.23099899291992,-0.021002834478965355,0.03864218808066541
2025-04-09,33.66600036621094,-0.07342664129060121,0.038893286805311386
2025-04-10,33.292999267578125,-0.011141294195008576,0.03496313411718681
2025-04-11,33.4630012512207,0.005093245545723258,0.03506275367926476
2025-04-14,34.499000549316406,0.03048996580728322,0.035417685334147124
2025-04-15,34.40700149536133,-0.002670278521199373,0.034961427449116594
2025-04-16,35.3120002746582,0.02596278178096574,0.03471530900445348
2025-04-17,35.65700149536133,0.009722665666638866,0.03163772641635578
2025-04-21,35.65700149536133,0.0,0.03039717530686604
2025-04-22,34.24399948120117,-0.04043417122888702,0.030371888671137243
2025-04-23,34.15999984741211,-0.0024559872766635187,0.02936280785540859
2025-04-24,33.57400131225586,-0.01730336746781033,0.029412628806468274
2025-04-25,32.43199920654297,-0.03460643174130747,0.029810432047998683
2025-04-28,32.39799880981445,-0.001048909482836541,0.02973390985227261
2025-04-29,31.856000900268555,-0.016870880179151084,0.029619764941140048
2025-04-30,32.31700134277344,0.014367673530166903,0.02990549422389729
2025-05-01,32.14899826049805,-0.005212157219255514,0.026878672870929432
2025-05-02,33.077999114990234,0.028487090187046572,0.027776197316163202
2025-05-05,32.93000030517578,-0.004484276424681163,0.0277820347640702
2025-05-06,34.74300003051758,0.05359400809304895,0.029955799012158633
2025-05-07,34.53099822998047,-0.006120693700673045,0.029682052726495503
2025-05-08,35.340999603271484,0.02318633176524399,0.03008585414081633
2025-05-09,34.61800003051758,-0.020669972927542545,0.030117657235422573
2025-05-12,35.38999938964844,0.022055498225171045,0.03048465354890688
2025-05-13,35.74399948120117,0.009953131261568342,0.030578391340266426
2025-05-14,35.04800033569336,-0.019663848282798345,0.02935672844848469
2025-05-15,35.29399871826172,0.0069943814153012205,0.02915313636111815
2025-05-16,35.15599822998047,-0.003917691150184492,0.027828255963422286
2025-05-19,35.224998474121094,0.0019607641118588297,0.024440151404304424
2025-05-20,36.979000091552734,0.04859417195834237,0.025899837134449183
2025-05-21,36.62099838256836,-0.009728384236026786,0.025665593069247355
2025-05-22,36.35599899291992,-0.00726257763298731,0.021632575431589286
2025-05-23,36.45000076293945,0.002582254829786077,0.021477344665989082
2025-05-27,37.00600051879883,0.015138596293050435,0.02158880286813801
2025-05-28,36.6870002746582,-0.008657599316971734,0.021068935076801385
2025-05-29,35.15800094604492,-0.04257026107578748,0.022582186673545696
2025-05-30,34.22800064086914,-0.026808174006738975,0.022603362872053143
2025-06-02,35.01499938964844,0.022732482396992593,0.022939263216087448
2025-06-03,35.847999572753906,0.023511241889237824,0.023358462276542084
2025-06-04,35.650001525878906,-0.005538575903616805,0.022101373434497678
2025-06-05,36.393001556396484,0.020627301561304167,0.02236485967699203
2025-06-06,36.250999450683594,-0.003909539249310825,0.02209601214871499
2025-06-09,35.60499954223633,-0.017980887396586136,0.021326884342680152
2025-06-10,34.63800048828125,-0.02753470517381922,0.022041288504336575
2025-06-11,35.91299819946289,0.0361479373977149,0.02257613684673714
2025-06-12,36.176998138427734,0.007324209530962321,0.02250105387410307
2025-06-13,37.89400100708008,0.04636930845418948,0.023728992369024166
2025-06-16,37.90599822998047,0.00031654942272630796,0.023341387915223683
2025-06-17,39.308998107910156,0.036344087947662675,0.02397856587616986
2025-06-18,38.69300079345703,-0.015794726528059234,0.02252197956989613
2025-06-20,40.92900085449219,0.05618015349753214,0.0243905540617743
2025-06-23,40.52199935913086,-0.009993858437651982,0.02432087904183698
2025-06-24,35.6150016784668,-0.12907807613021857,0.03423272214451403
2025-06-25,35.4010009765625,-0.0060268486443552155,0.0340188820666405
2025-06-26,34.02399826049805,-0.03967398908844954,0.034718145739195086
2025-06-27,33.08700180053711,-0.027925596415215418,0.0348983123109578
2025-06-30,32.89799880981445,-0.005728680938468379,0.034863545063813235
2025-07-01,33.69300079345703,0.023878294726705142,0.035188105259066516
2025-07-02,33.590999603271484,-0.0030319620630093825,0.0351833862261444
2025-07-03,33.62099838256836,0.0008926614946107862,0.03389169202608967
2025-07-04,33.43000030517578,-0.005697114069413317,0.03387279233896799
2025-07-07,33.62099838256836,0.005697114069413339,0.033899698271353015
2025-07-08,34.21900177001953,0.01763027345625811,0.03408992464934878
2025-07-09,34.30400085449219,0.0024808932712618477,0.03394717263973679
2025-07-10,35.16999816894531,0.024931404065178627,0.03429018951694748
2025-07-11,35.56100082397461,0.011056160482935389,0.033458064629121355
2025-07-14,35.45399856567383,-0.00301351377023853,0.03307112036374502
2025-07-15,34.44499969482422,-0.02887220095025579,0.03325264451442837
2025-07-16,34.808998107910156,0.01051207949181638,0.03301216178837511
2025-07-17,34.40700149536133,-0.011615844165720047,0.03305970910310118
2025-07-18,33.595001220703125,-0.02388279280348653,0.03304591492196647
2025-07-21,33.159000396728516,-0.013063097746612498,0.03310000047228717
2025-07-22,33.111000061035156,-0.0014486296591508967,0.032978899404991296
2025-07-23,32.689998626708984,-0.012796376575602283,0.032700483328887434
2025-07-24,32.358001708984375,-0.01020784032856564,0.031925207031796195
2025-07-25,32.499000549316406,0.004347998136064743,0.031895102844346594
2025-07-28,32.89899826049805,0.012232872764495068,0.03063597344875704
2025-07-29,34.10300064086914,0.03594316645291653,0.03151548530946386
2025-07-30,34.5369987487793,0.012645801147078979,0.030769902475624132
2025-07-31,35.27899932861328,0.021256690136301725,0.031035640544232062
2025-08-01,33.97200012207031,-0.03775120752387026,0.029553880956242336
2025-08-04,34.28300094604492,0.00911297257030113,0.029675157499330803
2025-08-05,34.40599822998047,0.003581284248436575,0.018365599485388486
2025-08-06,33.25699996948242,-0.03396564598729419,0.019305670722402093
2025-08-07,32.95100021362305,-0.009243654357765604,0.01801900684507817
2025-08-08,32.44599914550781,-0.015444473332321764,0.017514542967397382
2025-08-11,32.999000549316406,0.016900131971105577,0.017773729355455785
2025-08-12,32.409000396728516,-0.01804110037922266,0.017485519916307417
2025-08-13,32.599998474121094,0.005876067322295068,0.01753058727016191
2025-08-14,32.14099884033203,-0.014179803945074836,0.017689788575735842
2025-08-15,31.0310001373291,-0.03514572837770943,0.018717874352809895
2025-08-18,31.27199935913086,0.007736398753493009,0.01875227423765272
2025-08-19,31.226999282836914,-0.0014400257619493725,0.018368666403481535
2025-08-20,31.9060001373291,0.021511001947664712,0.01888751391465294
2025-08-21,33.17499923706055,0.039002473037865776,0.01974527922322447
2025-08-22,33.573001861572266,0.011925670731641965,0.019765651452193653
2025-08-25,33.77399826049805,0.00596899625327819,0.019816447189118895
2025-08-26,33.459999084472656,-0.009340556008937559,0.019201465729807667
2025-08-27,32.55099868774414,-0.02754261836180056,0.01966828926533365
2025-08-28,31.55900001525879,-0.03094923955393304,0.020293052506115884
2025-08-29,31.621999740600586,0.0019942624037236154,0.019915990801640606
2025-09-02,31.77199935913086,0.004732305915185089,0.019840529602323277
2025-09-03,32.11199951171875,0.010644398248405346,0.019962490559397618
2025-09-04,32.4119987487793,0.009298909146440233,0.019920623523496765
2025-09-05,31.9689998626709,-0.013762007032373515,0.019992114088765955
2025-09-08,33.06399917602539,0.033678373326354975,0.020927753874597662
2025-09-09,32.930999755859375,-0.004030596329247231,0.02082573750539677
2025-09-10,33.12200164794922,0.005783307961627288,0.019731646783571973
2025-09-11,32.323001861572266,-0.024418655201012267,0.020007963155232934
2025-09-12,32.6619987487793,0.010433175626201503,0.019664893522378595
2025-09-15,32.15399932861328,-0.015675445485983874,0.018691956449134853
2025-09-16,32.32899856567383,0.005427777008180794,0.018629543932295736
2025-09-17,32.4010009765625,0.002224700790811558,0.01861728178543686
2025-09-18,32.95199966430664,0.016862630287023384,0.01790734042284255
2025-09-19,32.30799865722656,-0.01973711092802566,0.018188197255911927
2025-09-22,31.8439998626709,-0.014465859104636233,0.018161619395039713
2025-09-23,32.26499938964844,0.01313405555719794,0.018048977634555194
2025-09-24,31.902999877929688,-0.011282987041170206,0.017866978675054372
2025-09-25,32.45600128173828,0.017185319965910537,0.018124137922905247
2025-09-26,32.696998596191406,0.007397922245706298,0.017975613257500134
2025-09-29,32.060001373291016,-0.019674097624983525,0.017116977082147714
2025-09-30,31.410999298095703,-0.02045106232389009,0.01750856822237617
2025-10-01,31.334999084472656,-0.002422473233309739,0.017512558923995464
2025-10-02,31.454999923706055,0.00382229613726326,0.017059258163329014
2025-10-03,31.437999725341797,-0.000540607026955437,0.015345423360844388
2025-10-06,33.11600112915039,0.051999239803839345,0.018081065680004723
2025-10-07,33.24599838256836,0.0039178270894712095,0.01805979453834137
2025-10-08,32.70000076293945,-0.01655930922816399,0.018228600052683848
2025-10-09,32.362998962402344,-0.01035933835692805,0.01761794885886237
2025-10-10,32.16999816894531,-0.005981478544909471,0.016679696433740728
2025-10-13,31.475000381469727,-0.021840692282671954,0.017173282790453968
2025-10-14,31.801000595092773,0.010304162495420346,0.017257886355192976
2025-10-15,31.826000213623047,0.0007858179546098243,0.017142283703320393
2025-10-16,32.37799835205078,0.0171955564219127,0.017354048892372752
2025-10-17,31.81599998474121,-0.017509821496328095,0.017469380056269124
2025-10-20,31.73900032043457,-0.0024230887140678265,0.016259582301711217
2025-10-21,32.20000076293945,0.014420257532407268,0.016502355835836587
2025-10-22,31.76799964904785,-0.013506993462531864,0.01661451848132553
2025-10-23,32.45399856567383,0.021364175140074805,0.016528873332230114
2025-10-24,32.01599884033203,-0.013587916301813456,0.0165944833740498
2025-10-27,31.399999618530273,-0.01942786085437343,0.016725146208172333
2025-10-28,31.493999481201172,0.002989154259785548,0.016699786570628445
2025-10-29,31.868999481201172,0.011836699161604076,0.016852759854072037
2025-10-30,31.04800033569336,-0.02609932930819809,0.017144753830139595
2025-10-31,31.121999740600586,0.002380551383715094,0.01682762640636396
2025-11-03,31.740999221801758,0.01969423980856937,0.01705647664081024
2025-11-04,32.55099868774414,0.025198853764065384,0.01751552131762224
2025-11-05,31.819000244140625,-0.02274444652204137,0.01789758172034054
2025-11-06,31.54800033569336,-0.008553397136528288,0.0176562954134728
2025-11-07,31.201000213623047,-0.011060053745932427,0.017677104520843628
2025-11-10,31.070999145507812,-0.004175271656955865,0.01735299530237963
2025-11-11,31.101999282836914,0.0009972219671484659,0.016963333293119238
2025-11-12,30.933000564575195,-0.0054485092852560885,0.01698519020075765
2025-11-13,30.45800018310547,-0.01547490201423044,0.017182832960506846
2025-11-14,31.25,0.025670684741175023,0.017863772367225465
2025-11-17,31.417999267578125,0.005361577583163587,0.014957400401948477
2025-11-18,31.694000244140625,0.008746442458097544,0.01504626026752319
2025-11-19,30.940000534057617,-0.024077533817678,0.015363390981464806
2025-11-20,31.159000396728516,0.0070532783877827335,0.015359518790870278
2025-11-21,30.197999954223633,-0.03132744528737245,0.016296481932812704
2025-11-24,29.746999740600586,-0.015047417655815491,0.016058303143225712
2025-11-25,29.38599967956543,-0.012209918301161447,0.01599511038576473
2025-11-26,29.368000030517578,-0.0006127123157498897,0.01598683959837636
2025-11-28,28.816999435424805,-0.018940176051141476,0.01579794242296597
2025-12-01,28.226999282836914,-0.020686529896786925,0.01590272316659691
2025-12-02,28.049999237060547,-0.006290336516311267,0.015905260266255227
2025-12-03,28.20599937438965,0.0055460943205657195,0.01562870270646421
2025-12-04,27.08799934387207,-0.04044389792131225,0.016891843986199463
2025-12-05,27.266000747680664,0.006549731016968464,0.016290949021850517
2025-12-08,26.871000289916992,-0.0145928832352765,0.016308526225623243
2025-12-09,27.48900032043457,0.022738287357631892,0.016903235499316754
2025-12-10,26.601999282836914,-0.032799562335901866,0.017609425963662367
2025-12-11,26.80500030517578,0.007602074692420062,0.017481117209324545
2025-12-12,27.68400001525879,0.032266180866261096,0.01836582259109241
2025-12-15,27.424999237060547,-0.009399651188623744,0.0183545512444441
2025-12-16,26.763999938964844,-0.024397279702094446,0.018138013289592678
2025-12-17,27.35700035095215,0.021914751808167147,0.017954167986521802
2025-12-18,27.652000427246094,0.010725623085595985,0.017904426242389138
2025-12-19,28.160999298095703,0.0182399435644315,0.01836677612567525
2025-12-22,27.687000274658203,-0.016975018226607026,0.01847896351905092
2025-12-23,27.73200035095215,0.0016239948637133004,0.01850719334726802
2025-12-24,28.094999313354492,0.01300460638865231,0.018742626748984983
2025-12-26,28.094999313354492,0.0,0.01874838262608742
2025-12-29,28.534000396728516,0.015504772472305238,0.018901958275666313
2025-12-30,27.766000747680664,-0.02728409505580293,0.01868323927011442
2025-12-31,28.160999298095703,0.0141257395577389,0.01890095313756498
2026-01-02,29.003999710083008,0.029495724415316758,0.019731536190092488
2026-01-05,27.39900016784668,-0.056927219009920975,0.02175208703320979
2026-01-06,28.07200050354004,0.024266133714695413,0.022275810067122766
2026-01-07,28.777000427246094,0.024803815599483452,0.022213190897199895
2026-01-08,27.698999404907227,-0.038180181843514134,0.023080430264806925
2026-01-09,28.374000549316406,0.024076962275313155,0.023494510985872463
2026-01-12,30.246000289916992,0.06389070166420464,0.02632779306816412
2026-01-13,31.472999572753906,0.03976606792860521,0.02696988399068733
2026-01-14,31.812999725341797,0.010744980803591934,0.026628810166076607
2026-01-15,33.15800094604492,0.041409040702649884,0.027406707701592273
2026-01-16,36.87900161743164,0.10635828386241222,0.03301039300911811
2026-01-20,35.887001037597656,-0.02726718537579748,0.03241294966284671
2026-01-21,39.20800018310547,0.0885056704420403,0.03547557711014949
2026-01-22,38.07899856567383,-0.029217900870319682,0.03595243220070475
2026-01-23,40.03900146484375,0.05019110428855453,0.03658891295569511
2026-01-26,39.11199951171875,-0.023424702903421666,0.03622660709113294
2026-01-27,38.76100158691406,-0.009014685367807961,0.03643600976627979
2026-01-28,38.861000061035156,0.0025765511663968024,0.03627769904192873
2026-01-29,40.112998962402344,0.031709266843017093,0.03624506098843197
2026-01-30,39.28499984741211,-0.020857682690111453,0.03612578564540234
2026-02-02,33.94499969482422,-0.1461012039803499,0.046263945509219355
2026-02-03,32.86000061035156,-0.03248542757988515,0.04681947176131069
2026-02-04,33.500999450683594,0.01931914155132561,0.04682981111285736
2026-02-05,33.73500061035156,0.006960619437171019,0.046632100944162765
2026-02-06,35.694000244140625,0.056446722101725647,0.04749713022991499
2026-02-09,33.49599838256836,-0.06355663384411224,0.04926582735568604
2026-02-10,31.84600067138672,-0.05051417391300623,0.05032490924026503
2026-02-11,32.16699981689453,0.010029270108572035,0.05029232929864936
2026-02-12,32.99399948120117,0.025384634404597345,0.05008162990629254
2026-02-13,32.5,-0.015085621694005192,0.050197016257249226
