Price,Close,Returns,Volatility_30d
Ticker,HO=F,,
Date,,,
2018-01-02,2.0583999156951904,,
2018-01-03,2.0880000591278076,0.01427775730938665,
2018-01-04,2.0769999027252197,-0.005282200278603923,
2018-01-05,2.0587000846862793,-0.008849741290774898,
2018-01-08,2.0453999042510986,-0.006481434190976631,
2018-01-09,2.066200017929077,0.01011785753257538,
2018-01-10,2.080699920654297,0.006993157313731921,
2018-01-11,2.07669997215271,-0.0019242554668577603,
2018-01-12,2.0850000381469727,0.003988791589273397,
2018-01-16,2.0634000301361084,-0.010413751257462963,
2018-01-17,2.0690999031066895,0.0027585610052825353,
2018-01-18,2.0617001056671143,-0.0035827468476901667,
2018-01-19,2.0583999156951904,-0.0016019954178832442,
2018-01-22,2.0569000244140625,-0.0007289341575921674,
2018-01-23,2.0861001014709473,0.014096335838232606,
2018-01-24,2.106100082397461,0.009541592378980952,
2018-01-25,2.1154000759124756,0.0044060207089093245,
2018-01-26,2.135999917984009,0.009690926903496587,
2018-01-29,2.10479998588562,-0.01471443866280788,
2018-01-30,2.071700096130371,-0.015850871366750063,
2018-01-31,2.069200038909912,-0.0012074947198410203,
2018-02-01,2.090399980545044,0.010193347965906237,
2018-02-02,2.053499937057495,-0.01780980215430903,
2018-02-05,2.0195999145507812,-0.01664619407049532,
2018-02-06,1.9851000308990479,-0.017230123423177937,
2018-02-07,1.9313000440597534,-0.027475932159535605,
2018-02-08,1.9213000535964966,-0.005191305958465206,
2018-02-09,1.8551000356674194,-0.03506344596259923,
2018-02-12,1.8388999700546265,-0.00877107170859759,
2018-02-13,1.836899995803833,-0.0010881845947683325,
2018-02-14,1.8844000101089478,0.025530107322786197,0.013135289491204637
2018-02-15,1.8916000127792358,0.0038135653350713852,0.0127967738783052
2018-02-16,1.9104000329971313,0.009889622945148642,0.013013402426735593
2018-02-20,1.9277000427246094,0.009014943096410719,0.013134586644699063
2018-02-21,1.9322999715805054,0.002383383946293765,0.013134465615502456
2018-02-22,1.9527000188827515,0.0105020514031691,0.013146764999407454
2018-02-23,1.9694000482559204,0.008515912400031059,0.013185101587859379
2018-02-26,1.9859000444412231,0.008343281931942706,0.013315255080059124
2018-02-27,1.9630000591278076,-0.01159828885089221,0.013397938775742137
2018-02-28,1.913599967956543,-0.025487677386410685,0.01399340661063653
2018-03-01,1.8854999542236328,-0.01479325459088845,0.014131669733994141
2018-03-02,1.8796000480651855,-0.003133999619617119,0.014131375729641973
2018-03-05,1.8967000246047974,0.009056533162011713,0.01430282448383696
2018-03-06,1.9033000469207764,0.0034736993833653527,0.014343593400211315
2018-03-07,1.8746000528335571,-0.015193914849771518,0.014164578583199545
2018-03-08,1.8590999841690063,-0.008302840375530552,0.013968600042001775
2018-03-09,1.8866000175476074,0.01468378539616925,0.014307804599931898
2018-03-12,1.8646999597549438,-0.011676115869476204,0.014143145590566737
2018-03-13,1.873900055885315,0.0049216897571600655,0.014109793686829464
2018-03-14,1.8870999813079834,0.007019398825278554,0.014058075523879622
2018-03-15,1.892899990081787,0.003068790142586082,0.014099659543167883
2018-03-16,1.9118000268936157,0.009935181324350307,0.014091425806948575
2018-03-19,1.906999945640564,-0.0025139226016237517,0.013810146181875243
2018-03-20,1.9494999647140503,0.0220416132274436,0.014240091747208812
2018-03-21,2.003700017929077,0.02742256902503268,0.01482593932288946
2018-03-22,1.992300033569336,-0.00570571328336856,0.013924352939823222
2018-03-23,2.018399953842163,0.013015328394003493,0.014039840143492155
2018-03-26,2.015000104904175,-0.0016858480159125612,0.012237519784897967
2018-03-27,2.02239990234375,0.0036656292228227053,0.012042665003409093
2018-03-28,2.0148000717163086,-0.003764906198982039,0.012085147172099442
2018-03-29,2.02839994430542,0.006727306997220703,0.011345718116565581
2018-04-02,1.9802000522613525,-0.02404940138309797,0.012328507814438578
2018-04-03,1.9950000047683716,0.007446176633754525,0.012279320280978572
2018-04-04,1.9773000478744507,-0.008911750775309509,0.01233427141261835
2018-04-05,1.9765000343322754,-0.000404680831837518,0.012332798184348119
2018-04-06,1.957800030708313,-0.009506211594535885,0.012328461620276232
2018-04-09,1.9966000318527222,0.019624340343364476,0.012749965630204523
2018-04-10,2.0648000240325928,0.033587631187784,0.014054669553502092
2018-04-11,2.0927000045776367,0.013421719390463969,0.014005228938047622
2018-04-12,2.0838000774383545,-0.004261913293886317,0.01306645419902644
2018-04-13,2.1001999378204346,0.007839361525226806,0.012660298428471257
2018-04-16,2.0703001022338867,-0.014338974989536398,0.013025659940166677
2018-04-17,2.0571000576019287,-0.006396321715910063,0.013092312993238528
2018-04-18,2.091099977493286,0.016392980569707182,0.013328773824072881
2018-04-19,2.1094000339508057,0.008713330407863519,0.012902907513435534
2018-04-20,2.122999906539917,0.006426575743086686,0.012699875125361432
2018-04-23,2.140899896621704,0.008396114384761939,0.012576006279998202
2018-04-24,2.1275999546051025,-0.006231690533405331,0.012376479101867201
2018-04-25,2.135999917984009,0.003940320151122055,0.012376339979803688
2018-04-26,2.1600000858306885,0.011173378731554608,0.012430195698489525
2018-04-27,2.150899887084961,-0.0042219547289013585,0.012530057736939614
2018-04-30,2.1673998832702637,0.007641931946120526,0.01250119844237813
2018-05-01,2.0996999740600586,-0.03173377362237337,0.014079590482756995
2018-05-02,2.121500015258789,0.01032892782534684,0.013696537433565269
2018-05-03,2.1126999855041504,-0.004156649389934577,0.012932584359539626
2018-05-04,2.1540000438690186,0.019359855637739565,0.013239295619627025
2018-05-07,2.184999942779541,0.01428920325919963,0.013275841026709936
2018-05-08,2.1577000617980957,-0.012572934155771487,0.013544359425886079
2018-05-09,2.2179999351501465,0.027562991486260062,0.014309722307825198
2018-05-10,2.2228000164031982,0.0021618101129610326,0.014252800221290827
2018-05-11,2.2219998836517334,-0.00036003094766889177,0.014252340042988858
2018-05-14,2.2495999336242676,0.012344754273156561,0.01338995314458077
2018-05-15,2.249000072479248,-0.0002666879241367734,0.013400546213065172
2018-05-16,2.269200086593628,0.008941679426195207,0.01320257948980057
2018-05-17,2.2808001041412354,0.005098919645587901,0.013168980484723283
2018-05-18,2.265500068664551,-0.00673078884244386,0.013074616450932478
2018-05-21,2.2737998962402344,0.00365687964627021,0.01277466605661472
2018-05-22,2.2799999713897705,0.0027230353378931184,0.011518514891354156
2018-05-23,2.289599895477295,0.004201653750968728,0.011361196527839575
2018-05-24,2.266700029373169,-0.0100520419222375,0.011536597820412175
2018-05-25,2.2098000049591064,-0.025423026305653993,0.012586605466114018
2018-05-29,2.1858999729156494,-0.010874385277740829,0.01244955747834356
2018-05-30,2.2316999435424805,0.02073597092194072,0.012812980092921776
2018-05-31,2.1914000511169434,-0.01822296926996625,0.01309436350097478
2018-06-01,2.176300048828125,-0.00691442274112738,0.013110887334584076
2018-06-04,2.1524999141693115,-0.010996292129322897,0.01324924269108496
2018-06-05,2.1415998935699463,-0.005076753917372885,0.013199207724926072
2018-06-06,2.1266000270843506,-0.0070286905566548175,0.013213000615448346
2018-06-07,2.1798999309539795,0.024754499544456555,0.013953603659182615
2018-06-08,2.164299964904785,-0.0071820051924498425,0.013879766516714253
2018-06-11,2.1607000827789307,-0.0016646857421926068,0.013860361347566621
2018-06-12,2.161799907684326,0.0005088837161626802,0.01378843154200834
2018-06-13,2.1851000785827637,0.01072046475687644,0.012551471773756505
2018-06-14,2.1586999893188477,-0.012155446342950512,0.012666300170613841
2018-06-15,2.0869998931884766,-0.03377860679513158,0.01411945953659585
2018-06-18,2.1315999031066895,0.02114524906921015,0.014209131432553843
2018-06-19,2.121799945831299,-0.004608066471381281,0.013954436448574395
2018-06-20,2.107100009918213,-0.006952160265766705,0.01383057797777257
2018-06-21,2.0701000690460205,-0.017715650604544525,0.013079883695935343
2018-06-22,2.1254000663757324,0.026363102543092914,0.014073175785668954
2018-06-25,2.100399971008301,-0.011832262207592292,0.014196636565726553
2018-06-26,2.128999948501587,0.013524572743702007,0.014238960129451257
2018-06-27,2.1772000789642334,0.022387322124289306,0.014909984646827272
2018-06-28,2.1782000064849854,0.00045916679005484994,0.014793325777990411
2018-06-29,2.2093000411987305,0.014176891286040062,0.015021180781882998
2018-07-02,2.1558001041412354,-0.02451380924985539,0.015592618142238139
2018-07-03,2.1642000675201416,0.0038888766812156476,0.015595400438895811
2018-07-05,2.1786999702453613,0.006677545639018476,0.015650224512947893
2018-07-06,2.1684000492095947,-0.004738763895078787,0.015622713559179158
2018-07-09,2.19569993019104,0.012511279401655057,0.015754950477140935
2018-07-10,2.2218000888824463,0.011816847670519524,0.015227498601912812
2018-07-11,2.100800037384033,-0.055999475808649925,0.018279940210784315
2018-07-12,2.1231000423431396,0.010559062350191183,0.017947865060765077
2018-07-13,2.1333999633789062,0.004839629331916918,0.01770638537743456
2018-07-16,2.05430006980896,-0.03778174274544405,0.018923310894032593
2018-07-17,2.0701000690460205,0.0076617573449246,0.018921434002667135
2018-07-18,2.0903000831604004,0.009710687486429167,0.019012078012043975
2018-07-19,2.090100049972534,-9.570049834872547e-05,0.018975960220471367
2018-07-20,2.1043999195098877,0.006818416994824096,0.018424876153140618
2018-07-23,2.118000030517578,0.006441908961862639,0.01843960381725855
2018-07-24,2.1326000690460205,0.006869663390501363,0.01849030263803388
2018-07-25,2.15120005607605,0.008683927061458784,0.018564803234894903
2018-07-26,2.1768999099731445,0.011875953029369704,0.018589345933782832
2018-07-27,2.1552000045776367,-0.010018276271262961,0.018545697624757242
2018-07-30,2.1710000038146973,0.007304363855311296,0.017454262841256014
2018-07-31,2.1319000720977783,-0.01817425794635586,0.017390021678471552
2018-08-01,2.097399950027466,-0.01631517611469044,0.01762684552405579
2018-08-02,2.1317999362945557,0.016268204797269502,0.017837116316249603
2018-08-03,2.1268999576568604,-0.002301162759514004,0.017516763989992475
2018-08-06,2.1393001079559326,0.005813222553454231,0.0168768982018767
2018-08-07,2.169100046157837,0.013833633073737866,0.016895537355537327
2018-08-08,2.1157000064849854,-0.024926626184864246,0.017370166763591422
2018-08-09,2.1119000911712646,-0.0017976706638599444,0.016838376233333858
2018-08-10,2.139699935913086,0.013077542930965504,0.017032946804925925
2018-08-13,2.13700008392334,-0.0012625867308354846,0.0168029402755995
2018-08-14,2.128700017929077,-0.0038915424295344956,0.01622430118591139
2018-08-15,2.090399980545044,-0.018156047261587357,0.016518889946570286
2018-08-16,2.096400022506714,0.002866172764305908,0.01647114858528086
2018-08-17,2.0982000827789307,0.0008582750858408121,0.016462358438038942
2018-08-20,2.113800048828125,0.007407424925197749,0.016342814381281448
2018-08-21,2.1236000061035156,0.004625465908715852,0.016196368666668938
2018-08-22,2.168299913406372,0.02083064585033448,0.013051754780939668
2018-08-23,2.1754000186920166,0.0032691538182131386,0.012936039693047007
2018-08-24,2.202199935913086,0.012244267325975833,0.013085332792266589
2018-08-27,2.214900016784668,0.0057504317331236775,0.010853058285186162
2018-08-28,2.211400032043457,-0.001581449712876041,0.010832918544608118
2018-08-29,2.2421000003814697,0.013787113242141442,0.010955239048637024
2018-08-30,2.248300075531006,0.0027614818211095064,0.010945777881540539
2018-08-31,2.241300106048584,-0.003118306696152869,0.010958805553422024
2018-09-04,2.254699945449829,0.005960800232962334,0.01095258412421444
2018-09-05,2.234499931335449,-0.008999443554247226,0.011095798833759619
2018-09-06,2.2091000080108643,-0.011432262269795618,0.011256842702888207
2018-09-07,2.2181999683380127,0.004110845522469954,0.01108334988133534
2018-09-10,2.2177999019622803,-0.00018037258273860622,0.01090158613930327
2018-09-11,2.252000093460083,0.015303082446332406,0.011157064798004566
2018-09-12,2.257699966430664,0.002527829314601271,0.01053920015625344
2018-09-13,2.2235000133514404,-0.015264044119659799,0.010478087261404168
2018-09-14,2.209199905395508,-0.00645212075137905,0.010225257808084618
2018-09-17,2.206399917602539,-0.0012682255097829515,0.010214834726182523
2018-09-18,2.2356998920440674,0.01319213913462041,0.010416026306499324
2018-09-19,2.2465999126434326,0.004863593494664138,0.010174808190329458
2018-09-20,2.2279999256134033,-0.008313634663556918,0.009100917869242072
2018-09-21,2.2260000705718994,-0.0008980041210636706,0.009090389627133004
2018-09-24,2.285900115966797,0.026553586058404473,0.009960552027986205
2018-09-25,2.305299997329712,0.008450948049871652,0.010001799858499786
2018-09-26,2.299799919128418,-0.0023886911972760246,0.009972263741239022
2018-09-27,2.3231000900268555,0.010080411929867037,0.009254634257971758
2018-09-28,2.351799964904785,0.01227843808679593,0.009390314729272656
2018-10-01,2.407900094985962,0.02357406030821132,0.010035916408969711
2018-10-02,2.407599925994873,-0.00012466783933959586,0.010057173772906863
2018-10-03,2.4372000694274902,0.01221949792543473,0.010159702500275668
2018-10-04,2.3996999263763428,-0.015506169018391299,0.010321624884349094
2018-10-05,2.3922998905181885,-0.0030884983402403214,0.01038902645332057
2018-10-08,2.394200086593628,0.0007939814830672109,0.010253533108473881
2018-10-09,2.423799991607666,0.01228737108656409,0.010387279561355588
2018-10-10,2.39490008354187,-0.011995041868815686,0.010714650488663501
2018-10-11,2.332200050354004,-0.026529461526095133,0.01174897335772566
2018-10-12,2.3213000297546387,-0.004684663305512696,0.011795883412297287
2018-10-15,2.325700044631958,0.0018937017954794237,0.011770054719127024
2018-10-16,2.3401999473571777,0.0062152851228740175,0.011773671372838797
2018-10-17,2.3111000061035156,-0.01251276899956515,0.01189587925343452
2018-10-18,2.2948999404907227,-0.007034360660814794,0.011762161459372644
2018-10-19,2.302000045776367,0.0030890865378369998,0.011755129433889913
2018-10-22,2.3180999755859375,0.006969543908415354,0.011797824539992566
2018-10-23,2.2483999729156494,-0.030529033993855134,0.012864599618983
2018-10-24,2.2520999908447266,0.0016442700999854689,0.012859496982690198
2018-10-25,2.27810001373291,0.011478658046288646,0.01269671467412482
2018-10-26,2.302999973297119,0.010870840997721778,0.012748923841836332
2018-10-29,2.2843000888824463,-0.008152938653891568,0.012859833461312978
2018-10-30,2.2597999572753906,-0.010783375703190979,0.012831039043836126
2018-10-31,2.2618000507354736,0.0008846839999070036,0.01280338834556756
2018-11-01,2.2007999420166016,-0.0273400746048304,0.013682010893957776
2018-11-02,2.172800064086914,-0.012804216404396255,0.01386808742847182
2018-11-05,2.1963000297546387,0.010757452008868401,0.013070407117286104
2018-11-06,2.1882998943328857,-0.003649201495320987,0.012944167724093939
2018-11-07,2.2370998859405518,0.022055394859447203,0.013651689043742626
2018-11-08,2.168299913406372,-0.031236922798466033,0.01455758760644335
2018-11-09,2.172800064086914,0.0020732774254712963,0.01432255075684465
2018-11-12,2.155600070953369,-0.007947547884284594,0.013463713816812987
2018-11-13,2.0625,-0.04415030076633778,0.015331546576704184
2018-11-14,2.095900058746338,0.01606424419944775,0.0154969846614832
2018-11-15,2.0741000175476074,-0.010455750313103284,0.015406410125512455
2018-11-16,2.073699951171875,-0.00019290533776464004,0.015426951279296731
2018-11-19,2.086400032043457,0.006105680333169832,0.015523122399614847
2018-11-20,1.9902000427246094,-0.04720495044202883,0.017020903616756063
2018-11-21,1.9701999425888062,-0.01010012636675819,0.017003584649455665
2018-11-23,1.8761999607086182,-0.04888659753194904,0.018348174785347962
2018-11-26,1.8930000066757202,0.008914441986002565,0.01858031160934262
2018-11-27,1.8860000371932983,-0.0037046718217187925,0.018518006642563343
2018-11-28,1.8384000062942505,-0.02556257239587668,0.018645301552314947
2018-11-29,1.8436000347137451,0.0028245691574222092,0.018728649274095673
2018-11-30,1.8454999923706055,0.0010300386603214555,0.018793820686137223
2018-12-03,1.8875000476837158,0.022502988050074887,0.019484186017034437
2018-12-04,1.9009000062942505,0.007074234137227434,0.019486712621100587
2018-12-06,1.858199954032898,-0.022719209053526118,0.019206359493564355
2018-12-07,1.886199951171875,0.014955944752972631,0.0195482334357412
2018-12-10,1.844099998474121,-0.022572844469114086,0.01949226791651457
2018-12-11,1.847100019454956,0.0016254993643420787,0.019271076666269808
2018-12-12,1.8509000539779663,0.0020551843077849623,0.01934644394188381
2018-12-13,1.8765000104904175,0.013736308739730385,0.019696433790717994
2018-12-14,1.8452999591827393,-0.016766501402640334,0.019741225666818716
2018-12-17,1.82669997215271,-0.010130798724802825,0.019369848260795117
2018-12-18,1.7539000511169434,-0.040669136129226846,0.020340708201241686
2018-12-19,1.805400013923645,0.028940272667453554,0.02114727023184684
2018-12-20,1.7496999502182007,-0.031337865377322374,0.021616094055010728
2018-12-21,1.732699990272522,-0.009763436296210674,0.020886443983257966
2018-12-24,1.6621999740600586,-0.04153886938960565,0.021352365018827375
2018-12-26,1.7336000204086304,0.042058172481410486,0.023224255802062315
2018-12-27,1.6783000230789185,-0.03241879292904796,0.02366509735900024
2018-12-28,1.6647000312805176,-0.008136444275051648,0.022678950722352483
2018-12-31,1.680799961090088,0.009624901590703656,0.022481348939342123
2019-01-02,1.700600028038025,0.011711299057676726,0.02273880455281515
2019-01-03,1.7419999837875366,0.02405272266680913,0.023396411538712372
2019-01-04,1.7691999673843384,0.015493579453273792,0.02362296644642311
2019-01-07,1.77839994430542,0.005186603773834363,0.02233475062968721
2019-01-08,1.8270000219345093,0.0269612370510127,0.022986888905845843
2019-01-09,1.8808000087738037,0.029021933507032624,0.021944674839915655
2019-01-10,1.9061000347137451,0.01336206505615779,0.02202129526027395
2019-01-11,1.879699945449829,-0.013947127345079366,0.022163340204031275
2019-01-14,1.8524999618530273,-0.01457610302378628,0.02181635010301622
2019-01-15,1.8722000122070312,0.010578158879713946,0.02189363531877918
2019-01-16,1.8946000337600708,0.011893535802738374,0.02199209831622056
2019-01-17,1.8842999935150146,-0.005451356573679889,0.021633417639651667
2019-01-18,1.9160000085830688,0.016683288323630717,0.021813025627806962
2019-01-22,1.9011000394821167,-0.0078069972448683,0.02143791588362159
2019-01-23,1.8885999917984009,-0.006596877279337021,0.02130654153399386
2019-01-24,1.885599970817566,-0.0015897523408315462,0.020878657222318787
2019-01-25,1.8918999433517456,0.003335528004402744,0.02088348666359894
2019-01-28,1.8377000093460083,-0.029066790362764633,0.0215802999551452
2019-01-29,1.8975000381469727,0.03202245558650315,0.022236892025523026
2019-01-30,1.8983999490737915,0.00047414892210453707,0.02200024418720588
2019-01-31,1.8788000345230103,-0.010378105767823689,0.02200458359395963
2019-02-01,1.9127000570297241,0.017882592684961566,0.020747752001272348
2019-02-04,1.9074000120162964,-0.0027748217681911416,0.020174666102761897
2019-02-05,1.8975000381469727,-0.005203814071051108,0.01923538028566925
2019-02-06,1.9121999740600586,0.007717147712258394,0.019109066558459085
2019-02-07,1.9005000591278076,-0.006137357544835281,0.017247995184515353
2019-02-08,1.9084999561309814,0.004200529658145321,0.01571998500393841
2019-02-11,1.892199993133545,-0.008577400557636802,0.014404614965393777
2019-02-12,1.9071999788284302,0.007896017128642699,0.014235284925340442
2019-02-13,1.9387999773025513,0.016433026494097985,0.014372860388822547
2019-02-14,1.97160005569458,0.01677621081537627,0.014486626679268767
2019-02-15,2.0202999114990234,0.024400547333997213,0.014502590387751486
2019-02-19,1.9946000576019287,-0.012802413566932465,0.014711217824305227
2019-02-20,2.0183000564575195,0.011812043032176882,0.014779262957584397
2019-02-21,2.03629994392395,0.008878807139380801,0.014176161157241993
2019-02-22,2.031100034713745,-0.0025568727297166924,0.01337432054247868
2019-02-25,1.9745999574661255,-0.028211710651698363,0.014336022366219444
2019-02-26,1.9984999895095825,0.012031069265385124,0.014174657587938979
2019-02-27,2.0216000080108643,0.011492387134387534,0.013917441170440411
2019-02-28,2.0234999656677246,0.0009393873125219215,0.013845427333886539
2019-03-01,2.000999927520752,-0.011181648986922602,0.013951338890102206
2019-03-04,2.0143001079559326,0.00662477471692128,0.013908415178336792
2019-03-05,2.016400098800659,0.001041998127875421,0.013638235656753084
2019-03-06,2.016200065612793,-9.920804437567748e-05,0.013525044995164348
2019-03-07,2.012700080871582,-0.0017374397450452671,0.013447917490622203
2019-03-08,1.9997999668121338,-0.006429985471439012,0.013522803803872363
2019-03-11,1.9941999912261963,-0.002804195951124487,0.013547706072825284
2019-03-12,1.985700011253357,-0.004271460534845969,0.012301517848747789
2019-03-13,1.9921000003814697,0.0032178564190436672,0.010977239202832391
2019-03-14,1.9848999977111816,-0.0036208250138126986,0.011017387781404615
2019-03-15,1.9677000045776367,-0.008703183571227657,0.01095928777806331
2019-03-18,1.968999981880188,0.0006604401423908956,0.01051586160544457
2019-03-19,1.990399956703186,0.010809811355459564,0.01064091873989785
2019-03-20,2.0081000328063965,0.00885341591340755,0.010648691709660561
2019-03-21,1.9871000051498413,-0.010512725702039849,0.010823314785160618
2019-03-22,1.96589994430542,-0.010726164620168819,0.010963286277303747
2019-03-25,1.9803999662399292,0.007348700056932545,0.011008685426341402
2019-03-26,1.98989999294281,0.004785555212944181,0.010867502459458465
2019-03-27,1.9805999994277954,-0.004684553854817555,0.010862021589466194
2019-03-28,1.972000002861023,-0.004351571184893893,0.0105181952579606
2019-03-29,1.9733999967575073,0.0007096841665630498,0.010063564798741905
2019-04-01,1.9881000518798828,0.007421493077531703,0.009074594908127589
2019-04-02,2.0088999271392822,0.010407837441642568,0.008981637515654542
2019-04-03,2.0067999362945557,-0.001045890433833475,0.008713063450728347
2019-04-04,2.013400077819824,0.0032834920809653154,0.008570960919633297
2019-04-05,2.0423998832702637,0.014300655827779627,0.008966582463260372
2019-04-08,2.0571000576019287,0.007171722185896391,0.007268973655824454
2019-04-09,2.0448999404907227,-0.005948392535494675,0.007098383519392962
2019-04-10,2.087599992752075,0.02066621787291034,0.00774463004032911
2019-04-11,2.067199945449829,-0.009820069097516437,0.00799598115614836
2019-04-12,2.07069993019104,0.0016916724333953526,0.007674649437226823
2019-04-15,2.061000108718872,-0.004695325992241636,0.0076740354740576664
2019-04-16,2.082200050354004,0.010233696582727658,0.007866593901951255
2019-04-17,2.069200038909912,-0.006262973290043455,0.007977899138399983
2019-04-18,2.0708999633789062,0.0008211997601921663,0.007962781521781086
2019-04-22,2.1040000915527344,0.01585706067737828,0.008283679167842242
2019-04-23,2.118000030517578,0.006631923198772245,0.008286172643948894
2019-04-24,2.0987000465393066,-0.009154133991351364,0.008459890150368984
2019-04-25,2.098099946975708,-0.00028597958855118577,0.008464466949354677
2019-04-26,2.0511999130249023,-0.02260720266583252,0.0095219319014136
2019-04-29,2.0548999309539795,0.0018022060208582626,0.009340606385787917
2019-04-30,2.081199884414673,0.012717443533166978,0.00956242314244122
2019-05-01,2.0941998958587646,0.006226974246631785,0.009450256247929993
2019-05-02,2.0778000354766846,-0.007861910414362138,0.009506214896010277
2019-05-03,2.070199966430664,-0.0036644539764427776,0.009296727690570402
2019-05-06,2.0676000118255615,-0.0012566846927987228,0.00902892138706005
2019-05-07,2.037600040435791,-0.014615855531287058,0.009434925573226406
2019-05-08,2.0562000274658203,0.009086967956120589,0.009527467233075593
2019-05-09,2.043600082397461,-0.006146633689778915,0.009561715684697214
2019-05-10,2.0504000186920166,0.003321906389737615,0.009514930589176858
2019-05-13,2.0383999347686768,-0.005869750789533541,0.009604401381013773
2019-05-14,2.0589001178741455,0.010006762457121033,0.009674601967924445
2019-05-15,2.0862998962402344,0.013220195568233596,0.009780286047343227
2019-05-16,2.123199939727783,0.017532243788540125,0.010208049139913668
2019-05-17,2.0954999923706055,-0.013132171466221356,0.010563956535195249
2019-05-20,2.0736000537872314,-0.010505931627265748,0.010484419652767075
2019-05-21,2.079400062561035,0.0027931675329552624,0.010418688788882883
2019-05-22,2.049099922180176,-0.014678786264745669,0.010718565017159766
2019-05-23,1.962399959564209,-0.04323244102621851,0.0126577384420255
2019-05-24,1.9713000059127808,0.0045250332323594185,0.012625455075615386
2019-05-28,1.9924999475479126,0.010696878768243993,0.012811682776633776
2019-05-29,1.9674999713897705,-0.012626418589462689,0.012965426453499207
2019-05-30,1.9149999618530273,-0.02704608405548948,0.013569761906430245
2019-05-31,1.8417999744415283,-0.038974262284287964,0.015087754961590661
2019-06-03,1.80649995803833,-0.019352092050832784,0.015318755584391197
2019-06-04,1.8214999437332153,0.008269058198725993,0.0150300597890525
2019-06-05,1.7799999713897705,-0.023046958345293272,0.015226704572035671
2019-06-06,1.7883000373840332,0.004652120585810617,0.015329975625248024
2019-06-07,1.8248000144958496,0.02020493111520127,0.016004352446487208
2019-06-10,1.8063000440597534,-0.010189821383200678,0.015681286362811485
2019-06-11,1.822100043296814,0.00870912728709389,0.01582309024196633
2019-06-12,1.7798999547958374,-0.023432548282190088,0.015881841072753415
2019-06-13,1.8065999746322632,0.014889454138358967,0.016173079256392737
2019-06-14,1.8293999433517456,0.01254140158273864,0.016471527638638912
2019-06-17,1.7994999885559082,-0.016479171097290683,0.01662145859927146
2019-06-18,1.8278000354766846,0.01560423508811119,0.01702115529525949
2019-06-19,1.8293999433517456,0.0008749360091795044,0.016926132117273306
2019-06-20,1.8842999935150146,0.029568382430075365,0.017843408861770292
2019-06-21,1.9157999753952026,0.01657888141884209,0.018180475119630946
2019-06-24,1.9089000225067139,-0.003608105408432159,0.01815252253830871
2019-06-25,1.9234000444412231,0.00756730468666916,0.01822915124342187
2019-06-26,1.9713000059127808,0.024598750187428693,0.01874613843794907
2019-06-27,1.9524999856948853,-0.009582631184086313,0.018592488874182224
2019-06-28,1.944599986076355,-0.004054302171879989,0.018216019722098197
2019-07-01,1.9537999629974365,0.004719882064676861,0.01816272523477431
2019-07-02,1.886299967765808,-0.03515895401697775,0.019079775985948334
2019-07-03,1.8986999988555908,0.006552219583539422,0.019132461012353663
2019-07-05,1.9049999713897705,0.0033125526956716673,0.019036477670847957
2019-07-08,1.895300030708313,-0.005104840007704221,0.017422877159213788
2019-07-09,1.910599946975708,0.00804014754861244,0.017474170052164673
2019-07-10,1.9910000562667847,0.041219752241544456,0.01900297973465813
2019-07-11,1.978600025177002,-0.006247516710983826,0.0188924842203098
2019-07-12,1.9801000356674194,0.0007578298629102325,0.018178938033859653
2019-07-15,1.9515999555587769,-0.014497840306691628,0.016815853423705292
2019-07-16,1.9048999547958374,-0.02422003615580832,0.017050153124013746
2019-07-17,1.8926000595092773,-0.00647791349692031,0.0170688306593219
2019-07-18,1.8624999523162842,-0.016031930865547682,0.016769550572917808
2019-07-19,1.8896000385284424,0.014445541181113014,0.016927401904836468
2019-07-22,1.8995000123977661,0.005225513321705609,0.01658435339824091
2019-07-23,1.9217000007629395,0.011619511180856244,0.016539581678428034
2019-07-24,1.9086999893188477,-0.00678783489558275,0.016566872972545776
2019-07-25,1.9142999649047852,0.002929625769415022,0.015881137832783207
2019-07-26,1.9043999910354614,-0.005185008596139829,0.01576036326230056
2019-07-29,1.910599946975708,0.0032503074701298123,0.01563190598167473
2019-07-30,1.944000005722046,0.01733040788060737,0.015513205380809941
2019-07-31,1.9550000429153442,0.005642506407225112,0.015330227140653596
2019-08-01,1.8529000282287598,-0.05363822084777255,0.018417754197376922
2019-08-02,1.8902000188827515,0.019930659027496158,0.017970515322725752
2019-08-05,1.8356000185012817,-0.02931123995094724,0.018466092133561287
2019-08-06,1.8240000009536743,-0.006339521442700653,0.018483949758347756
2019-08-07,1.7532000541687012,-0.03958917171542479,0.01965295719113325
2019-08-08,1.7766000032424927,0.013258706719012182,0.01920603919798962
2019-08-09,1.8079999685287476,0.017519817384743668,0.01954289201860741
2019-08-12,1.805799961090088,-0.0012175592192649317,0.019542290210983287
2019-08-13,1.8773000240325928,0.03883090180580519,0.020918815996427653
2019-08-14,1.8437000513076782,-0.018060137227003205,0.02018544212173899
2019-08-15,1.8107000589370728,-0.018060906529065793,0.020377217867289507
2019-08-16,1.8128000497817993,0.0011590953590895454,0.020363170100476155
2019-08-19,1.8330999612808228,0.011135862868062897,0.020483779078770033
2019-08-20,1.8543000221252441,0.011498776662115797,0.020546703818291604
2019-08-21,1.857300043106079,0.0016165651371025823,0.018951062361691202
2019-08-22,1.8413000106811523,-0.00865199372824772,0.018973329854125125
2019-08-23,1.815600037574768,-0.01405583739622968,0.019080847274596184
2019-08-26,1.7924000024795532,-0.012860506982461918,0.01904881783113596
2019-08-27,1.8158999681472778,0.013025689729381451,0.01881944693526489
2019-08-28,1.8509999513626099,0.01914481227247947,0.01916838797215255
2019-08-29,1.8639999628067017,0.006998688994830578,0.01899527067014855
2019-08-30,1.8281999826431274,-0.019392829566299917,0.019113856111438232
2019-09-03,1.8033000230789185,-0.013713534214366161,0.01921021295706349
2019-09-04,1.8802000284194946,0.041759836748210745,0.020665610889968978
2019-09-05,1.8884999752044678,0.004404680763166885,0.020653460808958978
2019-09-06,1.9003000259399414,0.006228932054995525,0.020680318898016324
2019-09-09,1.9277000427246094,0.014315822489304004,0.020825644978061855
2019-09-10,1.9312000274658203,0.0018139809983579993,0.02082052938719784
2019-09-11,1.9032000303268433,-0.014604889642012172,0.020739048138074288
2019-09-12,1.88510000705719,-0.009555822306871657,0.02076421006646079
2019-09-13,1.8777999877929688,-0.0038800012927971356,0.018269688576172113
2019-09-16,2.0838000774383545,0.10409231481643028,0.02613403067033769
2019-09-17,1.9895999431610107,-0.046259602219022485,0.027030023269385844
2019-09-18,1.9732999801635742,-0.008226326798178543,0.027053931136852304
2019-09-19,2.0048999786376953,0.015886915407119104,0.025942291460846794
2019-09-20,1.986299991607666,-0.009320566156285464,0.026006029660799585
2019-09-23,1.996999979019165,0.00537243653583741,0.025877995053446526
2019-09-24,1.9675999879837036,-0.014831524095536655,0.026078792799113563
2019-09-25,1.9538999795913696,-0.006987155038710413,0.02522732295727295
2019-09-26,1.9551000595092773,0.0006140086690236213,0.024961288980160846
2019-09-27,1.94159996509552,-0.0069290160091970395,0.024735189586811104
2019-09-30,1.9055999517440796,-0.018715463157398648,0.025031909527962113
2019-10-01,1.8984999656677246,-0.003732811689857927,0.024985059468671956
2019-10-02,1.8730000257492065,-0.013522645396298862,0.025045881867536705
2019-10-03,1.8760000467300415,0.001600438283910744,0.02504585357403288
2019-10-04,1.8945000171661377,0.009813085044120718,0.025044299196006512
2019-10-07,1.9033000469207764,0.004634285826372182,0.024890149395466916
2019-10-08,1.910099983215332,0.0035663415576987724,0.024741935298179786
2019-10-09,1.9192999601364136,0.004804927538210074,0.02466238209099557
2019-10-10,1.920799970626831,0.000781235172914281,0.02444515529816891
2019-10-11,1.9575999975204468,0.01897748124694308,0.024639625184035785
2019-10-14,1.9150999784469604,-0.021949402543582196,0.024719146461695523
2019-10-15,1.909999966621399,-0.0026666047532825084,0.024565768162843855
2019-10-16,1.9426000118255615,0.01692406349075401,0.023575257499719258
2019-10-17,1.948099970817566,0.0028272355514897983,0.023569364103235985
2019-10-18,1.947100043296814,-0.0005134152490723859,0.0235502748326482
2019-10-21,1.940600037574768,-0.0033438854044915765,0.023421427292230703
2019-10-22,1.9436999559402466,0.00159612750239308,0.02342095055076084
2019-10-23,1.9643000364303589,0.01054261583041944,0.023322058875949472
2019-10-24,1.986299991607666,0.011137641087340902,0.02330347064675174
2019-10-25,1.979599952697754,-0.003378827190920913,0.023299479857829146
2019-10-28,1.9617999792099,-0.009032371650126533,0.013079413433042949
2019-10-29,1.9563000202178955,-0.002807464130725102,0.01007013706076986
2019-10-30,1.913599967956543,-0.022068676390833635,0.010728970052209649
2019-10-31,1.878000020980835,-0.018778876071083105,0.010711595702982368
2019-11-01,1.9330999851226807,0.028917532291440392,0.0120268477252503
2019-11-04,1.940500020980835,0.0038207583894857293,0.012002231663557957
2019-11-05,1.9565999507904053,0.008262565251725763,0.011820873717988185
2019-11-06,1.9278000593185425,-0.014828760752825364,0.012060694086924827
2019-11-07,1.920300006866455,-0.0038980597281507785,0.012075115432587599
2019-11-08,1.9180999994277954,-0.0011463149624633979,0.012016591818842147
2019-11-11,1.914199948310852,-0.0020353586705209653,0.011515652014244324
2019-11-12,1.8976000547409058,-0.008709795107955077,0.01160899177479793
2019-11-13,1.912500023841858,0.007821340516173902,0.011404918118754876
2019-11-14,1.9178999662399292,0.0028195206711459403,0.011410423513871188
2019-11-15,1.9479999542236328,0.015572361865150817,0.011615017422739933
2019-11-18,1.9047000408172607,-0.022478644429046277,0.012348385167976593
2019-11-19,1.8573999404907227,-0.02514690897138544,0.013151071707297698
2019-11-20,1.8920999765396118,0.018509682635701588,0.013588017467622653
2019-11-21,1.944700002670288,0.027420413945358928,0.014512010107078671
2019-11-22,1.9293999671936035,-0.00789866815091299,0.014151493059301109
2019-11-25,1.9443000555038452,0.007692986915700769,0.013626127374814067
2019-11-26,1.9606000185012817,0.008348514615431525,0.01368601015746622
2019-11-27,1.9464999437332153,-0.007217699120301518,0.013416698243002118
2019-11-29,1.8789000511169434,-0.0353463327386067,0.014876649002658266
2019-12-02,1.8860000371932983,0.003771677508875185,0.014904070243000667
2019-12-03,1.8798999786376953,-0.003239631357750261,0.01490353216484308
2019-12-04,1.9228999614715576,0.022615870563524754,0.015514261649645162
2019-12-05,1.9329999685287476,0.005238740807381765,0.015415657977136258
2019-12-06,1.9521000385284424,0.0098325519786787,0.015383388389424038
2019-12-09,1.944200038909912,-0.00405513450567205,0.015388127801968713
2019-12-10,1.965499997138977,0.010896063005997785,0.01544167561024011
2019-12-11,1.9287999868392944,-0.01884862336259371,0.015817647850308002
2019-12-12,1.9507999420166016,0.011341474069314504,0.015415697803937022
2019-12-13,1.9864000082015991,0.01808444420981789,0.01528291432783909
2019-12-16,2.004499912261963,0.009070649989193044,0.014480223088682883
2019-12-17,2.033400058746338,0.014314688419728692,0.014670984988416107
2019-12-18,2.0202999114990234,-0.0064633263181175715,0.014685298164881982
2019-12-19,2.0295000076293945,0.0045434896245638194,0.014385034104894768
2019-12-20,2.0218000411987305,-0.003801236940990547,0.014383742446346407
2019-12-23,2.022200107574463,0.00019785675683471374,0.01437660772443449
2019-12-24,2.03629994392395,0.0069483271642175794,0.014388347638875972
2019-12-26,2.0520999431610107,0.0077292233304931375,0.014276599456259522
2019-12-27,2.0495998859405518,-0.0012190348559009722,0.01425818671082701
2019-12-30,2.040600061416626,-0.004400684154313217,0.01431009363037462
2019-12-31,2.0283000469207764,-0.00604588544074427,0.014149978545617658
2020-01-02,2.0241000652313232,-0.0020728373689858537,0.013437735807393016
2020-01-03,2.0613999366760254,0.018260143354964165,0.012729174324421041
2020-01-06,2.033900022506714,-0.013430189626533902,0.012763867377920462
2020-01-07,2.032399892807007,-0.0007378352797409704,0.011864858444990172
2020-01-08,1.9581999778747559,-0.03719163535629583,0.013722417267281769
2020-01-09,1.9500999450683594,-0.004145047495637452,0.013678398159913287
2020-01-10,1.9284000396728516,-0.011189961021163241,0.013737101750015291
2020-01-13,1.8980000019073486,-0.015889962929605286,0.01397145569739579
2020-01-14,1.9103000164031982,0.006459605181520585,0.012408665821084248
2020-01-15,1.8779000043869019,-0.017106172806090704,0.01280114363403165
2020-01-16,1.8600000143051147,-0.009577638152059767,0.012905875949804291
2020-01-17,1.8592000007629395,-0.0004302073302176676,0.012155515655150691
2020-01-21,1.829200029373169,-0.016267559226119267,0.012399126043986084
2020-01-22,1.8001999855041504,-0.015980967071202064,0.012456722650276392
2020-01-23,1.791599988937378,-0.00478869261220131,0.012460193385348964
2020-01-24,1.7339999675750732,-0.03267820951743788,0.013327223349503748
2020-01-27,1.6794999837875366,-0.03193473924179198,0.014020125757374323
2020-01-28,1.71589994430542,0.02144157143443569,0.014528517662812115
2020-01-29,1.7035000324249268,-0.007252714698315244,0.013906947392189192
2020-01-30,1.6396000385284424,-0.038232644006452834,0.014889310421647975
2020-01-31,1.624500036239624,-0.009252234711540413,0.014354537328366581
2020-02-03,1.5779000520706177,-0.029105216375755295,0.014884489190326259
2020-02-04,1.583899974822998,0.003795262131228492,0.014862944249454826
2020-02-05,1.645400047302246,0.03809340031020474,0.01709691989669651
2020-02-06,1.6654000282287598,0.012081807268852907,0.017401217456528815
2020-02-07,1.6433000564575195,-0.01335890220842772,0.017255583791583113
2020-02-10,1.6124999523162842,-0.018920709444798612,0.017148954256981364
2020-02-11,1.6267000436782837,0.008767709524630556,0.01738120275297919
2020-02-12,1.6756999492645264,0.02967750850623506,0.01867025019042686
2020-02-13,1.6805000305175781,0.002860428195484401,0.018749465774770387
2020-02-14,1.698199987411499,0.010477472827433013,0.018984883663252235
2020-02-18,1.6723999977111816,-0.015309140038586749,0.018497749583757803
2020-02-19,1.7067999839782715,0.020360543813019764,0.019109536588631963
2020-02-20,1.69760000705719,-0.005404769909970801,0.01908551232114839
2020-02-21,1.6865999698638916,-0.006500842744298967,0.018155825117590292
2020-02-24,1.6131999492645264,-0.04449489772357113,0.019534306324334207
2020-02-25,1.56850004196167,-0.028099977165535035,0.019919783290015952
2020-02-26,1.499400019645691,-0.04505473421214086,0.02105377438954232
2020-02-27,1.4891999959945679,-0.00682598086242156,0.020881250949091063
2020-02-28,1.4905999898910522,0.0009396563568874681,0.02087876801428427
2020-03-02,1.5286999940872192,0.025238980473343813,0.02172139652678985
2020-03-03,1.5329999923706055,0.002808897755900595,0.021760821045050328
2020-03-04,1.5332000255584717,0.0001304762813777549,0.021711102566233625
2020-03-05,1.4884999990463257,-0.029588170361281727,0.02206850841270848
2020-03-06,1.385200023651123,-0.07192435021271193,0.02510153985881349
2020-03-09,1.1628999710083008,-0.174927690233945,0.03925607784773982
2020-03-10,1.249899983406067,0.07214667445148802,0.042053536878344615
2020-03-11,1.2380000352859497,-0.00956633207304379,0.041636980690393066
2020-03-12,1.1598000526428223,-0.0652495809150153,0.04279305576676209
2020-03-13,1.1374000310897827,-0.019502638625129316,0.04254534350238098
2020-03-16,1.0465999841690063,-0.08319818339478835,0.04446785355418765
2020-03-17,1.0356999635696411,-0.01046930839178294,0.04438912913750786
2020-03-18,0.954200029373169,-0.0819594465551698,0.04593560650304807
2020-03-19,1.041700005531311,0.08773595443525374,0.04879013005686778
2020-03-20,1.0062999725341797,-0.03457378865487352,0.048632613633427975
2020-03-23,1.0161000490188599,0.009691607088577456,0.048870245234137716
2020-03-24,1.080299973487854,0.06126693804747714,0.050858819569616597
2020-03-25,1.0978000164031982,0.016069436276198126,0.05098563765514402
2020-03-26,1.0503000020980835,-0.04423235243133721,0.05063136989920177
2020-03-27,1.06850004196167,0.017179995404435475,0.05087802589553823
2020-03-30,1.0194000005722046,-0.04704161556351271,0.05096484279034266
2020-03-31,1.0120999813079834,-0.007186857740948296,0.05099576471782761
2020-04-01,0.9322999715805054,-0.08212801990686841,0.051850336372972164
2020-04-02,0.9951000213623047,0.06518863526917186,0.05409616289109
2020-04-03,1.0706000328063965,0.07313129251366941,0.0565671954432133
2020-04-06,1.045699954032898,-0.023532795955950758,0.056321146640739006
2020-04-07,1.027500033378601,-0.017557773790684655,0.056265911275235156
2020-04-08,1.010699987411499,-0.016485552230258875,0.05596489110753943
2020-04-09,0.972599983215332,-0.03842554591322564,0.05613891089929007
2020-04-13,0.9945999979972839,0.022367763554887645,0.05647350905476511
2020-04-14,0.9441999793052673,-0.05200265807260535,0.05640782041559988
2020-04-15,0.9138000011444092,-0.03272625581290945,0.05637099346863158
2020-04-16,0.9463000297546387,0.0349479445757876,0.05709484327878942
2020-04-17,0.9563000202178955,0.010512017539967113,0.0572370403311438
2020-04-20,0.8877999782562256,-0.07432522458910261,0.057321357071089735
2020-04-21,0.7268999814987183,-0.19995757686990326,0.05985803471157004
2020-04-22,0.7311000227928162,0.005761389437045338,0.05768766690652924
2020-04-23,0.734499990940094,0.0046397028038101095,0.05781638858008461
2020-04-24,0.6467000246047974,-0.12730743677989728,0.0606290985049304
2020-04-27,0.6104000210762024,-0.05776803200048449,0.061030975243069364
2020-04-28,0.6308000087738037,0.032874354499137164,0.06061308480808764
2020-04-29,0.6945000290870667,0.09620333507852946,0.06403427427687232
2020-04-30,0.7318999767303467,0.052451656737270626,0.06376788441609514
2020-05-01,0.7961000204086304,0.08408097091660072,0.06358022051715309
2020-05-04,0.8030999898910522,0.008754394876713546,0.06347040815170327
2020-05-05,0.8960000276565552,0.10946121723461312,0.06692315827878884
2020-05-06,0.8240000009536743,-0.08376991277477756,0.06726911691474362
2020-05-07,0.8371000289916992,0.01577304123266222,0.06726532548369808
2020-05-08,0.8992999792098999,0.07167308750287187,0.0684915740786788
2020-05-11,0.8687000274658203,-0.03461878691935082,0.06856148819613672
2020-05-12,0.8384000062942505,-0.035502551808793824,0.06836060086529949
2020-05-13,0.8313999772071838,-0.008384321670678424,0.06836135579367435
2020-05-14,0.8948000073432922,0.07348923841904968,0.06833330407457397
2020-05-15,0.9204000234603882,0.02820814582794599,0.06741869047896393
2020-05-18,1.0063999891281128,0.08932649149287626,0.06810733439638683
2020-05-19,0.9735999703407288,-0.03313436393361728,0.06823415508577568
2020-05-20,0.9905999898910522,0.017310298739454614,0.0682636901817301
2020-05-21,0.9890000224113464,-0.0016164556659386178,0.06820297656238149
2020-05-22,0.9819999933242798,-0.007103052726944883,0.06784472219224974
2020-05-26,0.9908000230789185,0.008921419352040086,0.06773837953407778
2020-05-27,0.972100019454956,-0.019054021068069225,0.06713269266313694
2020-05-28,0.925599992275238,-0.04901653230656483,0.06747963850833351
2020-05-29,0.9646999835968018,0.04137498763930257,0.06760310215483832
2020-06-01,1.0290000438690186,0.06452562329363096,0.06858713646693275
2020-06-02,1.0921000242233276,0.059514970917465916,0.06776953213730806
2020-06-03,1.0645999908447266,-0.025503337245259588,0.055842365563737555
2020-06-04,1.0741000175476074,0.008883984802108396,0.05583185929878389
2020-06-05,1.1505999565124512,0.06880038969261754,0.0567292386264619
2020-06-08,1.1212999820709229,-0.02579479715636237,0.05065266943927313
2020-06-09,1.1547000408172607,0.029351894829321185,0.048594022016368726
2020-06-10,1.1729999780654907,0.015723945647368138,0.048553410371877714
2020-06-11,1.0880000591278076,-0.07522334819268098,0.04943783797644623
2020-06-12,1.1014000177383423,0.012240911172351253,0.048928888140695646
2020-06-15,1.1369999647140503,0.03181106978263,0.04723472854906385
2020-06-16,1.1821999549865723,0.03898388759800593,0.047487497738706676
2020-06-17,1.1820000410079956,-0.00016911765450623536,0.04388086604605043
2020-06-18,1.1986000537872314,0.013946300239352364,0.0402126072250899
2020-06-19,1.211400032043457,0.010622488099306332,0.04020910772411701
2020-06-22,1.2186000347137451,0.0059259453025353095,0.03862300222555923
2020-06-23,1.2029999494552612,-0.012884292341871263,0.03795273613213535
2020-06-24,1.1507999897003174,-0.04436105123172819,0.03835812431815017
2020-06-25,1.1555999517440796,0.004162304106381114,0.03821260418343336
2020-06-26,1.136299967765808,-0.01684230627746878,0.03664355515593261
2020-06-29,1.1654000282287598,0.025287058375066285,0.03659175279090613
2020-06-30,1.1780999898910522,0.010838562740000418,0.033216934733768605
2020-07-01,1.1995999813079834,0.01808518962162722,0.03248417793170535
2020-07-02,1.2310999631881714,0.025919896459014696,0.03261655152814062
2020-07-06,1.2417000532150269,0.008573402527390651,0.032574117085660666
2020-07-07,1.243299961090088,0.001287652383832139,0.03247954007151907
2020-07-08,1.2344000339508057,-0.007184054110373017,0.03259436634591897
2020-07-09,1.2238999605178833,-0.00854260042381844,0.032356622417999796
2020-07-10,1.2411999702453613,0.014036180472722344,0.030544043089024222
2020-07-13,1.2235000133514404,-0.014363014806524115,0.030249692054407435
2020-07-14,1.2208000421524048,-0.002209198736521763,0.02833692860341158
2020-07-15,1.2447999715805054,0.01946843553485417,0.026604581473457525
2020-07-16,1.2279000282287598,-0.013669435437627784,0.02623161122228191
2020-07-17,1.219099998474121,-0.007192535836471499,0.026308491916745242
2020-07-20,1.2354999780654907,0.013362848355659186,0.023402473025938543
2020-07-21,1.2799999713897705,0.03538432688680485,0.02352852089886985
2020-07-22,1.2706999778747559,-0.007292143263287325,0.023137076073816213
2020-07-23,1.25409996509552,-0.013149756300923932,0.02319821270270143
2020-07-24,1.2562999725341797,0.0017527151501929535,0.018013873359654126
2020-07-27,1.25409996509552,-0.0017527151501928937,0.017995568416311575
2020-07-28,1.2421000003814697,-0.009614660140444807,0.017393259372056928
2020-07-29,1.2532999515533447,0.008976538104936729,0.016061221946021567
2020-07-30,1.211899995803833,-0.03359066145022951,0.01732261934621694
2020-07-31,1.2171000242233276,0.004281627271034884,0.017159431323708632
2020-08-03,1.2409000396728516,0.019365954968596822,0.017409532668722718
2020-08-04,1.2583999633789062,0.014004088891149678,0.017553394417923886
2020-08-05,1.263100028038025,0.0037279953349629645,0.017358918269123256
2020-08-06,1.249899983406067,-0.010505504157748936,0.015237039069041614
2020-08-07,1.2199000120162964,-0.024294636815044943,0.016012365280503562
2020-08-10,1.236899971961975,0.013839328708060794,0.015758090671449104
2020-08-11,1.2383999824523926,0.0012119829528994353,0.015177197615977444
2020-08-12,1.257200002670288,0.015066818381525881,0.015281141250282454
2020-08-13,1.2381000518798828,-0.015309039717942698,0.015297822743351444
2020-08-14,1.2367000579833984,-0.0011313996958744008,0.014561042007483543
2020-08-17,1.2390999794006348,0.0019387043643980188,0.014478866738024926
2020-08-18,1.2604000568389893,0.01704388298112155,0.014811752463758241
2020-08-19,1.2510000467300415,-0.007485907158050925,0.014817222440502485
2020-08-20,1.2467000484466553,-0.0034431696102173786,0.014739606092969785
2020-08-21,1.2079999446868896,-0.031534045505082355,0.015630053292261893
2020-08-24,1.2475999593734741,0.03225561946414394,0.01653690479553319
2020-08-25,1.26010000705719,0.009969415306242716,0.016613595385133986
2020-08-26,1.2446999549865723,-0.012296587633294017,0.01641066181598601
2020-08-27,1.2107000350952148,-0.02769576714161906,0.017002589864095526
2020-08-28,1.2161999940872192,0.004532505123090409,0.016977479038488112
2020-08-31,1.1960999965667725,-0.016664977639257398,0.01704268619066885
2020-09-01,1.2308000326156616,0.028598129762381633,0.01658078063810787
2020-09-02,1.1885000467300415,-0.03497234382869753,0.017660365146415027
2020-09-03,1.1677000522613525,-0.017656000281279026,0.017775241594984458
2020-09-04,1.1514999866485596,-0.013970618171557049,0.017880694920164916
2020-09-08,1.076799988746643,-0.06707175922619212,0.021371813763648995
2020-09-09,1.1060999631881714,0.026846612187742844,0.02212844096042876
2020-09-10,1.0823999643325806,-0.02165951672304962,0.022222073696160905
2020-09-11,1.0895999670028687,0.006629861207120171,0.021636162532155223
2020-09-14,1.093400001525879,0.0034814827448982526,0.021626671619889522
2020-09-15,1.0993000268936157,0.005381529192692823,0.021262849522559385
2020-09-16,1.1162999868392944,0.015345995181981228,0.02130348739832101
2020-09-17,1.1598000526428223,0.03822798860079961,0.022624913071633213
2020-09-18,1.159000039100647,-0.0006900237556196618,0.022581228467024636
2020-09-21,1.107300043106079,-0.04563293944322913,0.02360376329120336
2020-09-22,1.0960999727249146,-0.010166258295138482,0.023411330588523592
2020-09-23,1.1074999570846558,0.010346783831622457,0.0235408837942256
2020-09-24,1.1167000532150269,0.008272770936027256,0.023386051220641076
2020-09-25,1.1261999607086182,0.008471143826488425,0.023390785003425726
2020-09-28,1.1395000219345093,0.011740490002919868,0.023546770317388194
2020-09-29,1.1089999675750732,-0.02713090982259862,0.02394288046935322
2020-09-30,1.145400047302246,0.03229528314495396,0.024552623172244038
2020-10-01,1.125,-0.01797092661881384,0.024690135970105026
2020-10-02,1.0850000381469727,-0.03620301350546102,0.025400012190349333
2020-10-05,1.1332999467849731,0.043553661650025666,0.026339728256970413
2020-10-06,1.188599944114685,0.04764241313170954,0.027169086377626103
2020-10-07,1.1607999801635742,-0.023666691433398484,0.02736786045939484
2020-10-08,1.1922999620437622,0.026774777496220335,0.027823082463189933
2020-10-09,1.1933000087738037,0.0008384027505483282,0.027378520800755247
2020-10-12,1.157099962234497,-0.030805743483936755,0.027910348072660483
2020-10-13,1.1690000295639038,0.010231865517749215,0.027843662443993028
2020-10-14,1.1924999952316284,0.019903232001884562,0.027571410606169664
2020-10-15,1.1886999607086182,-0.003191699831361101,0.026823645347792757
2020-10-16,1.1791000366210938,-0.008108773291359615,0.02666303332147959
2020-10-19,1.1581000089645386,-0.017970727710079824,0.026746852473876318
2020-10-20,1.1734999418258667,0.013209947786830148,0.023618289105878668
2020-10-21,1.1398999691009521,-0.02905017458196457,0.023864828631318183
2020-10-22,1.1606999635696411,0.018082727852108117,0.023665647631007924
2020-10-23,1.1512999534606934,-0.008131541731683291,0.023726500966003934
2020-10-26,1.1217999458312988,-0.025957208469423253,0.02425889643967384
2020-10-27,1.1576999425888062,0.03150073883401829,0.024887520976049862
2020-10-28,1.1141999959945679,-0.03829857362912657,0.025786085554580188
2020-10-29,1.0884000062942505,-0.023427921299698246,0.025076281965564273
2020-10-30,1.0813000202178955,-0.006544694042863478,0.025087565243188007
2020-11-02,1.1123000383377075,0.02826593841578165,0.024303135183256313
2020-11-03,1.1270999908447266,0.013217976060134693,0.02433582581073822
2020-11-04,1.1734999418258667,0.04034273259271662,0.025331904908874506
2020-11-05,1.169600009918213,-0.0033288682423731827,0.02532028212588519
2020-11-06,1.1426000595092773,-0.02335539910282118,0.025684114040349076
2020-11-09,1.2166999578475952,0.06283582177584275,0.028042312792958275
2020-11-10,1.252500057220459,0.028999358495476198,0.02789099780035523
2020-11-11,1.2458000183105469,-0.005363691126148776,0.02741968366302536
2020-11-12,1.233299970626831,-0.010084428762651743,0.02725095620387721
2020-11-13,1.204200029373169,-0.02387800933260049,0.026726418320787898
2020-11-16,1.2288999557495117,0.020303953859726685,0.025846773538313293
2020-11-17,1.2390999794006348,0.008265868715647988,0.024447729314215915
2020-11-18,1.2640000581741333,0.019896048732651734,0.024200808819192808
2020-11-19,1.2706999778747559,0.005286570567992276,0.02378232883098592
2020-11-20,1.2862999439239502,0.012201924191189702,0.023851560150448124
2020-11-23,1.3105000257492065,0.018638926922021043,0.023169208812017995
2020-11-24,1.3595000505447388,0.036708258839598114,0.02390156077422414
2020-11-25,1.3866000175476074,0.01973769791208035,0.02389802820034668
2020-11-27,1.3804999589920044,-0.004408997498490415,0.023913491968909132
2020-11-30,1.3559000492095947,-0.017980245903831703,0.024166469089068006
2020-12-01,1.3473000526428223,-0.006362847926570749,0.02388294520146437
2020-12-02,1.3661999702453613,0.013930512683995078,0.023891801421596973
2020-12-03,1.3933000564575195,0.019641933121640434,0.02313605790740432
2020-12-04,1.402999997138977,0.006937724422977483,0.023036096501470312
2020-12-07,1.3991999626159668,-0.002712181076999283,0.022939912924999792
2020-12-08,1.4067000150680542,0.005345928489039682,0.022109545879394902
2020-12-09,1.398900032043457,-0.005560310086717384,0.021757378841363844
2020-12-10,1.4357000589370728,0.02596633979618747,0.020330979647311884
2020-12-11,1.436900019645691,0.0008354527226817354,0.019484072424385886
2020-12-14,1.4543999433517456,0.012105376566208597,0.019258659185308395
2020-12-15,1.464400053024292,0.00685223298132229,0.01894808181170017
2020-12-16,1.4779000282287598,0.009176541866149295,0.01893264931762951
2020-12-17,1.4952000379562378,0.011637822205629332,0.017997989278487652
2020-12-18,1.5130000114440918,0.011834439825452537,0.017879194591271415
2020-12-21,1.4773999452590942,-0.023810693309750577,0.017907409134541624
2020-12-22,1.4615999460220337,-0.010752059909388063,0.015025310439807005
2020-12-23,1.497499942779541,0.024265323645888074,0.014799828632174581
2020-12-24,1.4900000095367432,-0.005020886438943015,0.014790917730664635
2020-12-28,1.4789999723434448,-0.0074099613287003825,0.014698609570740286
2020-12-29,1.486799955368042,0.005259964392989354,0.013571937104223197
2020-12-30,1.489799976348877,0.0020157374625153594,0.013364149481176835
2020-12-31,1.4763000011444092,-0.009102908551578297,0.013654381750416174
2021-01-04,1.4620000123977661,-0.009733588525501668,0.013674076745054168
2021-01-05,1.5189000368118286,0.038181043090092265,0.014967871115565466
2021-01-06,1.5286999940872192,0.00643128425931922,0.01492172856953672
2021-01-07,1.538100004196167,0.006130194046774866,0.01472273555203143
2021-01-08,1.5794999599456787,0.026560424697364134,0.014079667761903735
2021-01-11,1.5735000371932983,-0.0038058547415127605,0.013884657034438464
2021-01-12,1.5966999530792236,0.014636508817795657,0.013912130238884653
2021-01-13,1.5988999605178833,0.0013768981385135837,0.013249898790671502
2021-01-14,1.6194000244140625,0.012739857229931673,0.013118754465747395
2021-01-15,1.592900037765503,-0.016499447318767797,0.013660205688127395
2021-01-19,1.5987000465393066,0.0036345500723261215,0.013383123891466613
2021-01-20,1.6003999710083008,0.0010627517862317232,0.01339047415492254
2021-01-21,1.600600004196167,0.00012498168677036917,0.013348552077525175
2021-01-22,1.5759999752044678,-0.015488585869948472,0.013835193818743088
2021-01-25,1.5938999652862549,0.011293845661264705,0.01378459818230711
2021-01-26,1.5983999967575073,0.002819305519819058,0.01316690327078614
2021-01-27,1.6088999509811401,0.006547558323973188,0.013167171820555837
2021-01-28,1.601699948310852,-0.004485152286855063,0.013153353941234838
2021-01-29,1.6003999710083008,-0.0008119530350240382,0.013154717363539377
2021-02-01,1.6469000577926636,0.02864118810415227,0.013929118249810624
2021-02-02,1.6746000051498413,0.01667956587364915,0.014059135270192471
2021-02-03,1.690500020980835,0.00945002171336586,0.014018695969854987
2021-02-04,1.7005000114440918,0.005897976618125518,0.013022398161456877
2021-02-05,1.7137000560760498,0.007732476211922672,0.012699970980972378
2021-02-08,1.7477999925613403,0.019703041548418676,0.012490681164323501
2021-02-09,1.756700038909912,0.005079221231341115,0.012342264185114853
2021-02-10,1.7610000371932983,0.002444779447989695,0.012116198758840844
2021-02-11,1.7446000576019287,-0.009356514600374188,0.012429213798069315
2021-02-12,1.771399974822998,0.0152448441460422,0.012541740199028269
2021-02-16,1.8143999576568604,0.023984631033734768,0.01264307940347719
2021-02-17,1.8377000093460083,0.012759983590923833,0.012286170965520617
2021-02-18,1.836400032043457,-0.0007076439629595231,0.010927338234199885
2021-02-19,1.8229000568389893,-0.007378480104722677,0.011210028015058503
2021-02-22,1.8586000204086304,0.01939485638447982,0.011479133751601697
2021-02-23,1.8680000305175781,0.005044829021935327,0.010823665249689878
2021-02-24,1.9083000421524048,0.021344459316029116,0.011042450654200217
2021-02-25,1.906599998474121,-0.0008912651826865798,0.011008403645319239
2021-02-26,1.8565000295639038,-0.026628539717491555,0.012493559476008899
2021-03-01,1.819200038909912,-0.02029614515692658,0.013220700021712297
2021-03-02,1.8080999851226807,-0.0061203034557881075,0.012798106539899675
2021-03-03,1.8357000350952148,0.015149337325811647,0.012951567669976573
2021-03-04,1.8960000276565552,0.03232051914698866,0.013880533359969957
2021-03-05,1.944000005722046,0.0250012905620659,0.0142765032286557
2021-03-08,1.9084999561309814,-0.01843013876466393,0.014441725422391366
2021-03-09,1.9072999954223633,-0.0006289432168399383,0.01446589624585702
2021-03-10,1.9172999858856201,0.00522931198043415,0.014454405808942397
2021-03-11,1.9594000577926636,0.021720394442869415,0.014734648171633821
2021-03-12,1.9674999713897705,0.004125353344521965,0.014595088310322411
2021-03-15,1.9488999843597412,-0.009498583947339548,0.014836641099452534
2021-03-16,1.9327000379562378,-0.008347094172413817,0.014471388418509859
2021-03-17,1.9061000347137451,-0.013858720683442767,0.014717770666482144
2021-03-18,1.7841999530792236,-0.06608917876520207,0.01949546428355476
2021-03-19,1.8222999572753906,0.021129306864830524,0.0198018384393375
2021-03-22,1.829300045967102,0.0038339890789212162,0.01977777584481715
2021-03-23,1.748900055885315,-0.04494635431580267,0.0212681135783733
2021-03-24,1.825600028038025,0.04292166465636666,0.022655436604756222
2021-03-25,1.7477999925613403,-0.0435508655286323,0.024085297366330596
2021-03-26,1.809999942779541,0.03496896370892696,0.02485473038022561
2021-03-29,1.8098000288009644,-0.00011045581543150453,0.024713804356493202
2021-03-30,1.789199948310852,-0.011447794161764016,0.024408161363506455
2021-03-31,1.771299958229065,-0.010054846992689388,0.02433717972052672
2021-04-01,1.8315999507904053,0.033476158239468576,0.025149017418789707
2021-04-05,1.7724000215530396,-0.03285530243023717,0.025824785758811867
2021-04-06,1.794100046157837,0.012168956667206203,0.025661803190984232
2021-04-07,1.8078999519348145,0.0076623949488610595,0.025688125024101484
2021-04-08,1.8098000288009644,0.0010504337291548595,0.025341840965831447
2021-04-09,1.8076000213623047,-0.0012163474757530153,0.02534152329212605
2021-04-12,1.8079999685287476,0.00022123419028233934,0.024903936473704095
2021-04-13,1.8144999742507935,0.0035886889168695556,0.024642307389271492
2021-04-14,1.8899999856948853,0.04076688802251939,0.025710150356461882
2021-04-15,1.898900032043457,0.0046979665212737,0.02558901778273057
2021-04-16,1.8956999778747559,-0.0016866362298780036,0.024903646475840584
2021-04-19,1.8925000429153442,-0.0016894227881004223,0.024452147607786842
2021-04-20,1.8801000118255615,-0.0065737557995423045,0.024253971400461632
2021-04-21,1.853700041770935,-0.014141308919737711,0.024381584309214145
2021-04-22,1.86080002784729,0.0038228534607649576,0.024370642160512202
2021-04-23,1.8734999895095825,0.006801815904748606,0.024041084867340284
2021-04-26,1.878499984741211,0.00266524425679206,0.024030791475910977
2021-04-27,1.9056999683380127,0.014375800628804036,0.024153251197792033
2021-04-28,1.938599944114685,0.0171166557108709,0.024323787010941494
2021-04-29,1.961400032043457,0.011692486064412696,0.024265377439205146
2021-04-30,1.9211000204086304,-0.020760571037447426,0.021159293904392126
2021-05-03,1.9519000053405762,0.01590531063085056,0.02102143737315519
2021-05-04,1.9988000392913818,0.023743760238879134,0.02138303031030676
2021-05-05,2.002500057220459,0.0018494083894900644,0.019381458336727643
2021-05-06,1.9895000457763672,-0.006513054641061401,0.018059804288397173
2021-05-07,2.0106000900268555,0.010549855871469133,0.015828294136704415
2021-05-10,2.0165998935699463,0.0029796424347025225,0.014758024127781485
2021-05-11,2.0416998863220215,0.012369866281915783,0.014825488920513143
2021-05-12,2.069499969482422,0.013524278978382074,0.014626860445209866
2021-05-13,2.0009000301361084,-0.0337099230587101,0.01602856082853033
2021-05-14,2.0362000465393066,0.01748825414533199,0.015264455197344297
2021-05-17,2.0604000091552734,0.01181479460581928,0.013690358211777514
2021-05-18,2.0564000606536865,-0.0019432324584436839,0.013678651251291763
2021-05-19,2.0071001052856445,-0.024265964054383794,0.014636577213482082
2021-05-20,1.964400053024292,-0.02150406446434361,0.015328792167228336
2021-05-21,1.9881999492645264,0.012042799102045912,0.01540198853428883
2021-05-24,2.0420000553131104,0.026700065552574,0.015974964449798044
2021-05-25,2.035399913787842,-0.0032374294108646973,0.01603038138509401
2021-05-26,2.0452001094818115,0.004803320335486629,0.014438549342585894
2021-05-27,2.0564000606536865,0.005461272939485586,0.014442989886073902
2021-05-28,2.0445001125335693,-0.0058035948296375865,0.01450510089614176
2021-06-01,2.071500062942505,0.01311969705565169,0.014608569761653308
2021-06-02,2.107100009918213,0.01703958632736099,0.0147100442472564
2021-06-03,2.1017000675201416,-0.002566026069998727,0.014371134482134887
2021-06-04,2.1198999881744385,0.008622339004041394,0.014393655863441648
2021-06-07,2.115600109100342,-0.0020304004025687794,0.014431956112907792
2021-06-08,2.134999990463257,0.009128130434586436,0.014458768871653278
2021-06-09,2.129499912261963,-0.002579473033837378,0.01438115194972012
2021-06-10,2.143399953842163,0.006506162581999135,0.014168749352585122
2021-06-11,2.120699882507324,-0.010647164301791611,0.014301471125043258
2021-06-14,2.111599922180176,-0.004300250346263397,0.013676306978161966
2021-06-15,2.112299919128418,0.00033144581119303265,0.013469519950853708
2021-06-16,2.1033999919891357,-0.004222283629769056,0.012914362699243202
2021-06-17,2.066800117492676,-0.017553505016741897,0.013383956697549056
2021-06-18,2.0931999683380127,0.012692406111280979,0.013468603105182896
2021-06-21,2.126800060272217,0.015924550597637952,0.01362530310957599
2021-06-22,2.1510000228881836,0.011314329938873479,0.013733195068891396
2021-06-23,2.15939998626709,0.00389753804499715,0.013602288843252866
2021-06-24,2.1623001098632812,0.0013421218349318332,0.013422976556390978
2021-06-25,2.1493000984191895,-0.006030267283871521,0.01177172775129234
2021-06-28,2.1182000637054443,-0.014575552019663113,0.011808684349092618
2021-06-29,2.1219000816345215,0.0017452506975810902,0.011641907615218737
2021-06-30,2.128700017929077,0.003199520978756873,0.011635234411127298
2021-07-01,2.1561999320983887,0.012835908452504602,0.010780811528205066
2021-07-02,2.1791000366210938,0.010564582694796052,0.009882519755771282
2021-07-06,2.1048998832702637,-0.03464405971487644,0.011944740620864513
2021-07-07,2.089099884033203,-0.007534608899011763,0.011099264902484286
2021-07-08,2.1203999519348145,0.014871431751077914,0.011363636060920777
2021-07-09,2.1552000045776367,0.016278801334425375,0.011672356286055056
2021-07-12,2.1498000621795654,-0.002508685317714446,0.011675584726590211
2021-07-13,2.1844000816345215,0.015966385187215954,0.011881947947692607
2021-07-14,2.1435000896453857,-0.01890117978959951,0.012298700780407948
2021-07-15,2.112600088119507,-0.014520590759535167,0.012241351055033167
2021-07-16,2.113300085067749,0.0003312889211560723,0.012231124114357915
2021-07-19,1.985200047492981,-0.06253105838480863,0.016641814005159815
2021-07-20,2.012700080871582,0.013757455780785166,0.016894687097683686
2021-07-21,2.0869998931884766,0.03625043248014891,0.018169594309316466
2021-07-22,2.1326000690460205,0.02161434806278611,0.018617364793564337
2021-07-23,2.1338999271392822,0.0006093323026565405,0.018577921478872245
2021-07-26,2.1510000228881836,0.007981603645260798,0.01852614993281969
2021-07-27,2.143899917602539,-0.003306299030006837,0.018518206492019556
2021-07-28,2.1559998989105225,0.005628044262933093,0.018541718745893044
2021-07-29,2.1893999576568604,0.01537290818901736,0.01870737812768479
2021-07-30,2.199399948120117,0.004557057958244637,0.018370038351213105
2021-08-02,2.1357998847961426,-0.029343342490633077,0.019119935426024876
2021-08-03,2.1263999938964844,-0.004410823709373409,0.01891995776510992
2021-08-04,2.0741000175476074,-0.024903072993448634,0.019323873627263493
2021-08-05,2.1059999465942383,0.015263055239878648,0.019537761313192837
2021-08-06,2.0845000743865967,-0.010261334328625872,0.019607910997705175
2021-08-09,2.042099952697754,-0.020550387047949016,0.019907623177793016
2021-08-10,2.080199956893921,0.018485355238464205,0.020084893549880085
2021-08-11,2.105799913406372,0.01223137910422232,0.02021798114987132
2021-08-12,2.1038999557495117,-0.0009026571227971089,0.020207688921463893
2021-08-13,2.077899932861328,-0.012435008183368906,0.02016399040434721
2021-08-16,2.04830002784729,-0.014347541593076815,0.020174352498150402
2021-08-17,2.036099910736084,-0.005974024864741106,0.01923495793180949
2021-08-18,2.021199941635132,-0.007344803995778582,0.01923280217825757
2021-08-19,1.968999981880188,-0.026165575104828222,0.019514863379397104
2021-08-20,1.9082000255584717,-0.03136538772481317,0.019871912291901148
2021-08-23,2.0051000118255615,0.049533537994632955,0.022152456315827223
2021-08-24,2.066800117492676,0.03030763355425526,0.022708497975144317
2021-08-25,2.1182000637054443,0.024565127224186925,0.022967874694957757
2021-08-26,2.083199977874756,-0.016661539091388768,0.023016550739798646
2021-08-27,2.1092000007629395,0.012403566624581383,0.023136213077738062
2021-08-30,2.1403000354766846,0.014637293664049093,0.020033468334288738
2021-08-31,2.13100004196167,-0.00435464989239691,0.019955510873714926
2021-09-01,2.1289000511169434,-0.0009859343970294284,0.018874258832520814
2021-09-02,2.1677000522613525,0.018061283317346185,0.018748985572876686
2021-09-03,2.15939998626709,-0.003836322756559021,0.018766013783332727
2021-09-07,2.1215999126434326,-0.017659919136754836,0.01899118855190257
2021-09-08,2.136399984359741,0.006951682328077798,0.01903045688373959
2021-09-09,2.1136999130249023,-0.010682237002247156,0.01909355159836119
2021-09-10,2.1459999084472656,0.015165676386083972,0.019087587517847747
2021-09-13,2.1582999229431152,0.0057152375337367915,0.019099686133750786
2021-09-14,2.16129994392395,0.0013890274820123555,0.01831449945068933
2021-09-15,2.2053000926971436,0.020153729537599127,0.018638459344844725
2021-09-16,2.2109999656677246,0.0025812902475533792,0.017974058869048654
2021-09-17,2.2091000080108643,-0.0008596899550646956,0.017808126955313888
2021-09-20,2.1589999198913574,-0.022940081964147298,0.01824426670604695
2021-09-21,2.173799991607666,0.006831669858117973,0.017799653394400528
2021-09-22,2.2116000652313232,0.017239480690447315,0.01776147783490145
2021-09-23,2.2490999698638916,0.01681385781908093,0.01787149482185641
2021-09-24,2.2671000957489014,0.007971401150930943,0.017891892686861127
2021-09-27,2.2960000038146973,0.012666956172039364,0.017756272469379216
2021-09-28,2.2890000343322754,-0.0030534241495342365,0.01748628928595579
2021-09-29,2.307499885559082,0.008049581830432362,0.01740592225924811
2021-09-30,2.3417000770568848,0.014712556432544028,0.017368533887169132
2021-10-01,2.382699966430664,0.017357090137470728,0.016478556933946082
2021-10-04,2.4365999698638916,0.022369328200385584,0.015099573539254415
2021-10-05,2.4935998916625977,0.023123793454734472,0.013261539728693613
2021-10-06,2.441999912261963,-0.02091006626505598,0.013488052536305091
2021-10-07,2.4595999717712402,0.007181383860455662,0.013008324151941903
2021-10-08,2.4737000465393066,0.005716300695406566,0.012349402212228853
2021-10-11,2.515000104904175,0.016557820947490774,0.012449732351044226
2021-10-12,2.509999990463257,-0.0019900959189099766,0.012415825005972833
2021-10-13,2.5211000442504883,0.004412582425827999,0.012282935872883307
2021-10-14,2.5613999366760254,0.01585862751740519,0.012356116849431666
2021-10-15,2.573699951171875,0.004790574005508836,0.01215138827729196
2021-10-18,2.5492000579833984,-0.00956492608921006,0.012350167325488664
2021-10-19,2.560699939727783,0.004501027873127059,0.011552154355949624
2021-10-20,2.5922999382019043,0.012264853617374801,0.011603573805409223
2021-10-21,2.549099922180176,-0.016805163527112227,0.011963526381002726
2021-10-22,2.5388998985290527,-0.004009448771582962,0.01198261471445571
2021-10-25,2.56469988822937,0.010110592742236342,0.012010857291716076
2021-10-26,2.5773000717163086,0.004900898018354111,0.011983964931094637
2021-10-27,2.5148000717163086,-0.024549061111655047,0.012891227865932522
2021-10-28,2.5164999961853027,0.000675739673936209,0.012905071365873278
2021-10-29,2.4964001178741455,-0.008019304423002091,0.01306920807037784
2021-11-01,2.5030999183654785,0.0026801898003360803,0.012039515173603346
2021-11-02,2.50819993019104,0.0020354054797805353,0.012045228719265616
2021-11-03,2.434499979019165,-0.02982394855302832,0.013358354882163057
2021-11-04,2.406599998474121,-0.011526425634603692,0.013364555895504534
2021-11-05,2.4556000232696533,0.020156177659476207,0.013724539981722812
2021-11-08,2.467099905014038,0.004672193240103984,0.013600637975059802
2021-11-09,2.5081000328063965,0.016482174176797117,0.013796992062162335
2021-11-10,2.4521000385284424,-0.022580691475218767,0.014528014065798353
2021-11-11,2.4470999240875244,-0.0020411970179405425,0.01434437278771878
2021-11-12,2.403700113296509,-0.01789435496441263,0.014441383834564158
2021-11-15,2.398099899291992,-0.002332548847917224,0.013830524119106569
2021-11-16,2.4309000968933105,0.013584883852905252,0.013369930744028598
2021-11-17,2.3643999099731445,-0.02773734711958604,0.013775141790396449
2021-11-18,2.384000062942505,0.008255523713067255,0.01379872162195763
2021-11-19,2.2934000492095947,-0.03874432152604532,0.015348545218359684
2021-11-22,2.3254001140594482,0.01385666222264312,0.01524029555026851
2021-11-23,2.3842999935150146,0.025013461190596383,0.016054048689543514
2021-11-24,2.382999897003174,-0.0005454225972469369,0.01601429019575074
2021-11-26,2.0945000648498535,-0.1290452625281821,0.027912630895196338
2021-11-29,2.152100086212158,0.027129257314026198,0.02852128149031572
2021-11-30,2.063800096511841,-0.04189515921733175,0.02926320732533587
2021-12-01,2.0771000385284424,0.006423718185456841,0.029291449187047378
2021-12-02,2.1033999919891357,0.012582370646183047,0.029298698049115748
2021-12-03,2.098400115966797,-0.0023798744603441236,0.02924998946897974
2021-12-06,2.1712000370025635,0.03410482230599992,0.030174386900481753
2021-12-07,2.224600076675415,0.024297131501932575,0.0305318936917912
2021-12-08,2.2613000869750977,0.016362748966394433,0.030727808671070757
2021-12-09,2.2502999305725098,-0.004876397800228527,0.030491106557449032
2021-12-10,2.2516000270843506,0.0005775768276555761,0.030490625574070514
2021-12-13,2.232800006866455,-0.008384680321427748,0.030492480150064515
2021-12-14,2.218400001525879,-0.006470190307982061,0.030472012725399393
2021-12-15,2.220400094985962,0.0009011866053698723,0.03046493723426545
2021-12-16,2.2662999629974365,0.020461126782816447,0.030381902054614086
2021-12-17,2.219899892807007,-0.020686427858169924,0.030522627430860885
2021-12-20,2.1730000972747803,-0.02135335549778428,0.030391743879240693
2021-12-21,2.2578001022338867,0.03828218708612784,0.03133031806643745
2021-12-22,2.307800054550171,0.02190378029011449,0.03146166379046688
2021-12-23,2.331399917602539,0.01017419674537877,0.031318642652914744
2021-12-27,2.3534998893737793,0.009434624692965786,0.0313841254764763
2021-12-28,2.3714001178741455,0.007577012894316914,0.031264025353136826
2021-12-29,2.3777999877929688,0.0026951375601613346,0.0312670665643667
2021-12-30,2.395900011062622,0.007583262463934068,0.031194389921959324
2021-12-31,2.3301000595092773,-0.02784773712155085,0.03119772196425371
2022-01-03,2.3573999404907227,0.011648080915785342,0.031236629318720746
2022-01-04,2.4094998836517334,0.021859917244216497,0.030623251058908705
2022-01-05,2.4460999965667725,0.01507570928920405,0.0306408160486922
2022-01-06,2.4776999950408936,0.012835790401002028,0.03040085714468178
2022-01-07,2.481800079345703,0.001653426828264042,0.030398952891543703
2022-01-10,2.487600088119507,0.0023342903416877442,0.017831006809305924
2022-01-11,2.5636000633239746,0.0300941196780262,0.017961422211088148
2022-01-12,2.5941998958587646,0.01186559843143584,0.015556260303911268
2022-01-13,2.6085000038146973,0.005497201162158841,0.015559645364754751
2022-01-14,2.6342999935150146,0.009842144647452917,0.015537375625417054
2022-01-18,2.6740000247955322,0.014957998362402187,0.015479473416231732
2022-01-19,2.6923000812530518,0.006820389108153164,0.014678496942329882
2022-01-20,2.671799898147583,-0.007643512608427838,0.014551239252805898
2022-01-21,2.691200017929077,0.007234833006303387,0.014424251014064743
2022-01-24,2.6273999214172363,-0.023992463314279736,0.015307420299148795
2022-01-25,2.669100046157837,0.01574662008577828,0.015400930999607723
2022-01-26,2.74399995803833,0.02767534034138218,0.015671000832440097
2022-01-27,2.7945001125335693,0.0182365454257916,0.015594670503196718
2022-01-28,2.7855000495910645,-0.0032258317152535883,0.015674671311651192
2022-01-31,2.759200096130371,-0.009486590801586425,0.01577787208782801
2022-02-01,2.7411999702453613,-0.006545047605508466,0.015133898851126851
2022-02-02,2.768899917602539,0.010054329782951362,0.014157478492266272
2022-02-03,2.8394999504089355,0.025177863212753334,0.013373908202015925
2022-02-04,2.8750998973846436,0.012459457691418529,0.01313563602803519
2022-02-07,2.8554000854492188,-0.006875452263587987,0.013374830792070146
2022-02-08,2.79259991645813,-0.022238936687950944,0.01436941298296107
2022-02-09,2.824899911880493,0.011499902937420738,0.01440486676303703
2022-02-10,2.827199935913086,0.0008138653673811875,0.014423081675643424
2022-02-11,2.910900115966797,0.029175551640722924,0.015042134265722774
2022-02-14,2.9618000984191895,0.017334873294747092,0.013686363947921337
2022-02-15,2.859499931335449,-0.03515046449033312,0.01576494932603018
2022-02-16,2.8575000762939453,-0.0006996169740795763,0.015540316654701406
2022-02-17,2.7862000465393066,-0.025268466392878997,0.016420297615602777
2022-02-18,2.7815001010894775,-0.0016882901167709385,0.016375205721953574
2022-02-22,2.8187999725341797,0.01332086585020964,0.016459442355131394
2022-02-23,2.829200029373169,0.003682743834912816,0.01645588753606883
2022-02-24,2.896899938583374,0.023647181961403013,0.016146466221117674
2022-02-25,2.8494999408721924,-0.016497658980569777,0.016501021316896212
2022-02-28,3.013400077819824,0.055925515666964895,0.019112497719316213
2022-03-01,3.151099920272827,0.04468253771738098,0.02044115960725538
2022-03-02,3.4946999549865723,0.10349594928419645,0.02709269892071222
2022-03-03,3.5034000873565674,0.0024864282589865906,0.02711583892308695
2022-03-04,3.7762999534606934,0.07501073148562418,0.02948534879819152
2022-03-07,3.9214999675750732,0.037729543446252296,0.029855381526987693
2022-03-08,4.437300205230713,0.12357190421247208,0.035288841727144984
2022-03-09,3.4642999172210693,-0.24753556147838932,0.059892809151666504
2022-03-10,3.2962000370025635,-0.049740267092398566,0.060708900299642314
2022-03-11,3.41759991645813,0.0361682248553149,0.060920300737123
2022-03-14,3.2762999534606934,-0.04222380321426366,0.06155240872610584
2022-03-15,3.0297000408172607,-0.07825110449395763,0.06337949924209457
2022-03-16,3.100100040435791,0.022970763887858427,0.06345338200598805
2022-03-17,3.4874000549316406,0.11772210657399673,0.06676036899611855
2022-03-18,3.598099946975708,0.03124942497110806,0.06682438357112798
2022-03-21,3.8008999824523926,0.05483196255441762,0.06736981034153715
2022-03-22,3.8642001152038574,0.016516828480023952,0.06731142542312224
2022-03-23,4.114799976348877,0.0628355198686542,0.06769367565930796
2022-03-24,4.15339994430542,0.009337037990427299,0.06769639258231096
2022-03-25,4.11460018157959,-0.009385594328797509,0.06778447078829164
2022-03-28,3.783400058746338,-0.08391857641173074,0.06993626326298585
2022-03-29,3.716099977493286,-0.017948366587233238,0.07008323978709526
2022-03-30,3.808500051498413,0.02456069916308787,0.06967506814842457
2022-03-31,3.691200017929077,-0.031283811058072104,0.07005298118577187
2022-04-01,3.4240000247955322,-0.07514214777341965,0.07146045724735449
2022-04-04,3.546099901199341,0.035038914661041254,0.07162317980340033
2022-04-05,3.4681999683380127,-0.022212661929138556,0.07182730548469457
2022-04-06,3.3452000617980957,-0.036109217254188225,0.07225510728873044
2022-04-07,3.2678000926971436,-0.023409497017475214,0.0723601595159104
2022-04-08,3.3176000118255615,0.015124629533106625,0.07228131246337521
2022-04-11,3.267699956893921,-0.015155273187752996,0.07171961909344325
2022-04-12,3.464400053024292,0.05845311245345451,0.07204092427384477
2022-04-13,3.718400001525879,0.07075399586553058,0.07070405367242673
2022-04-14,3.85479998588562,0.03602565268772833,0.07097553507050211
2022-04-18,3.8907999992370605,0.009295670483572585,0.06968472856917717
2022-04-19,3.8619000911712646,-0.007455477857620937,0.06935089904284629
2022-04-20,3.973099946975708,0.028387319107245828,0.06555163974155358
2022-04-21,3.9007999897003174,-0.018364975402272322,0.04683592118275308
2022-04-22,3.9386000633239746,0.009643688629333678,0.04573011132912823
2022-04-25,4.09089994430542,0.037939634839250364,0.0457716193338499
2022-04-26,4.467899799346924,0.08815347353486667,0.04720269994618883
2022-04-27,4.674300193786621,0.04516100569930838,0.04451700742684111
2022-04-28,5.13539981842041,0.09407824140789725,0.04681957900741333
2022-04-29,4.781700134277344,-0.07136154188258234,0.045476278736667174
2022-05-02,4.204899787902832,-0.12854569840367466,0.05187302087738297
2022-05-03,4.082699775695801,-0.02949198217673115,0.051372812142729894
2022-05-04,4.197000026702881,0.02761151140174596,0.0515177893528667
2022-05-05,4.041299819946289,-0.03780361287674693,0.05074136156991834
2022-05-06,3.9542999267578125,-0.02176280195485021,0.05084890310561875
2022-05-09,3.83489990234375,-0.030660242487417565,0.05110837670763821
2022-05-10,3.9321999549865723,0.025055720849050826,0.04893731903065988
2022-05-11,3.951200008392334,0.004820278124411153,0.04880511231102965
2022-05-12,3.916100025177002,-0.008923065335462919,0.048655080278570795
2022-05-13,3.9212000370025635,0.001301471809163303,0.04827339109521018
2022-05-16,3.9075000286102295,-0.003499948206604347,0.0460454832215054
2022-05-17,3.799299955368042,-0.028080963145605164,0.04603943092939215
2022-05-18,3.668100118637085,-0.035142978310723196,0.04633638346166233
2022-05-19,3.7920000553131104,0.033219749800523904,0.04610527963821876
2022-05-20,3.7390999794006348,-0.01404866373239521,0.04594352268838205
2022-05-23,3.7688000202178955,0.007911718521068065,0.045904812712175024
2022-05-24,3.7818000316619873,0.003443441368943796,0.04575905410820724
2022-05-25,3.8664000034332275,0.022123747299519467,0.044761983940287714
2022-05-26,3.9679999351501465,0.02593833064271505,0.04316493863343071
2022-05-27,4.002900123596191,0.008756956231592256,0.04271206884232291
2022-05-31,4.09089994430542,0.021745851821987402,0.04285312451400674
2022-06-01,4.1433000564575195,0.01272760426307921,0.042863322602753114
2022-06-02,4.208399772644043,0.015589888531596171,0.042658394325497916
2022-06-03,4.280300140380859,0.016940659464512495,0.04256644339146676
2022-06-06,4.360099792480469,0.01847181189042173,0.04264372418811557
2022-06-07,4.3206000328063965,-0.009100656188848479,0.042191931497010705
2022-06-08,4.314300060272217,-0.0014591885451160818,0.0389138712802148
2022-06-09,4.40369987487793,0.020509967687576763,0.03815476052874625
2022-06-10,4.366700172424316,-0.008437453652389083,0.033569476195172955
2022-06-13,4.283400058746338,-0.01926051411461165,0.03131134446969799
2022-06-14,4.394000053405762,0.025492885647447873,0.021088229840592432
2022-06-15,4.546999931335449,0.034227673625141196,0.021071503895803124
2022-06-16,4.571300029754639,0.0053299751161016845,0.020582633507908316
2022-06-17,4.339799880981445,-0.051969398181649626,0.021680590496708386
2022-06-21,4.358399868011475,0.00427675057303149,0.021196740776255354
2022-06-22,4.404600143432617,0.010544494677640624,0.02023739202870742
2022-06-23,4.337900161743164,-0.01525908459964154,0.020171796636934476
2022-06-24,4.3628997802734375,0.005746526179844186,0.020174955102866408
2022-06-27,4.230199813842773,-0.03088769424951705,0.02101503681099099
2022-06-28,4.199399948120117,-0.0073075836703223075,0.021091621769655775
2022-06-29,4.0366997718811035,-0.039514175597416594,0.022415585272495504
2022-06-30,3.898200035095215,-0.034912552854546,0.022754234841442643
2022-07-01,3.9388999938964844,0.010386577827529823,0.021767306585823962
2022-07-05,3.601599931716919,-0.08952332275162699,0.02673766442057103
2022-07-06,3.410599946975708,-0.05448995886146785,0.028351587120428682
2022-07-07,3.6738998889923096,0.07436552456683299,0.03164369863120876
2022-07-08,3.6728999614715576,-0.00027220764068127643,0.031633584025237575
2022-07-11,3.7681000232696533,0.025589371539603754,0.03172703166186718
2022-07-12,3.662600040435791,-0.028397613050623254,0.031695457370533815
2022-07-13,3.6658999919891357,0.0009005804084815167,0.031630180173367786
2022-07-14,3.649399995803833,-0.004511099802906231,0.031285185822480514
2022-07-15,3.6989998817443848,0.013499711510224945,0.03129957119849759
2022-07-18,3.6554999351501465,-0.011829615869816576,0.031114205253913164
2022-07-19,3.626800060272217,-0.00788213160255192,0.030847923392686508
2022-07-20,3.604300022125244,-0.006223150144489424,0.030513240258591437
2022-07-21,3.5903000831604004,-0.0038917956329207596,0.03051184241173164
2022-07-22,3.4556000232696533,-0.038239677394431404,0.031050147887288184
2022-07-25,3.5165998935699463,0.0174984732267684,0.030961553717221254
2022-07-26,3.583899974822998,0.01895700244942155,0.03133462608856063
2022-07-27,3.7172999382019043,0.03654599577128365,0.032200733189567086
2022-07-28,3.686300039291382,-0.008374326049871062,0.031694497749534783
2022-07-29,3.6247000694274902,-0.01685171021883031,0.03082718489516544
2022-08-01,3.440000057220459,-0.052300057396099685,0.03177743592206313
2022-08-02,3.3803999423980713,-0.01747745937094539,0.030795847063380878
2022-08-03,3.414799928665161,0.01012487661589574,0.030896729173589012
2022-08-04,3.3371999263763428,-0.022986795279835274,0.030804133888205024
2022-08-05,3.21589994430542,-0.037024870996869554,0.03120425632906839
2022-08-08,3.1791000366210938,-0.011509089601316505,0.03106316505302506
2022-08-09,3.3338000774383545,0.04751466836901443,0.03255545685443264
2022-08-10,3.4103000164031982,0.02268745102010026,0.03303258523840903
2022-08-11,3.4839999675750732,0.02138078090824106,0.03283214580105933
2022-08-12,3.5178000926971436,0.009654770883525912,0.03243356929924694
2022-08-15,3.4402999877929688,-0.022277147230095787,0.032502196378731384
2022-08-16,3.4802000522613525,0.011531105079231597,0.028360566902285327
2022-08-17,3.6173999309539795,0.03866573823797438,0.027401794813272366
2022-08-18,3.6496999263763428,0.008889435609043267,0.02380795241213962
2022-08-19,3.700500011444092,0.013822996484838304,0.023945576318406648
2022-08-22,3.77620005607605,0.02025027908419289,0.02376994662469033
2022-08-23,3.841900110244751,0.01724883676048367,0.023341845401983898
2022-08-24,4.013199806213379,0.04362181518937175,0.024569047647669384
2022-08-25,3.9491000175476074,-0.016101170488125188,0.024781711371747082
2022-08-26,4.007599830627441,0.014704806846242625,0.024800906029588114
2022-08-29,3.909899950027466,-0.024680730698509228,0.02516826652762534
2022-08-30,3.8171000480651855,-0.024020800844359678,0.02556154351296332
2022-08-31,3.715399980545044,-0.02700464585839596,0.02606051426239485
2022-09-01,3.561199903488159,-0.04238879912241864,0.02723178924638603
2022-09-02,3.578000068664551,0.004706464660844297,0.026279163956969474
2022-09-06,3.5738000869750977,-0.0011745244779992321,0.026099366301891348
2022-09-07,3.5859999656677246,0.0034078858096745664,0.025874393449276258
2022-09-08,3.54010009765625,-0.012882362688964245,0.025028177112356567
2022-09-09,3.578700065612793,0.010844621388124516,0.02509542082557287
2022-09-12,3.603100061416626,0.006794978767076224,0.02495090146590951
2022-09-13,3.541300058364868,-0.017300695222937344,0.023186655783315507
2022-09-14,3.3789000511169434,-0.04694367998436224,0.02457734225706783
2022-09-15,3.205199956893921,-0.05277575039491981,0.02630481110950923
2022-09-16,3.172499895095825,-0.010254589933299576,0.026057944302931065
2022-09-19,3.310800075531006,0.04266998730294116,0.02639132391834452
2022-09-20,3.3722000122070312,0.018375479139020046,0.026467967241193838
2022-09-21,3.3338000774383545,-0.011452536226539797,0.02512415149109436
2022-09-22,3.4114999771118164,0.023039252809110483,0.025135185715073408
2022-09-23,3.2370998859405518,-0.05247423853037515,0.0265472061928709
2022-09-26,3.1291000843048096,-0.03393238182322362,0.027049856959251377
2022-09-27,3.2599000930786133,0.04095109840348867,0.028014879134103825
2022-09-28,3.449399948120117,0.05650373922079499,0.029892881448118563
2022-09-29,3.414599895477295,-0.010139962590431402,0.029014504261740022
2022-09-30,3.36899995803833,-0.013444373275283125,0.029014028226465125
2022-10-03,3.3691000938415527,2.9722266650491243e-05,0.02885253483469492
2022-10-04,3.535799980163574,0.04829390224378314,0.030064880621560184
2022-10-05,3.6868999004364014,0.04184639307820837,0.030936147186976428
2022-10-06,3.8649001121520996,0.04714986794373534,0.031119252938647562
2022-10-07,4.018700122833252,0.03902266031062375,0.031831687547579056
2022-10-10,3.9147000312805176,-0.02621979166748545,0.03208153298640733
2022-10-11,3.930799961090088,0.004104251462707547,0.031771063106423754
2022-10-12,3.932800054550171,0.0005086966527381106,0.03144074797796501
2022-10-13,4.094799995422363,0.04036622068541729,0.0317760855872198
2022-10-14,3.9802000522613525,-0.02838579252515525,0.031179959692154622
2022-10-17,4.08519983291626,0.02603856340162724,0.03144563068284931
2022-10-18,3.993499994277954,-0.022702607879569344,0.03182107502006079
2022-10-19,3.9042999744415283,-0.022589534627931313,0.032181294584534496
2022-10-20,3.7567999362945557,-0.03851098906031908,0.03294403921606666
2022-10-21,3.8322999477386475,0.019897617253180816,0.03306925957157687
2022-10-24,3.920099973678589,0.022652025459201554,0.03326999556230586
2022-10-25,3.9672000408172607,0.01194340951487076,0.03308834226272137
2022-10-26,4.120100021362305,0.03781687361496892,0.03221453428212916
2022-10-27,4.333899974822998,0.050590383568889785,0.03115410954079028
2022-10-28,4.549799919128418,0.04861543451272431,0.03168025197182745
2022-10-31,4.190899848937988,-0.08216778621881402,0.03548561766177565
2022-11-01,3.6210999488830566,-0.14613763899300583,0.04518901760851232
2022-11-02,3.6774001121520996,0.015428178269032452,0.045171908513623245
2022-11-03,3.865299940109253,0.04983327196105546,0.045836265830312216
2022-11-04,3.914799928665161,0.012724941151372075,0.04458690819472423
2022-11-07,3.781100034713745,-0.03474924257815911,0.04461258975611783
2022-11-08,3.770699977874756,-0.0027543270204444326,0.04415357492742785
2022-11-09,3.6563000679016113,-0.030808929059762263,0.04350438505468039
2022-11-10,3.5694000720977783,-0.024054191050698066,0.04371131026688976
2022-11-11,3.555299997329712,-0.003958087509325543,0.0436338830088041
2022-11-14,3.5439999103546143,-0.0031834396814422496,0.04364230606360308
2022-11-15,3.6412999629974365,0.027084743135691515,0.043028748885019806
2022-11-16,3.613600015640259,-0.007636240897129443,0.04235127624290387
2022-11-17,3.5248000621795654,-0.024880794979887433,0.04158159905668849
2022-11-18,3.5181000232696533,-0.0019026369392767305,0.04081732234565986
2022-11-21,3.497299909591675,-0.005929861398346933,0.04061148047203411
2022-11-22,3.471299886703491,-0.007462085438710919,0.04058916033956689
2022-11-23,3.359299898147583,-0.032796542312360996,0.04091171227858062
2022-11-25,3.2390999794006348,-0.03643708153836777,0.040357812455927074
2022-11-28,3.215399980545044,-0.007343746383305006,0.04017037193027994
2022-11-29,3.2959001064300537,0.024727543376622693,0.04013376008123428
2022-11-30,3.3629000186920166,0.02012439844620389,0.04032294603821517
2022-12-01,3.262399911880493,-0.030340608691578595,0.04045930832844538
2022-12-02,3.1684999465942383,-0.029204820901199517,0.04023640792377921
2022-12-05,2.999799966812134,-0.05471266421045297,0.04090146687202345
2022-12-06,2.9154999256134033,-0.028504302549870745,0.040637947085574215
2022-12-07,2.7804999351501465,-0.04741056184350089,0.04098274416728608
2022-12-08,2.8798000812530518,0.0350901311844664,0.04087167333949255
2022-12-09,2.7936999797821045,-0.030354000615952916,0.03924071510096369
2022-12-12,2.9684998989105225,0.06068986578362809,0.03996704554092291
2022-12-13,3.0922000408172607,0.04082608421189612,0.03905610218307756
2022-12-14,3.2767999172210693,0.057984486274443366,0.03161756575815436
2022-12-15,3.283400058746338,0.0020121776093312517,0.03143746065072405
2022-12-16,3.1198999881744385,-0.05107854253488215,0.030897454272412653
2022-12-19,3.053499937057495,-0.021512493167500917,0.030770406465190397
2022-12-20,3.0589001178741455,0.0017669596797108235,0.030407449628367604
2022-12-21,3.1394999027252197,0.026008107840332768,0.030995810496336183
2022-12-22,3.1314001083374023,-0.0025832970954646696,0.03064654930485359
2022-12-23,3.2660999298095703,0.0421163675901139,0.03160640929853868
2022-12-27,3.3536999225616455,0.026467599789316065,0.03205820143776726
2022-12-28,3.3777999877929688,0.007160415515955267,0.032100030007134746
2022-12-29,3.312999963760376,-0.01937049400863791,0.03178748847578278
2022-12-30,3.3622000217437744,0.01474141570480231,0.03194076023393659
2023-01-03,3.0864999294281006,-0.08555778809683588,0.03517092267313524
2023-01-04,2.97189998626709,-0.03783626569410925,0.03569006602470449
2023-01-05,2.9723000526428223,0.000134607305850337,0.03570544510447735
2023-01-06,3.004499912261963,0.010775053990782813,0.03582456089945729
2023-01-09,3.0360000133514404,0.010429728341455,0.035528344617044044
2023-01-10,3.135699987411499,0.03231156670116772,0.03553931853454874
2023-01-11,3.217900037765503,0.025876553989170582,0.03585362103657385
2023-01-12,3.2190001010894775,0.00034179909924166946,0.03554942597216782
2023-01-13,3.2558999061584473,0.011397922595269528,0.03540783916548346
2023-01-17,3.250999927520752,-0.0015060872886198044,0.034974816658393956
2023-01-18,3.263000011444092,0.003684402091092825,0.03454440817901237
2023-01-19,3.3759000301361084,0.034014943250347124,0.033390815137547096
2023-01-20,3.4667999744415283,0.026570006536939562,0.03305801331469476
2023-01-23,3.5508999824523926,0.023969116635599183,0.031636351880441047
2023-01-24,3.4272000789642334,-0.03545746322955615,0.032182226995304555
2023-01-25,3.361299991607666,-0.019415822899825144,0.03181839499833351
2023-01-26,3.3965001106262207,0.010417720807953215,0.03012663837945004
2023-01-27,3.265500068664551,-0.03933261083202662,0.030346666901451803
2023-01-30,3.11080002784729,-0.04853297459738378,0.029774417769320636
2023-01-31,3.182300090789795,0.022724297537476915,0.030102578846557263
2023-02-01,2.9511001110076904,-0.07542621450755427,0.031779609086600324
2023-02-02,2.896699905395508,-0.018605894456944563,0.03172198825574014
2023-02-03,2.7753000259399414,-0.04281326655347735,0.032583677424762585
2023-02-06,2.768699884414673,-0.0023810045996063367,0.03211371154128898
2023-02-07,2.904400110244751,0.047849012271438736,0.033491157926052055
2023-02-08,2.8933000564575195,-0.003829127768144112,0.03241332001402279
2023-02-09,2.8153998851776123,-0.027293432085608117,0.032153589958510455
2023-02-10,2.8645999431610107,0.017324397893726712,0.03234817019936133
2023-02-13,2.9056999683380127,0.014245609713891485,0.03243300381697704
2023-02-14,2.9400999546051025,0.01176926470200676,0.03237709479231223
2023-02-15,2.844399929046631,-0.03309145485537472,0.029096980853814135
2023-02-16,2.810800075531006,-0.011882956874675438,0.02839432791316875
2023-02-17,2.712100028991699,-0.03574591396316284,0.029055489584770215
2023-02-21,2.7918999195098877,0.028999085565461002,0.02954102997720868
2023-02-22,2.7147998809814453,-0.028004096803083953,0.02979566728111936
2023-02-23,2.7081000804901123,-0.0024709302947625907,0.029011361997137202
2023-02-24,2.7962000370025635,0.03201405409267936,0.02925638659107085
2023-02-27,2.8197999000549316,0.00840455920034803,0.029341041731911075
2023-02-28,2.8208999633789062,0.00039004498184789285,0.029205006136035036
2023-03-01,2.873800039291382,0.018579239498299885,0.0295112745219678
2023-03-02,2.8661999702453613,-0.0026481092246243942,0.02947622101398754
2023-03-03,2.913100004196167,0.016230707438483802,0.028850823556655754
2023-03-06,2.8866000175476074,-0.009138462668788585,0.028237156573069737
2023-03-07,2.797499895095825,-0.03135322132562984,0.028010936983494102
2023-03-08,2.7418999671936035,-0.020075024924563156,0.02762820138298938
2023-03-09,2.6689000129699707,-0.02698469141616455,0.027775533208114666
2023-03-10,2.772900104522705,0.03822733428711241,0.028844164181288916
2023-03-13,2.7614998817443848,-0.004119774114928817,0.028181905617167
2023-03-14,2.714400053024292,-0.017203013513814112,0.027095164939587166
2023-03-15,2.6048998832702637,-0.04117671208135476,0.027387778615326375
2023-03-16,2.6435000896453857,0.014709588664022796,0.02436230652787
2023-03-17,2.6786999702453613,0.013227760496283976,0.024382552131496846
2023-03-20,2.6870999336242676,0.003130929364220381,0.02318357607439454
2023-03-21,2.690200090408325,0.0011530534333893143,0.023185697851542994
2023-03-22,2.740299940109253,0.01845180770315322,0.021620143036597195
2023-03-23,2.6847000122070312,-0.020498387180367394,0.021883007718372656
2023-03-24,2.695199966430664,0.0039034062333023587,0.021399811886267328
2023-03-27,2.770400047302246,0.02751933052525667,0.021785771776888955
2023-03-28,2.7695999145507812,-0.000288856592973981,0.021593166878692043
2023-03-29,2.658099889755249,-0.04109133420654068,0.022598037964629544
2023-03-30,2.623699903488159,-0.013026041887890383,0.021976133918550144
2023-03-31,2.676300048828125,0.019849763357520762,0.022280089537308277
2023-04-03,2.662600040435791,-0.0051321576480875975,0.02134533143426096
2023-04-04,2.6666998863220215,0.0015386061026311413,0.020607694177018243
2023-04-05,2.7309999465942383,0.023826112631288948,0.020483868121625518
2023-04-06,2.6605000495910645,-0.026153729242140437,0.021039115035895097
2023-04-10,2.6814000606536865,0.007824975111439317,0.020192962806765333
2023-04-11,2.6682000160217285,-0.004934975038215458,0.020116403488701515
2023-04-12,2.7030999660491943,0.012995156213209572,0.020295477171153715
2023-04-13,2.672800064086914,-0.011272613942619657,0.020010835441768387
2023-04-14,2.63919997215271,-0.012650805657032903,0.020097963273113292
2023-04-17,2.6147000789642334,-0.009326431998327783,0.019805177361644062
2023-04-18,2.599900007247925,-0.005676412845411966,0.019781879241844283
2023-04-19,2.5576999187469482,-0.016364600150496046,0.019235539732537894
2023-04-20,2.4948999881744385,-0.024859741886549144,0.01940123025914397
2023-04-21,2.488600015640259,-0.0025283338558805034,0.018871637295309003
2023-04-24,2.5309998989105225,0.01689413197830188,0.017653226991299523
2023-04-25,2.4511001110076904,-0.03207749294623713,0.0184327894554682
2023-04-26,2.372999906539917,-0.03238201060737496,0.019007779774987653
2023-04-27,2.3541998863220215,-0.007954019359910788,0.017720277782526928
2023-04-28,2.378700017929077,0.010353208792733597,0.017584313468275718
2023-05-01,2.3822999000549316,0.001512238132285204,0.017327807461735695
2023-05-02,2.2892000675201416,-0.039863924586062104,0.018466115782962488
2023-05-03,2.232300043106079,-0.025169977648539635,0.018769740539942837
2023-05-04,2.2386999130249023,0.0028628380016300324,0.018272372691093615
2023-05-05,2.31469988822937,0.033384739819615546,0.019481494340689694
2023-05-08,2.377700090408325,0.026853630679057928,0.020275293403138762
2023-05-09,2.390199899673462,0.005243330576868688,0.0194661864902789
2023-05-10,2.393399953842163,0.001337927395287476,0.01948179311557147
2023-05-11,2.3494999408721924,-0.018512415477202313,0.018442488254135202
2023-05-12,2.305500030517578,-0.01890492849312737,0.01857123763316695
2023-05-15,2.378000020980835,0.03096222118999918,0.019170869957679422
2023-05-16,2.3638999462127686,-0.0059470323803816295,0.019173195668022076
2023-05-17,2.422600030899048,0.024528581643963498,0.01984836473080644
2023-05-18,2.402600049972534,-0.00828985125056902,0.01919580035328216
2023-05-19,2.3622000217437744,-0.01695810770400137,0.018905541617286126
2023-05-22,2.3664000034332275,0.001776417024728634,0.018807480428773678
2023-05-23,2.3617000579833984,-0.001988091172701624,0.01881101902374844
2023-05-24,2.4137001037597656,0.021779159625742832,0.01915105178022438
2023-05-25,2.3461999893188477,-0.028363889341312485,0.01963002293007997
2023-05-26,2.36929988861084,0.009797512319811475,0.01973006844267358
2023-05-30,2.2808001041412354,-0.03806820158047804,0.020692284422622487
2023-05-31,2.2595999240875244,-0.009338531402851145,0.020709928105444093
2023-06-01,2.31469988822937,0.024092268347165328,0.02123317011781671
2023-06-02,2.3568999767303467,0.018067145146615875,0.021178434813953984
2023-06-05,2.377500057220459,0.008702353137684972,0.021265962738423443
2023-06-06,2.367799997329712,-0.004088286637250538,0.020982534126476743
2023-06-07,2.4017999172210693,0.014257168911425092,0.02040652664263244
2023-06-08,2.3898000717163086,-0.005008711336222243,0.019533312448594763
2023-06-09,2.3610000610351562,-0.012124426488075036,0.019608298322409734
2023-06-12,2.3090999126434326,-0.022227483559967547,0.019920383957715698
2023-06-13,2.3954999446868896,0.036734153855807326,0.021077294859687703
2023-06-14,2.3577001094818115,-0.01590534025666149,0.019930228546234857
2023-06-15,2.479599952697754,0.050410623775109735,0.021244011859341688
2023-06-16,2.5513999462127686,0.028544969271530652,0.021729275528734018
2023-06-20,2.475399971008301,-0.030240219628734726,0.02190280855444226
2023-06-21,2.564199924468994,0.035244522268630056,0.022278350469999934
2023-06-22,2.4655001163482666,-0.03925183580791112,0.023536207821612958
2023-06-23,2.407099962234497,-0.023971986131532213,0.023974475841272592
2023-06-26,2.438800096511841,0.013083466883972123,0.023818029542355
2023-06-27,2.3989999294281006,-0.016454200184676828,0.023750649245624682
2023-06-28,2.4066998958587646,0.0032045168444966863,0.023087688636571426
2023-06-29,2.415600061416626,0.003691257591768579,0.023063370552693856
2023-06-30,2.448199987411499,0.013405326640726595,0.02275478231046582
2023-07-03,2.3773000240325928,-0.029387655486047305,0.023349284679586323
2023-07-05,2.493299961090088,0.04764171860787844,0.024704547821840648
2023-07-06,2.4793999195098877,-0.005590555680800444,0.024741381800946233
2023-07-07,2.5590999126434326,0.031639037084862834,0.02533006494865462
2023-07-10,2.5532000064849854,-0.0023081231035177764,0.025084213028928264
2023-07-11,2.583699941635132,0.01187498057977365,0.024480197210587716
2023-07-12,2.599600076675415,0.006135159013655264,0.024455354384310582
2023-07-13,2.6103999614715576,0.004145835004242167,0.02318695023447305
2023-07-14,2.597899913787842,-0.004800058362138478,0.02310822486164794
2023-07-17,2.564199924468994,-0.013056883494752102,0.023025683005854416
2023-07-18,2.599400043487549,0.013634156214702002,0.022942466513812234
2023-07-19,2.6417999267578125,0.01617980938808387,0.023043974681938126
2023-07-20,2.664400100708008,0.008518454071241787,0.023015495573154056
2023-07-21,2.745699882507324,0.03005707941362815,0.023436787122320914
2023-07-24,2.7704999446868896,0.008991780592093334,0.02338105412012957
2023-07-25,2.777600049972534,0.002559474114918477,0.023164476336902155
2023-07-26,2.842900037765503,0.023237407747375278,0.022777535702644538
2023-07-27,2.9168999195098877,0.02569670968464833,0.022364964919456328
2023-07-28,2.9586000442504883,0.01419481752538036,0.02199427557024475
2023-07-31,2.9909000396728516,0.010858160286616373,0.02047021155973116
2023-08-01,3.023400068283081,0.01080768979815722,0.0200559992477426
2023-08-02,3.004300117492676,-0.0063374136494310255,0.01902920921146741
2023-08-03,3.074899911880493,0.023227716878893894,0.018522010567342057
2023-08-04,3.0622000694274902,-0.0041387171855188695,0.016566524966764248
2023-08-07,3.015500068664551,-0.015367957881839341,0.01607500868845534
2023-08-08,3.085599899291992,0.022980418594377255,0.016293375205109976
2023-08-09,3.2070000171661377,0.03858983078990961,0.016560183565015762
2023-08-10,3.1533000469207764,-0.016886387668549458,0.017223862317354028
2023-08-11,3.121500015258789,-0.010135877987228176,0.017552861661576713
2023-08-14,3.0882999897003174,-0.010692886040198272,0.017871309351325394
2023-08-15,3.0280001163482666,-0.019718400368418952,0.017255152207104937
2023-08-16,3.020900011062622,-0.0023475701026187414,0.015639507852000703
2023-08-17,3.0938000679016113,0.02384532687135483,0.01578412369435816
2023-08-18,3.1596999168395996,0.0210769292960359,0.015335774134040183
2023-08-21,3.1161999702453613,-0.01386275881135949,0.01571863498483065
2023-08-22,3.1387999057769775,0.007226229999632075,0.015688155073818166
2023-08-23,3.1291000843048096,-0.003095081041759981,0.015785507999332638
2023-08-24,3.156399965286255,0.008686676456234681,0.015787104728691458
2023-08-25,3.307499885559082,0.04676045573969327,0.01727044152187789
2023-08-28,3.203700065612793,-0.03188617006275503,0.0183710246654685
2023-08-29,3.2095000743865967,0.0018087726029108423,0.018359999537511665
2023-08-30,3.0961999893188477,-0.03593963527223401,0.019868093504261185
2023-08-31,3.1426000595092773,0.014874952035747202,0.019937478320470006
2023-09-01,3.1050000190734863,-0.012036780181941738,0.01962863361603534
2023-09-05,3.219599962234497,0.03624339497929568,0.02047518958645643
2023-09-06,3.192699909210205,-0.008390191153419003,0.020617435055711883
2023-09-07,3.2123000621795654,0.006120285476527129,0.020319798623172323
2023-09-08,3.299099922180176,0.02666246958398726,0.020355971978362225
2023-09-11,3.3622000217437744,0.018945847669285077,0.020455420886702012
2023-09-12,3.3282999992370605,-0.010133865186191863,0.020580684686926316
2023-09-13,3.4354000091552734,0.03167170698801199,0.0211778025225437
2023-09-14,3.4814999103546143,0.013329839765626069,0.021142869957580246
2023-09-15,3.3833999633789062,-0.028582099416095397,0.021703903862462643
2023-09-18,3.288300037384033,-0.02851038495884629,0.022431490053067042
2023-09-19,3.3738999366760254,0.025698601227939783,0.02256406846667192
2023-09-20,3.3268001079559326,-0.014058413041615023,0.022488383940956227
2023-09-21,3.368000030517578,0.012308191978341399,0.021525653931795855
2023-09-22,3.3062000274658203,-0.018519603496976168,0.021576111943114176
2023-09-25,3.262200117111206,-0.013397651646894309,0.021645284843950917
2023-09-26,3.22379994392395,-0.011841079710949715,0.02166853472805377
2023-09-27,3.31469988822937,0.02780631749912062,0.021805787320777398
2023-09-28,3.318000078201294,0.0009951272516377724,0.021785969428570154
2023-09-29,3.3622000217437744,0.013233312746891119,0.02152252892129935
2023-10-02,3.2225000858306885,-0.04243804561792903,0.022748940272009195
2023-10-03,3.1953999996185303,-0.008445206974065912,0.022651005421056268
2023-10-04,3.0178000926971436,-0.05718415567774493,0.024959459565408192
2023-10-05,2.8687000274658203,-0.050669144758971094,0.026538144488365722
2023-10-06,2.9007999897003174,0.011127582412577075,0.026578592109013328
2023-10-09,2.966599941253662,0.022429938636979143,0.025356819819616787
2023-10-10,3.0201001167297363,0.017873485967506975,0.025070331840530424
2023-10-11,2.998500108718872,-0.007177782188120568,0.025077345608446523
2023-10-12,3.0448999404907227,0.015355840471997761,0.024442974622596043
2023-10-13,3.211699962615967,0.053332339975423484,0.02622378602719267
2023-10-16,3.149199962615967,-0.019651939874387944,0.026387918614988157
2023-10-17,3.1767001152038574,0.008694517930429588,0.025566692952005053
2023-10-18,3.1393001079559326,-0.011843078867822392,0.02561141705460508
2023-10-19,3.1730000972747803,0.010677663738275387,0.025665878826421313
2023-10-20,3.156599998474121,-0.005182044758809294,0.025161145184895754
2023-10-23,3.0954999923706055,-0.019546056986809262,0.025065310544750353
2023-10-24,3.0448999404907227,-0.016481401156299532,0.02515637236149689
2023-10-25,3.0304999351501465,-0.004740439346035764,0.02429105060771465
2023-10-26,3.0439000129699707,0.0044119911994767854,0.02412337006070928
2023-10-27,3.0518999099731445,0.002624725777430762,0.023717531223773528
2023-10-30,2.9663000106811523,-0.028448929460403227,0.02371529349214788
2023-10-31,2.990999937057495,0.008292370077197783,0.023184937354094833
2023-11-01,2.9614999294281006,-0.009911885698743348,0.023135307748199333
2023-11-02,3.0255000591278076,0.02138051371829089,0.02341180995419751
2023-11-03,2.923799991607666,-0.034192249398364495,0.02392601180197077
2023-11-06,2.952399969100952,0.009734251222994313,0.02398860410462274
2023-11-07,2.838399887084961,-0.039377915096127154,0.024837466425050678
2023-11-08,2.7492001056671143,-0.03193047465099522,0.024572524451210154
2023-11-09,2.719099998474121,-0.011009056060748743,0.024548451478469662
2023-11-10,2.7430999279022217,0.008787698802035546,0.02443754551486875
2023-11-13,2.8392999172210693,0.03446887232208255,0.024601640514459674
2023-11-14,2.837100028991699,-0.0007750998380497724,0.024596071099985364
2023-11-15,2.8687000274658203,0.011076561129018817,0.022577525874420346
2023-11-16,2.750200033187866,-0.042185326681092726,0.02198831492322574
2023-11-17,2.7725000381469727,0.008075805627292654,0.02193532517318338
2023-11-20,2.8494999408721924,0.027394065541240138,0.022139898710475316
2023-11-21,2.9249000549316406,0.026116791303220175,0.022435786310043726
2023-11-22,2.8891000747680664,-0.012315250028184052,0.022503536626020844
2023-11-23,2.8712000846862793,-0.0062149704713715705,0.0222987020880532
2023-11-24,2.835700035095215,-0.012441257688312321,0.019764485545435844
2023-11-27,2.837899923324585,0.0007754823589040009,0.019562868082370736
2023-11-28,2.9070000648498535,0.0240573288679762,0.020086333749658573
2023-11-29,2.8884999752044678,-0.006384316229951065,0.020027703440886554
2023-11-30,2.8304998874664307,-0.02028399291786977,0.0201081291434538
2023-12-01,2.6614999771118164,-0.061563469706144715,0.0227077932398774
2023-12-04,2.6596999168395996,-0.0006765618194218278,0.02257159435742225
2023-12-05,2.6410999298095703,-0.007017832744292225,0.022472349594827745
2023-12-06,2.576200008392334,-0.024880022229738962,0.022771118549472637
2023-12-07,2.5492000579833984,-0.010535841033765841,0.02271216779260183
2023-12-08,2.5810000896453857,0.0123973482655621,0.022908067751268843
2023-12-11,2.6087000370025635,0.010675071673233507,0.022674087193105295
2023-12-12,2.5074000358581543,-0.039605653141802484,0.023431833346303905
2023-12-13,2.548099994659424,0.01610160731098859,0.023756512622429986
2023-12-14,2.5913000106811523,0.01681170309861883,0.0235955884180518
2023-12-15,2.620800018310547,0.011319937252912336,0.02312322880809025
2023-12-18,2.672800064086914,0.019647014374615926,0.02339031760536359
2023-12-19,2.7167999744415283,0.01632807168947224,0.022627519623239802
2023-12-20,2.7084999084472656,-0.0030597654135168443,0.02188877273471456
2023-12-21,2.6967999935150146,-0.004329059780792038,0.021811993681716955
2023-12-22,2.6612000465393066,-0.013288716159331674,0.021868044443864268
2023-12-26,2.668800115585327,0.0028518101184536113,0.020836760774551134
2023-12-27,2.6238999366760254,-0.016967240026121894,0.02101119894994114
2023-12-28,2.556299924850464,-0.02610086534391162,0.02127124915075486
2023-12-29,2.553100109100342,-0.0012525212929835592,0.020001951657419123
2024-01-02,2.5257999897003174,-0.010750509676980035,0.019954663741493673
2024-01-03,2.6043999195098877,0.030644451322993153,0.020133998405716582
2024-01-04,2.588399887084961,-0.006162410897651579,0.019372542852019056
2024-01-05,2.6085000038146973,0.007735464365236765,0.019424222226032538
2024-01-08,2.576900005340576,-0.012188216764734505,0.01948453290444513
2024-01-09,2.650399923324585,0.028123414895810387,0.020242927863917994
2024-01-10,2.600600004196167,-0.018968353825175987,0.020460862994326777
2024-01-11,2.673799991607666,0.027758489179535502,0.020639457325297116
2024-01-12,2.669300079345703,-0.0016843829485188445,0.020629047954255336
2024-01-16,2.660599946975708,-0.0032646541414180818,0.020359085818771168
2024-01-17,2.653599977493286,-0.0026344411690910085,0.016983349987929688
2024-01-18,2.6935999393463135,0.01496136617789555,0.017203571666498396
2024-01-19,2.662100076675415,-0.011763252537028828,0.017295907193753433
2024-01-22,2.69350004196167,0.011726164907320341,0.016743291419183945
2024-01-23,2.6912999153137207,-0.0008171619327863952,0.016596076452928793
2024-01-24,2.68179988861084,-0.0035361474563476445,0.01650018905896542
2024-01-25,2.7953999042510986,0.041487005488179574,0.017996458832750334
2024-01-26,2.843400001525879,0.017025344939738802,0.01634297079758584
2024-01-29,2.833899974822998,-0.0033466738094959213,0.016239655117563236
2024-01-30,2.80679988861084,-0.009608841236071562,0.016211679239482323
2024-01-31,2.808199882507324,0.0004986621487310605,0.016132610853647616
2024-02-01,2.712899923324585,-0.0345255216901225,0.017125482296752155
2024-02-02,2.6600000858306885,-0.01969199010835711,0.017239551657509955
2024-02-05,2.7248001098632812,0.024068916185262457,0.017813684331273415
2024-02-06,2.7427000999450684,0.006547801864873229,0.017829007465935007
2024-02-07,2.815200090408325,0.02609046602867135,0.018219406740890867
2024-02-08,2.8907999992370605,0.02649994102317871,0.018766477239981382
2024-02-09,2.964200019836426,0.025073908069908214,0.018819639859113
2024-02-12,2.919600009918213,-0.015160564240223504,0.018314157912344895
2024-02-13,2.895900011062622,-0.008150676631813653,0.01843088926501962
2024-02-14,2.8101000785827637,-0.030075849495181873,0.01928916425806799
2024-02-15,2.823699951171875,0.00482796653562027,0.018602623730531703
2024-02-16,2.8066000938415527,-0.006074244630153999,0.018601183100528423
2024-02-20,2.7314999103546143,-0.027122943736394903,0.019349339561353693
2024-02-21,2.705199956893921,-0.009675045250407665,0.019293231729548114
2024-02-22,2.752000093460083,0.01715212324776073,0.01887292368742315
2024-02-23,2.68969988822937,-0.022898332356040916,0.019031105453000297
2024-02-26,2.762700080871582,0.026778870010113334,0.018984611276374064
2024-02-27,2.746000051498413,-0.006063165586201785,0.019023472096471816
2024-02-28,2.6582999229431152,-0.032458534347803734,0.01996937907040249
2024-02-29,2.683799982070923,0.009546902252289016,0.020038296214317925
2024-03-01,2.704200029373169,0.007572436800336826,0.019897773256865602
2024-03-04,2.647200107574463,-0.021303612542236675,0.02016881675555673
2024-03-05,2.6064999103546143,-0.015494227429327765,0.020226594157677774
2024-03-06,2.663300037384033,0.0215576785909194,0.02064535684450547
2024-03-07,2.694700002670288,0.011720912477571134,0.020751772488692394
2024-03-08,2.640899896621704,-0.020167152893769615,0.019535118165261312
2024-03-11,2.6517999172210693,0.004118894474620225,0.019244018013469914
2024-03-12,2.616499900817871,-0.013401114558639913,0.019349680070542746
2024-03-13,2.6851000785827637,0.025880491557668917,0.019984668495376143
2024-03-14,2.7088000774383545,0.008787760503049644,0.020070052686294915
2024-03-15,2.7269999980926514,0.00669634217958965,0.019097416346298024
2024-03-18,2.7881999015808105,0.02219408787436125,0.01912614560187924
2024-03-19,2.760699987411499,-0.009911924837735548,0.01875021792211666
2024-03-20,2.69569993019104,-0.02382638120301973,0.019222942558246612
2024-03-21,2.668800115585327,-0.010028908505486848,0.01861671679360592
2024-03-22,2.65339994430542,-0.005787160981352496,0.017842632498872316
2024-03-25,2.6786000728607178,0.009452481661141847,0.017216370735567987
2024-03-26,2.621799945831299,-0.021433213051239495,0.017401506984848904
2024-03-27,2.598599910736084,-0.008888280004962914,0.017408698190312405
2024-03-28,2.615600109100342,0.0065207543006579995,0.016760405055995565
2024-04-01,2.6270999908447266,0.004387014312831659,0.01675404816980321
2024-04-02,2.711899995803833,0.03176892196544295,0.017856657838781504
2024-04-03,2.7323999404907227,0.0075308274017741594,0.017227958720888302
2024-04-04,2.741300106048584,0.0032519770267722854,0.01713877330575084
2024-04-05,2.7730000019073486,0.01149746819826392,0.016979010319708745
2024-04-08,2.7286999225616455,-0.016104490394694512,0.01670262870118292
2024-04-09,2.677000045776367,-0.0191284952886841,0.016308402792200815
2024-04-10,2.7076001167297363,0.011365895126107198,0.016433635123397846
2024-04-11,2.6598000526428223,-0.017811724975249868,0.015649355746878812
2024-04-12,2.6851000785827637,0.009467048692432664,0.015647685939528713
2024-04-15,2.6542000770568848,-0.011574680428312962,0.01571917499382832
2024-04-16,2.6512999534606934,-0.0010932518587736639,0.015227655072118177
2024-04-17,2.574700117111206,-0.029317000234803332,0.01590817989235946
2024-04-18,2.533900022506714,-0.015973441256129702,0.01559375029599623
2024-04-19,2.541300058364868,0.002916157386656313,0.015415051926947157
2024-04-22,2.5604000091552734,0.007487715771413537,0.015112233613058048
2024-04-23,2.579200029373169,0.007315784857221299,0.015160999037559712
2024-04-24,2.5499000549316406,-0.011425120460882935,0.015109132927002885
2024-04-25,2.5504000186920166,0.00019605268504224147,0.014244649611104651
2024-04-26,2.5481998920440674,-0.0008630317432341385,0.014107583031540145
2024-04-29,2.5313000679016113,-0.006654153610737552,0.014032955164243
2024-04-30,2.513400077819824,-0.0070965824279599,0.01325422550764284
2024-05-01,2.451900005340576,-0.02477321277468567,0.013771364570174591
2024-05-02,2.4430999755859375,-0.003595521662646528,0.0132501651518652
2024-05-03,2.4433999061584473,0.00012275885813758494,0.013201395638882243
2024-05-06,2.461400032043457,0.007339833192800216,0.013320824978417361
2024-05-07,2.46560001373291,0.001704884379033068,0.013155106210317518
2024-05-08,2.476099967956543,0.0042495376343014415,0.012726847682188906
2024-05-09,2.47760009765625,0.0006056603046993491,0.012665124944170051
2024-05-10,2.4344000816345215,-0.01759003595816214,0.012895633734893093
2024-05-13,2.436800003051758,0.0009853512767657834,0.012848831879432317
2024-05-14,2.4200000762939453,-0.006918132716104984,0.011114530136632807
2024-05-15,2.423099994659424,0.0012801382351786735,0.01095227517402347
2024-05-16,2.443700075149536,0.008465605006326772,0.011111593478520431
2024-05-17,2.486299991607666,0.017282343280220668,0.011432333706747918
2024-05-20,2.4870998859405518,0.00032166902299329283,0.011205778302238567
2024-05-21,2.4623000621795654,-0.010021429495489342,0.01087478282321495
2024-05-22,2.43179988861084,-0.012464219669299207,0.010673841080604908
2024-05-23,2.411799907684326,-0.008258359664265148,0.010372906002024096
2024-05-24,2.413599967956543,0.0007460771758217251,0.010123051129184792
2024-05-28,2.4649999141693115,0.0210723770883952,0.010951872222393655
2024-05-29,2.437000036239624,-0.011423983161243411,0.011069038527439064
2024-05-30,2.3694000244140625,-0.028131020671235133,0.010972802653429571
2024-05-31,2.363600015640259,-0.002450881735905579,0.010685700826791981
2024-06-03,2.2962000370025635,-0.028930288314247026,0.011682998521569843
2024-06-04,2.285900115966797,-0.004495728177053906,0.011502047632123437
2024-06-05,2.301100015640259,0.006627405656037076,0.011479813739064834
2024-06-06,2.357599973678589,0.02425686500560083,0.012468749247760638
2024-06-07,2.3517000675201416,-0.0025056416849998063,0.01245750758771627
2024-06-10,2.4147000312805176,0.026436569148011162,0.013546117425632349
2024-06-11,2.421299934387207,0.0027294901782662626,0.013538352250525906
2024-06-12,2.4407999515533447,0.008021275653512423,0.013603322469772009
2024-06-13,2.486799955368042,0.01867089089385515,0.013291596688903153
2024-06-14,2.470599889755249,-0.00653573396758662,0.013333390776580157
2024-06-17,2.4825000762939453,0.004805156171984823,0.013357742834184203
2024-06-18,2.5208001136779785,0.015310208887022399,0.013575365143437662
2024-06-20,2.5244998931884766,0.0014666244499412912,0.013574884084557147
2024-06-21,2.491499900817871,-0.013158082075738792,0.013792076187014609
2024-06-24,2.521399974822998,0.0119293938985836,0.013957334468959956
2024-06-25,2.509399890899658,-0.004770655562908669,0.013572670197025533
2024-06-26,2.5374999046325684,0.011135669517883749,0.013697934527332527
2024-06-27,2.547600030899048,0.0039724448590818095,0.013615325104274836
2024-06-28,2.516900062561035,-0.012123741260557626,0.013847954277267012
2024-07-01,2.6147000789642334,0.0381213879992887,0.01535598108243084
2024-07-02,2.629699945449829,0.005720352115939458,0.015108914244155397
2024-07-03,2.6342999935150146,0.0017477390917406874,0.015106120810478168
2024-07-05,2.602400064468384,-0.01218336864050398,0.015170057590877755
2024-07-08,2.5790998935699463,-0.008993661349653391,0.015070080905688508
2024-07-09,2.5236001014709473,-0.021753965876691848,0.01557848535702711
2024-07-10,2.518399953842163,-0.0020627328106163686,0.015591672515279055
2024-07-11,2.518199920654297,-7.9431836141772e-05,0.015144011581205052
2024-07-12,2.5095999240875244,-0.0034209814310699935,0.01499259587544781
2024-07-15,2.5136001110076904,0.0015926850365528499,0.013948330723242865
2024-07-16,2.4688000679016113,-0.017983802551396946,0.014399075819732782
2024-07-17,2.49399995803833,0.010155600302144381,0.013280072437558865
2024-07-18,2.486799955368042,-0.0028911049672975275,0.013253068493412859
2024-07-19,2.419100046157837,-0.027601136215031075,0.014341570077652207
2024-07-22,2.434799909591675,0.006468991255438154,0.013730090923844647
2024-07-23,2.409899950027466,-0.010279348376518699,0.013872594005006842
2024-07-24,2.452399969100952,0.017481892177494265,0.013390247007063606
2024-07-25,2.4711999893188477,0.0076367339930997966,0.013448062802240653
2024-07-26,2.4196999073028564,-0.021060331067426403,0.013939792187762208
2024-07-29,2.375,-0.018646089745950695,0.013854256753814553
2024-07-30,2.3368000984191895,-0.01621492327813262,0.014085545435538152
2024-07-31,2.4154999256134033,0.033123760008324385,0.01543188973849426
2024-08-01,2.406399965286255,-0.003774433869005034,0.015130519793374443
2024-08-02,2.31850004196167,-0.0372113973997846,0.016454700872351097
2024-08-05,2.2985999584198,-0.00862021908484439,0.01637723032171997
2024-08-06,2.295799970626831,-0.0012188700082095389,0.016146925179178213
2024-08-07,2.355600118637085,0.025714168597174653,0.016977622082492917
2024-08-08,2.357800006866455,0.0009334613359923746,0.016804484807241192
2024-08-09,2.3396999835968018,-0.0077062747765073185,0.016785876110588637
2024-08-12,2.4065001010894775,0.028150742756260803,0.0176079756926609
2024-08-13,2.38919997215271,-0.007214881547346678,0.015958908357242636
2024-08-14,2.3682000637054443,-0.008828370405442546,0.01590554087502208
2024-08-15,2.3778998851776123,0.004087497137322134,0.015937819827073544
2024-08-16,2.328700065612793,-0.0209074968196362,0.016181091847583526
2024-08-19,2.2634999752044678,-0.02839792319340321,0.01677668504877222
2024-08-20,2.263200044631958,-0.00013251621341568365,0.016464805241189557
2024-08-21,2.2497000694274902,-0.005982855871858013,0.01646749162952299
2024-08-22,2.2634999752044678,0.006115372085273808,0.016553860298804776
2024-08-23,2.2997000217437744,0.015866412160820766,0.01692949734074973
2024-08-26,2.3480000495910645,0.020785233986217802,0.017459901986013365
2024-08-27,2.2862000465393066,-0.026672852120243718,0.017798320248311152
2024-08-28,2.229099988937378,-0.025293159364231994,0.018099106025105876
2024-08-29,2.2839999198913574,0.02433034511799713,0.018811623440155915
2024-08-30,2.251499891281128,-0.01433164424774565,0.018359810369453024
2024-09-03,2.2060000896453857,-0.020415651003796827,0.018567276218127832
2024-09-04,2.1575000286102295,-0.022230804232113505,0.018848509976231966
2024-09-05,2.1689000129699707,0.005269975330130194,0.01850427489084058
2024-09-06,2.115000009536743,-0.025165315559061055,0.01875458828129217
2024-09-09,2.139400005340576,0.011470601378849902,0.018745689339329255
2024-09-10,2.058000087738037,-0.03879073834166161,0.019624754144915633
2024-09-11,2.0917000770568848,0.01624248927256632,0.019865559156001415
2024-09-12,2.118799924850464,0.012872685903169033,0.018891550740445955
2024-09-13,2.0843000411987305,-0.01641676798855645,0.019018420310937565
2024-09-16,2.0968000888824463,0.005979328184919911,0.01809167798776353
2024-09-17,2.136699914932251,0.018850127537500046,0.018506184163592093
2024-09-18,2.1475000381469727,0.005041849685579647,0.018555600818387988
2024-09-19,2.171999931335449,0.011343977818468798,0.0179862112947016
2024-09-20,2.1614999771118164,-0.004845955921653702,0.0179768463204884
2024-09-23,2.1451001167297363,-0.007616188779682676,0.017976022874488493
2024-09-24,2.180500030517578,0.016367996539524258,0.01739360989765143
2024-09-25,2.1602001190185547,-0.0093533571980466,0.017414630172542103
2024-09-26,2.1361000537872314,-0.011219103436715429,0.017445965475884707
2024-09-27,2.132699966430664,-0.0015929947804901145,0.017392211665733674
2024-09-30,2.1317999362945557,-0.0004221034916176872,0.017089899253260345
2024-10-01,2.1742000579833984,0.019694144067112382,0.016874219229183442
2024-10-02,2.1821000576019287,0.0036269348158145523,0.016897452543848508
2024-10-03,2.2946999073028564,0.05031433334517923,0.019304497273645898
2024-10-04,2.312700033187866,0.007813611883858169,0.019323526123653213
2024-10-07,2.396199941635132,0.03546843736494287,0.020166479130543397
2024-10-08,2.2971999645233154,-0.04219315030184253,0.021320647173846952
2024-10-09,2.276900053024292,-0.008876082594644494,0.020815500997472793
2024-10-10,2.3508999347686768,0.03198331384454211,0.021053845000392195
2024-10-11,2.343899965286255,-0.0029820119360346254,0.020631075371435752
2024-10-14,2.274199962615967,-0.030187868108258367,0.021228228776936475
2024-10-15,2.187700033187866,-0.038777546958229915,0.02209418241392058
2024-10-16,2.1747000217437744,-0.005960044820611388,0.021733462823913943
2024-10-17,2.194499969482422,0.009063482248437794,0.021774585778058065
2024-10-18,2.1521999835968018,-0.019463649077200003,0.02156772942807223
2024-10-21,2.183300018310547,0.014346934911012747,0.02162412628848244
2024-10-22,2.236999988555908,0.02429817531859961,0.020701538659589944
2024-10-23,2.22160005569458,-0.006907995312138465,0.020613698765601332
2024-10-24,2.2023000717163086,-0.008725380713047515,0.020598328279924034
2024-10-25,2.238100051879883,0.016125013457284832,0.02049036354618754
2024-10-28,2.1285998821258545,-0.05016288357583683,0.022604362793132483
2024-10-29,2.133699893951416,0.0023930809785350903,0.022341892868841848
2024-10-30,2.1875998973846436,0.024947493355778186,0.02278933433444669
2024-10-31,2.2195000648498535,0.01447696892743222,0.022847292513874202
2024-11-01,2.2342000007629395,0.006601247985914317,0.022846700584019337
2024-11-04,2.28410005569458,0.02208887555995741,0.023098117548941914
2024-11-05,2.3041999340057373,0.008761417924908126,0.022977447342644362
2024-11-06,2.2699999809265137,-0.014953692890064369,0.023093970844159154
2024-11-07,2.286400079727173,0.007198739972748082,0.022984540308254035
2024-11-08,2.2388999462127686,-0.020993913264282623,0.023366635981888064
2024-11-11,2.1975998878479004,-0.018618845034334388,0.02365585800691372
2024-11-12,2.2107999324798584,0.005988605670900411,0.023413750300677137
2024-11-13,2.2193000316619873,0.0038374346772753858,0.02341473371701889
2024-11-14,2.2123000621795654,-0.003159118673098553,0.02144973153121002
2024-11-15,2.1709001064300537,-0.018890849301756666,0.02161542783758379
2024-11-18,2.2513999938964844,0.036410365089234,0.021672502242771115
2024-11-19,2.2402000427246094,-0.004987075560294473,0.020320108510408497
2024-11-20,2.226300001144409,-0.006224151491183963,0.02028967837540023
2024-11-21,2.274399995803833,0.021375264333596055,0.019785736194444126
2024-11-22,2.274899959564209,0.00021979810840954065,0.019783884953686055
2024-11-25,2.235300064086914,-0.01756060170206677,0.01926902736049437
2024-11-26,2.2404000759124756,0.0022789793209468338,0.017869351054703272
2024-11-27,2.2035999298095703,-0.01656210047318138,0.018110728659600134
2024-11-29,2.193000078201294,-0.004821849668550292,0.018060104300461524
2024-12-02,2.1777000427246094,-0.0070012114993441,0.017737966245082587
2024-12-03,2.2177000045776367,0.018201331260072205,0.017856091393836062
2024-12-04,2.1673998832702637,-0.022942386206261326,0.017769750774692013
2024-12-05,2.1556999683380127,-0.005412756540037694,0.01775485456289268
2024-12-06,2.1326000690460205,-0.010773557131291163,0.017789474525777046
2024-12-09,2.183500051498413,0.0235871925503443,0.018087888182902
2024-12-10,2.1861000061035156,0.0011900196254371778,0.015502759984256738
2024-12-11,2.223299980163574,0.016873432567046764,0.015774266126626083
2024-12-12,2.236599922180176,0.005964251096923887,0.015164884442124507
2024-12-13,2.2699999809265137,0.014823002272749063,0.015175822016154748
2024-12-16,2.2639999389648438,-0.0026466897089495473,0.015146764650518138
2024-12-17,2.2279000282287598,-0.016073682957035502,0.014865974533957275
2024-12-18,2.255000114440918,0.012090573279583867,0.014952220509868204
2024-12-19,2.2376999855041504,-0.007701477535415909,0.014771687652470205
2024-12-20,2.2316999435424805,-0.002684944583797073,0.01470464118828725
2024-12-23,2.226300001144409,-0.002422586409178778,0.014208030784179504
2024-12-24,2.2214999198913574,-0.002158407842884745,0.013783216853345366
2024-12-26,2.2053000926971436,-0.007319011233400879,0.013809957386604522
2024-12-27,2.244800090789795,0.017752874710734494,0.014175047883669753
2024-12-30,2.299499988555908,0.024075232210517238,0.014798879020796653
2024-12-31,2.3206000328063965,0.00913408404727245,0.01435913443845276
2025-01-02,2.3540000915527344,0.014290260662154795,0.013051464989476761
2025-01-03,2.3478000164031982,-0.0026373212815849873,0.013018290814227309
2025-01-06,2.3552000522613525,0.003146945293282774,0.012937153344487145
2025-01-07,2.366300106048584,0.0047019268728791756,0.012418327972772687
2025-01-08,2.3506999015808105,-0.006614484341771992,0.012501620667929501
2025-01-09,2.378200054168701,0.011630807525226416,0.012130233256510152
2025-01-10,2.501699924468994,0.05062654878851384,0.015025652475475795
2025-01-13,2.5332999229431152,0.012552299638240975,0.01460776821458749
2025-01-14,2.5253000259399414,-0.0031628924023186446,0.014573785137216556
2025-01-15,2.6135001182556152,0.0343304865958636,0.015361526801902007
2025-01-16,2.6171998977661133,0.0014146405323065823,0.015209783663284585
2025-01-17,2.621000051498413,0.0014509390385200448,0.014257904637748434
2025-01-21,2.5580999851226807,-0.024291154371445356,0.015180967198058677
2025-01-22,2.4842000007629395,-0.02931411318313423,0.01621698488787763
2025-01-23,2.4714999198913574,-0.005125455083161448,0.015932272121275903
2025-01-24,2.516200065612793,0.017924631659125268,0.01611767007440086
2025-01-27,2.4600000381469727,-0.022588487559866168,0.016689030929494336
2025-01-28,2.4500999450683594,-0.004032547821131069,0.01673523134053085
2025-01-29,2.4539999961853027,0.0015905271041985415,0.016587668441045783
2025-01-30,2.475399971008301,0.00868264267762144,0.01659311198346971
2025-01-31,2.484499931335449,0.003669417011207182,0.016198362699819762
2025-02-03,2.463099956512451,-0.008650702871257056,0.016267453035912163
2025-02-04,2.429800033569336,-0.013611738297626755,0.01643571939833875
2025-02-05,2.384200096130371,-0.018945284632660226,0.01688300047394055
2025-02-06,2.3980000019073486,0.005771378779190968,0.01687185902551599
2025-02-07,2.430799961090088,0.01358534787130941,0.016967303367228535
2025-02-10,2.450900077819824,0.008234930519549545,0.01687848177504963
2025-02-11,2.5146000385284424,0.025658424707267927,0.017167599279883223
2025-02-12,2.4519999027252197,-0.0252097820964835,0.017513473705008584
2025-02-13,2.448699951171875,-0.0013467268555422745,0.01747364332943699
2025-02-14,2.4618000984191895,0.005335578125790455,0.01732864743732021
2025-02-18,2.4405999183654785,-0.008648952405550065,0.017412607727693236
2025-02-19,2.4565000534057617,0.006493717100101142,0.017435606508508852
2025-02-20,2.5034000873565674,0.018912248439798378,0.017719023326016815
2025-02-21,2.432300090789795,-0.0288124937207864,0.01853075972677042
2025-02-24,2.435800075531006,0.0014379265934098182,0.018424870465197175
2025-02-25,2.3903000354766846,-0.01885637975902311,0.016174949524659372
2025-02-26,2.3443000316619873,-0.019432032541275103,0.016269344352608517
2025-02-27,2.395900011062622,0.02177208439321089,0.016864817975443657
2025-02-28,2.3548998832702637,-0.017260733619565833,0.0156447114332007
2025-03-03,2.2604000568389893,-0.0409564002338297,0.017038718145297133
2025-03-04,2.2871999740600586,0.011786536765516904,0.01727412241339579
2025-03-05,2.240799903869629,-0.020495448620874504,0.0171378375768036
2025-03-06,2.22379994392395,-0.007615482993045394,0.016496619851043767
2025-03-07,2.2160000801086426,-0.003513614035546496,0.016494411887741887
2025-03-10,2.1798999309539795,-0.01642483251985367,0.016134319939043372
2025-03-11,2.1967999935150146,0.007722780564262486,0.015928576440970618
2025-03-12,2.2063000202178955,0.004315160416344602,0.015996635562852603
2025-03-13,2.1621999740600586,-0.02019070361637887,0.016250202455158434
2025-03-14,2.166599988937378,0.0020329035438264717,0.016112913011298958
2025-03-17,2.2037999629974365,0.017024012857846486,0.016523950787557907
2025-03-18,2.194499969482422,-0.004228910041434738,0.016500706595195765
2025-03-19,2.2318999767303467,0.016899013982304294,0.016815487424124226
2025-03-20,2.254300117492676,0.00998632537524624,0.016688649794750602
2025-03-21,2.2495999336242676,-0.002087162468672416,0.01662617132357507
2025-03-24,2.2571001052856445,0.003328456973359909,0.016395736691136416
2025-03-25,2.285900115966797,0.0126790205132187,0.016515443076842926
2025-03-26,2.2887001037597656,0.0012241455026171884,0.015668712529273765
2025-03-27,2.2846999168395996,-0.0017493278183606555,0.015104407203770886
2025-03-28,2.2609000205993652,-0.010471715088203788,0.015175101650468339
2025-03-31,2.313999891281128,0.023214608577124422,0.01583659179224257
2025-04-01,2.2888998985290527,-0.010906273303680337,0.015874276103439507
2025-04-02,2.322000026702881,0.014357586290935842,0.01608526865769029
2025-04-03,2.1888999938964844,-0.05902976302707053,0.018694544494851178
2025-04-04,2.081899881362915,-0.050118250433995155,0.020009441173491443
2025-04-07,2.0699000358581543,-0.005780567059358398,0.019970414228077618
2025-04-08,2.056999921798706,-0.006251741601562937,0.019810057099936197
2025-04-09,2.113600015640259,0.027144089532082038,0.02045507198738022
2025-04-10,2.0464000701904297,-0.03231047604383564,0.02053829524792156
2025-04-11,2.0652999877929688,0.00919330225902284,0.020572966337553705
2025-04-14,2.0917000770568848,0.012701680916163841,0.019591962644133685
2025-04-15,2.078399896621704,-0.006378852122262445,0.019412349551968838
2025-04-16,2.1154000759124756,0.0176456386026194,0.019488785787115964
2025-04-17,2.1522998809814453,0.017293026692232528,0.019766370567045225
2025-04-21,2.1089000701904297,-0.020370464671145005,0.020074847338356457
2025-04-22,2.1486001014709473,0.018649996658306404,0.020205716697517417
2025-04-23,2.1268999576568604,-0.010151013846866288,0.020218954935667676
2025-04-24,2.143699884414673,0.007867753496360944,0.020261988161585157
2025-04-25,2.16729998588562,0.010948892573453743,0.020039221989067723
2025-04-28,2.17549991607666,0.0037763379022277433,0.020047611435815335
2025-04-29,2.1203999519348145,-0.025653757138488237,0.02032031737238763
2025-04-30,2.0367000102996826,-0.040273871412914844,0.021529957409892306
2025-05-01,2.01200008392334,-0.012201562101725145,0.02128050269847446
2025-05-02,1.9931999444961548,-0.009387934370382395,0.021152041540200915
2025-05-05,1.9744999408721924,-0.009426187779656,0.021170352007032378
2025-05-06,2.0088000297546387,0.01722237187452896,0.021493580437444943
2025-05-07,1.9766000509262085,-0.016159320948888358,0.021371774315153292
2025-05-08,2.0399999618530273,0.031571566432132735,0.0223641695661228
2025-05-09,2.0664000511169434,0.012858198380061718,0.02256921243926656
2025-05-12,2.1110999584198,0.021401131425797672,0.02296893890103169
2025-05-13,2.171299934387207,0.028116917336893903,0.023173140802598958
2025-05-14,2.2060999870300293,0.01590020854105874,0.02333896232040318
2025-05-15,2.1659998893737793,-0.01834414733561356,0.023349593428084976
2025-05-16,2.1405999660491943,-0.01179594979710436,0.02085265466009887
2025-05-19,2.127700090408325,-0.006044521119082734,0.018695077262079775
2025-05-20,2.1289000511169434,0.0005638118218807823,0.018654784752312466
2025-05-21,2.1391000747680664,0.004779776368150144,0.01861688597718753
2025-05-22,2.117500066757202,-0.01014903570817487,0.018069033137467883
2025-05-23,2.10479998588562,-0.0060157350323554295,0.01705382173388259
2025-05-27,2.079400062561035,-0.012141023390308422,0.01714229374885177
2025-05-28,2.088099956512451,0.004175120119674386,0.016998409606743342
2025-05-29,2.0481998920440674,-0.01929323481601783,0.017324418299004742
2025-05-30,2.017199993133545,-0.015250898135008663,0.01717754823935659
2025-06-02,2.0445001125335693,0.013442908048176785,0.01704552219437431
2025-06-03,2.099900007247925,0.02673641213483622,0.017432851031890958
2025-06-04,2.0701000690460205,-0.014292779356368033,0.017244808200165915
2025-06-05,2.0945000648498535,0.011717943723801019,0.017317230645024714
2025-06-06,2.1252999305725098,0.014598043848433826,0.01747242841625133
2025-06-09,2.146399974822998,0.009879072184043639,0.017449781881246372
2025-06-10,2.1415998935699463,-0.002238844871912243,0.017435607143559805
2025-06-11,2.2053000926971436,0.029310432572324945,0.017590989377575028
2025-06-12,2.188699960708618,-0.007555853783840026,0.015852375802942395
2025-06-13,2.3587000370025635,0.07480289317941069,0.020396431643208483
2025-06-16,2.3933000564575195,0.01456255481286657,0.020270061771705775
2025-06-17,2.5051000118255615,0.045655468312062034,0.021284668800836806
2025-06-18,2.533400058746338,0.01123363863581342,0.021222541950206116
2025-06-20,2.541800022125244,0.0033102029142618792,0.02075931858120859
2025-06-23,2.363100051879883,-0.0728981618209763,0.02505351507082364
2025-06-24,2.285099983215332,-0.03356455862996532,0.025962246784131525
2025-06-25,2.2964000701904297,0.00493293015731505,0.02574064510817499
2025-06-26,2.360100030899048,0.027361294236667704,0.025715379857680246
2025-06-27,2.3071999549865723,-0.022669355514919602,0.025999355566049782
2025-06-30,2.3457999229431152,0.01659181365788289,0.025862209852968877
2025-07-01,2.326900005340576,-0.008089550350483825,0.025799557091868264
2025-07-02,2.4117000102996826,0.035794985384691475,0.02642916443648673
2025-07-03,2.369800090789795,-0.01752629557893732,0.026719208490554935
2025-07-04,2.4089999198913574,0.01640608866716958,0.0268214307276017
2025-07-07,2.421099901199341,0.005010251161644287,0.02668890799662513
2025-07-08,2.4412999153137207,0.008308708080327003,0.026622968414634112
2025-07-09,2.4091999530792236,-0.013235926909044043,0.02664793581433053
2025-07-10,2.383500099182129,-0.010724685437050232,0.026800463891816267
2025-07-11,2.4474000930786133,0.02645623732634895,0.02670661800671495
2025-07-14,2.3898000717163086,-0.023816564158209864,0.02698526805331189
2025-07-15,2.4052000045776367,0.00642335164365068,0.02694577052316633
2025-07-16,2.3914999961853027,-0.005712279543393523,0.026710673801829694
2025-07-17,2.464600086212158,0.03010877495895975,0.026872608503077485
2025-07-18,2.453000068664551,-0.0047177642336446515,0.026915606580682254
2025-07-21,2.509200096130371,0.02265222228319056,0.027051718494883945
2025-07-22,2.4518001079559326,-0.02314152284156153,0.02753630693205647
2025-07-23,2.4489998817443848,-0.0011427630273299592,0.027527873271555706
2025-07-24,2.412899971008301,-0.01485039810201902,0.027333844965873794
2025-07-25,2.4061999320983887,-0.0027806201828545507,0.027284120474156938
2025-07-28,2.4265999794006348,0.008442380748803982,0.023734465941893157
2025-07-29,2.4637999534606934,0.015213762509844658,0.023747642829948085
2025-07-30,2.4184999465942383,-0.018557363457780918,0.022438695828641102
2025-07-31,2.3994998931884766,-0.007887153396629763,0.022345513052604835
2025-08-01,2.2999000549316406,-0.04239467018869933,0.023511991422644683
2025-08-04,2.3176000118255615,0.0076665049621191875,0.01956158333872982
2025-08-05,2.250200033187866,-0.029513056671820696,0.01933921853502973
2025-08-06,2.2627999782562256,0.0055838589739435444,0.019345903310510427
2025-08-07,2.2667999267578125,0.001766138124867877,0.018626219906255986
2025-08-08,2.2792999744415283,0.005499254067158721,0.018219716731537345
2025-08-11,2.2909998893737793,0.005119988114393843,0.017969340616334113
2025-08-12,2.2441000938415527,-0.020683763419646888,0.01829005955492056
2025-08-13,2.242799997329712,-0.0005795076876274186,0.016905774689333804
2025-08-14,2.234499931335449,-0.00370762541467573,0.016666557697569574
2025-08-15,2.2249999046325684,-0.0042605859056644565,0.016304440890713295
2025-08-18,2.240299940109253,0.006852885980950341,0.016337724124029774
2025-08-19,2.2511000633239746,0.004809255030830573,0.016269598341884167
2025-08-20,2.279599905014038,0.012580933542670324,0.016375729917692945
2025-08-21,2.3250999450683594,0.01976307793068875,0.016747347598575286
2025-08-22,2.3080999851226807,-0.00733835642370787,0.015967311650619622
2025-08-25,2.3475000858306885,0.016926299845006005,0.015775152383161264
2025-08-26,2.2804999351501465,-0.028956279929938315,0.01653644660683881
2025-08-27,2.295300006866455,0.006468868182371703,0.01658590143270404
2025-08-28,2.309799909591675,0.0062973446423502085,0.015566005170583526
2025-08-29,2.266700029373169,-0.018835859310923127,0.015856629722278637
2025-09-02,2.3743999004364014,0.04641968981208057,0.017655259538517744
2025-09-03,2.3608999252319336,-0.005701861456091655,0.017211244270208103
2025-09-04,2.330699920654297,-0.01287425300409809,0.017341286613733783
2025-09-05,2.2869999408721924,-0.018927728411854333,0.01746385294968776
2025-09-08,2.3118999004364014,0.010828765027080184,0.01761325468481691
2025-09-09,2.3199000358581543,0.003454442543878559,0.017541194210636574
2025-09-10,2.333699941635132,0.005930869131386432,0.017316652655061077
2025-09-11,2.281899929046631,-0.02244656771286219,0.017460329277762542
2025-09-12,2.2899999618530273,0.0035434027318277024,0.017450745721631356
2025-09-15,2.3310999870300293,0.017788452704373812,0.015992583426796405
2025-09-16,2.3935000896453857,0.026416513691651884,0.01663773640860329
2025-09-17,2.35479998588562,-0.016300975126014156,0.01596128176552882
2025-09-18,2.3399999141693115,-0.006304899488264926,0.01600429488432311
2025-09-19,2.2988998889923096,-0.017720193314804997,0.01636838487678825
2025-09-22,2.29229998588562,-0.0028750251928298426,0.01635103435896511
2025-09-23,2.328000068664551,0.015453885182079763,0.016565922560905177
2025-09-24,2.37719988822937,0.020913718128330008,0.01646932535995809
2025-09-25,2.426500082015991,0.020526646170650423,0.016806203817917274
2025-09-26,2.4289000034332275,0.0009885577173634416,0.016767018790327562
2025-09-29,2.356600046157837,-0.03021855949689021,0.01778197999851645
2025-09-30,2.3324999809265137,-0.010279276321636466,0.017892701680012873
2025-10-01,2.3018999099731445,-0.013205815802301618,0.01807379371555198
2025-10-02,2.243499994277954,-0.025697685876387134,0.01855411087562446
2025-10-03,2.236299991607666,-0.003214433185643335,0.018157451191257706
2025-10-06,2.24429988861084,0.0035709082345447307,0.01814154263015029
2025-10-07,2.2653000354766846,0.009313597223970639,0.017935167781036276
2025-10-08,2.291300058364868,0.011412151399267706,0.01728245398738378
2025-10-09,2.2802999019622803,-0.004812397290917583,0.017263113253070797
2025-10-10,2.204400062561035,-0.033851578857606784,0.018267579732995937
2025-10-13,2.2497000694274902,0.020341513447076225,0.018389691243841266
2025-10-14,2.1975998878479004,-0.02343110008906761,0.01661301550597739
2025-10-15,2.174799919128418,-0.010429135661153383,0.016665989413276662
2025-10-16,2.1535000801086426,-0.009842206392567554,0.016611497616286924
2025-10-17,2.180000066757202,0.012230444712262539,0.01653161162263594
2025-10-20,2.1921000480651855,0.005535102986125387,0.01642229598024041
2025-10-21,2.2058000564575195,0.006230270075247783,0.016460543548589317
2025-10-22,2.2495999336242676,0.01966211264369702,0.016865432737272333
2025-10-23,2.4030001163482666,0.06596561204361531,0.020386124905289182
2025-10-24,2.40310001373291,4.1571079234260394e-05,0.020385371466176614
2025-10-27,2.4361000061035156,0.013638826162163597,0.020285623037299666
2025-10-28,2.387200117111206,-0.02027722232836881,0.020095886163268323
2025-10-29,2.424299955368042,0.015421624429847106,0.020047898698353238
2025-10-30,2.4600000381469727,0.014618560936041702,0.020149795202185006
2025-10-31,2.4312000274658203,-0.011776391533496742,0.019981109054154744
2025-11-03,2.4052999019622803,-0.010710378773652987,0.020096083828285805
2025-11-04,2.4446001052856445,0.01620695828566272,0.020114442566534663
2025-11-05,2.432499885559082,-0.004962065398287889,0.019811490817259796
2025-11-06,2.4960999488830566,0.025810005297080295,0.02001563421288706
2025-11-07,2.482100009918213,-0.005624513273150673,0.02005149454838975
2025-11-10,2.5104000568389893,0.01133714558271259,0.01926010089752685
2025-11-11,2.575700044631958,0.02567923352287929,0.019578924036851436
2025-11-12,2.481600046157837,-0.037217827120749385,0.02073396027312428
2025-11-13,2.4646999835968018,-0.006833442461236545,0.020126278633157156
2025-11-14,2.531100034713745,0.026583914993506954,0.020533335215501065
2025-11-17,2.546999931335449,0.006262164465889797,0.020536697378428816
2025-11-18,2.7011001110076904,0.05874296950871368,0.022816014365073967
2025-11-19,2.635699987411499,-0.024510341960859137,0.02344871569441014
2025-11-20,2.5332999229431152,-0.039626026360901935,0.024758895609582447
2025-11-21,2.456399917602539,-0.03082594029616596,0.024607165691690348
2025-11-24,2.406100034713745,-0.020689636053177356,0.024784669601746172
2025-11-25,2.353800058364868,-0.02197612561849467,0.024734074896030134
2025-11-26,2.325500011444092,-0.01209599365429657,0.024765481605527367
2025-11-28,2.3329999446868896,0.0032198947271405575,0.024660461195463772
2025-12-01,2.3399999141693115,0.0029959233595410716,0.02459453913883892
2025-12-02,2.312700033187866,-0.011735205188370356,0.0247194818036045
2025-12-03,2.300800085067749,-0.005158761983750246,0.024736310519246067
2025-12-04,2.3036999702453613,0.0012595875887414381,0.024494966166526654
2025-12-05,2.3629000186920166,0.025373173027561605,0.021736524400373276
2025-12-08,2.2981998920440674,-0.027763525266739766,0.02229555771645179
2025-12-09,2.2600998878479004,-0.016717150396998493,0.022274206687538416
2025-12-10,2.2730000019073486,0.005691535239266512,0.022063108748312892
2025-12-11,2.2288999557495117,-0.019592375332590138,0.02205587238611865
2025-12-12,2.197999954223633,-0.01396033522189207,0.021894133535340317
2025-12-15,2.1805999279022217,-0.007947799928188363,0.02185688430287142
2025-12-16,2.1285998821258545,-0.024135603978435078,0.022142502019579485
2025-12-17,2.1494998931884766,0.009770776014430237,0.021969732654623618
2025-12-18,2.1315999031066895,-0.008362381278046456,0.021982096798152433
2025-12-19,2.1219000816345215,-0.004560873784531159,0.02122921332126266
2025-12-22,2.158099889755249,0.016916201680821943,0.021616851039894646
2025-12-23,2.1905999183654785,0.014947287760573162,0.02171879873540053
2025-12-24,2.157599925994873,-0.015178983098042099,0.021028419293855027
2025-12-26,2.1070001125335693,-0.023731270312205694,0.020472719795389293
2025-12-29,2.127500057220459,0.009682420129591338,0.020655609167205394
2025-12-30,2.1505000591278076,0.01075279237554067,0.02001573613868051
2025-12-31,2.1205999851226807,-0.014001340242622454,0.019949300277080063
2026-01-02,2.1150999069213867,-0.0025970117962718915,0.01578149886967764
2026-01-05,2.1428000926971436,0.013011379586816915,0.01592652545097413
2026-01-06,2.0829999446868896,-0.028304292560194972,0.015243853580349123
2026-01-07,2.0566999912261963,-0.012706383416977832,0.014592821825271282
2026-01-08,2.119499921798706,0.030077422607134294,0.015720956197152153
2026-01-09,2.134999990463257,0.0072864672992797724,0.015487841513473908
2026-01-12,2.154400110244751,0.009045671473425967,0.015552411439227786
2026-01-13,2.2383999824523926,0.038249003402571626,0.017225315054341862
2026-01-14,2.281899929046631,0.019247081086526823,0.017618711093224413
2026-01-15,2.2083001136779785,-0.0327853579480247,0.018466429221497056
2026-01-16,2.237600088119507,0.013180862058642764,0.01864518907683968
2026-01-20,2.3385000228881836,0.04410580568448104,0.020378954010387175
2026-01-21,2.430500030517578,0.03858730208811068,0.021066319440871225
2026-01-22,2.36680006980896,-0.026558148743980096,0.021010761963848143
2026-01-23,2.428499937057495,0.02573489556991426,0.021206390277152126
2026-01-26,2.568000078201294,0.05585365939453365,0.0233449808910276
2026-01-27,2.646199941635132,0.029997210290135554,0.02336755704266142
2026-01-28,2.666100025177002,0.007492113303717416,0.023070880247619763
2026-01-29,2.585400104522705,-0.030736464578015574,0.02392032085042882
2026-01-30,2.735599994659424,0.056470512993784604,0.024960687755338468
2026-02-02,2.359800100326538,-0.14777387609102471,0.037882487142087605
2026-02-03,2.4093000888824463,0.02075937357325811,0.03795139214071616
2026-02-04,2.4700000286102295,0.024881876451187775,0.038100579119428435
2026-02-05,2.393199920654297,-0.031586812843883254,0.038606018145428425
2026-02-06,2.413300037384033,0.00836377159117455,0.0385570713385335
2026-02-09,2.4168999195098877,0.001490572988489716,0.03840247230467153
2026-02-10,2.3987998962402344,-0.0075171249014018915,0.03811490874427789
2026-02-11,2.4403998851776123,0.017193344187563138,0.03817594340824243
2026-02-12,2.392699956893921,-0.0197394958430865,0.03841095451292564
2026-02-13,2.3879001140594482,-0.0020080510296147758,0.03828410654804782
2026-02-16,2.302799940109253,-0.03628861856049192,0.0389710063724079
