Price,Close,Returns,Volatility_30d
Ticker,NG=F,,
Date,,,
2018-01-02,3.055999994277954,,
2018-01-03,3.007999897003174,-0.01583149758525017,
2018-01-04,2.880000114440918,-0.04348503796234301,
2018-01-05,2.7950000762939453,-0.02995819998064001,
2018-01-08,2.8350000381469727,0.014209816731794056,
2018-01-09,2.9230000972747803,0.030568568772760717,
2018-01-10,2.9059998989105225,-0.005832989046576413,
2018-01-11,3.0840001106262207,0.05944996121047875,
2018-01-12,3.200000047683716,0.03692333313474111,
2018-01-16,3.128999948501587,-0.022437376478522394,
2018-01-17,3.2320001125335693,0.03238772724908364,
2018-01-18,3.188999891281128,-0.013393821541321451,
2018-01-19,3.184999942779541,-0.001255082877562453,
2018-01-22,3.2239999771118164,0.012170546486550034,
2018-01-23,3.444000005722046,0.0660107706818686,
2018-01-24,3.509000062942505,0.018697526311588004,
2018-01-25,3.447000026702881,-0.017826819257095873,
2018-01-26,3.505000114440918,0.016686257855884002,
2018-01-29,3.63100004196167,0.035317550851389774,
2018-01-30,3.194999933242798,-0.12792103705347882,
2018-01-31,2.994999885559082,-0.0646428735784701,
2018-02-01,2.8559999465942383,-0.04752216757891354,
2018-02-02,2.8459999561309814,-0.003507541524453028,
2018-02-05,2.746999979019165,-0.035405084777978144,
2018-02-06,2.759000062942505,0.004358918573259813,
2018-02-07,2.7019999027252197,-0.02087611451169247,
2018-02-08,2.697000026702881,-0.0018521494784277089,
2018-02-09,2.5840001106262207,-0.0428014253261904,
2018-02-12,2.552000045776367,-0.01246124531236817,
2018-02-13,2.5940001010894775,0.01632374144476025,
2018-02-14,2.5869998931884766,-0.0027022629486544896,0.03868520573345713
2018-02-15,2.5799999237060547,-0.0027094925538681167,0.038639145482235224
2018-02-16,2.558000087738037,-0.008563631906111478,0.03796349891986025
2018-02-20,2.615999937057495,0.022420672078243945,0.03793067640383991
2018-02-21,2.6589999198913574,0.016303672599163755,0.037963836585249926
2018-02-22,2.634000062942505,-0.009446454916268825,0.03747494916243814
2018-02-23,2.625,-0.003422731173669366,0.037472292571747556
2018-02-26,2.6389999389648438,0.00531913834946176,0.035598497442997694
2018-02-27,2.683000087738037,0.016535569751905302,0.03495552668952586
2018-02-28,2.6670000553131104,-0.005981338205253129,0.034815479449346105
2018-03-01,2.697999954223633,0.011556474879084991,0.03424036114681334
2018-03-02,2.694999933242798,-0.0011125612285872086,0.03422256860048982
2018-03-05,2.7039999961853027,0.0033339771797580506,0.03425294958145357
2018-03-06,2.749000072479248,0.016505078778829115,0.03433890487649123
2018-03-07,2.7769999504089355,0.010133954918092882,0.031755054940317655
2018-03-08,2.75600004196167,-0.007590822089897346,0.03137693506459334
2018-03-09,2.7320001125335693,-0.008746385477527723,0.0313231381752458
2018-03-12,2.7780001163482666,0.016697303314722668,0.03132343536266684
2018-03-13,2.7860000133514404,0.002875593935770556,0.03032960611552916
2018-03-14,2.7309999465942383,-0.019939057213766407,0.020534865050626246
2018-03-15,2.680999994277954,-0.018477965816653927,0.01742311001746926
2018-03-16,2.687999963760376,0.002607552059373222,0.015355773554970384
2018-03-19,2.6510000228881836,-0.013860473238219179,0.015505936489369881
2018-03-20,2.674999952316284,0.009012426581600825,0.014317464968692973
2018-03-21,2.638000011444092,-0.013928303888988934,0.01447491734443817
2018-03-22,2.617000102996826,-0.007992395728453741,0.014065397652223872
2018-03-23,2.5910000801086426,-0.009984730406826037,0.014159140995437577
2018-03-26,2.618000030517578,0.010366746646524134,0.011944351398534923
2018-03-27,2.690999984741211,0.02750218692992725,0.012663255605711566
2018-03-28,2.697999954223633,0.0025978747443216013,0.012363626019885937
2018-03-29,2.7330000400543213,0.012889180782952273,0.012515899236206397
2018-04-02,2.683000087738037,-0.018464317456784205,0.013032801987230114
2018-04-03,2.697000026702881,0.0052044499135957155,0.01291519354147274
2018-04-04,2.7179999351501465,0.007756237811000241,0.012372521794119372
2018-04-05,2.674999952316284,-0.015946929347268508,0.012422675490604747
2018-04-06,2.7009999752044678,0.009672703108066415,0.012401136367324919
2018-04-09,2.693000078201294,-0.0029662227621588284,0.012396007843263489
2018-04-10,2.6559998989105225,-0.01383464931479983,0.012648704189608883
2018-04-11,2.674999952316284,0.0071281689688922345,0.012343034696387742
2018-04-12,2.686000108718872,0.004103776054888576,0.012314620811263109
2018-04-13,2.734999895095825,0.018078258940585384,0.01257613194217518
2018-04-16,2.752000093460083,0.006196556514127021,0.012615474203531958
2018-04-17,2.73799991607666,-0.005100257816955276,0.012648633495392688
2018-04-18,2.739000082015991,0.00036522400978518903,0.012278559429897584
2018-04-19,2.6600000858306885,-0.02926676516392929,0.013215265895681394
2018-04-20,2.739000082015991,0.029266765163929287,0.014292587472632281
2018-04-23,2.740000009536743,0.000365003655829442,0.014201370479554111
2018-04-24,2.7809998989105225,0.014852615021239236,0.01413083589692737
2018-04-25,2.7860000133514404,0.0017963412481658786,0.014124729840369592
2018-04-26,2.821000099182129,0.012484587028411622,0.013782782386803461
2018-04-27,2.7709999084472656,-0.017883234337118904,0.01375407791733439
2018-04-30,2.763000011444092,-0.0028911827580523604,0.013769933281399757
2018-05-01,2.802000045776367,0.014016414168660939,0.013678601215663739
2018-05-02,2.753999948501587,-0.017279082644881854,0.014041095402823424
2018-05-03,2.7260000705718994,-0.01021902244418158,0.01392119859700184
2018-05-04,2.7109999656677246,-0.005517801310319719,0.013872751125416936
2018-05-07,2.740999937057495,0.011005236504846866,0.013819647523937708
2018-05-08,2.7320001125335693,-0.003288811457858139,0.013755077716517574
2018-05-09,2.736999988555908,0.0018284429778342459,0.01284498774192073
2018-05-10,2.813999891281128,0.027744494179914692,0.013769446736052656
2018-05-11,2.805999994277954,-0.0028469404161518,0.013615678313871558
2018-05-14,2.8420000076293945,0.01274805271837383,0.013274907126200029
2018-05-15,2.8359999656677246,-0.002113435795423845,0.013279689068115172
2018-05-16,2.815000057220459,-0.007432314645363927,0.01332929195864601
2018-05-17,2.8589999675750732,0.015509620080184956,0.013172795423564438
2018-05-18,2.8469998836517334,-0.0042061345698935415,0.013145621602424266
2018-05-21,2.809999942779541,-0.013081304446427043,0.013398179102129296
2018-05-22,2.9079999923706055,0.034281094065183156,0.014355138708446126
2018-05-23,2.9140000343322754,0.002061162507166066,0.014334948489147108
2018-05-24,2.940000057220459,0.008882881258480404,0.014375829121012863
2018-05-25,2.938999891281128,-0.0003402503683420235,0.014100871158120734
2018-05-29,2.875,-0.022016676195675454,0.014764020926510128
2018-05-30,2.884999990463257,0.0034722224051189896,0.014715601153246816
2018-05-31,2.9519999027252197,0.022957977131631554,0.015212370565137212
2018-06-01,2.9619998931884766,0.0033818059989333027,0.013979577581789745
2018-06-04,2.930000066757202,-0.010862233971993778,0.013342814176042418
2018-06-05,2.890000104904175,-0.013745907389641134,0.013656479432030287
2018-06-06,2.8959999084472656,0.0020739044865935984,0.013432008922430481
2018-06-07,2.930000066757202,0.011672002903047513,0.013563678055886796
2018-06-08,2.890000104904175,-0.013745907389641134,0.013688032333103676
2018-06-11,2.9489998817443848,0.020209551309533193,0.0136614032238637
2018-06-12,2.938999891281128,-0.0033967392879066974,0.013668050977496632
2018-06-13,2.9630000591278076,0.008132938101824475,0.013532088420087648
2018-06-14,2.9649999141693115,0.000674714954919046,0.01304458997911585
2018-06-15,3.0220000743865967,0.01904188496383696,0.013157265791624616
2018-06-18,2.9509999752044678,-0.023774800907184108,0.013982065449547216
2018-06-19,2.9000000953674316,-0.017433317680636332,0.014367247658263117
2018-06-20,2.9639999866485596,0.021828933051556865,0.014781570270079657
2018-06-21,2.9749999046325684,0.003704304012007173,0.014781650140663372
2018-06-22,2.944999933242798,-0.0101352125057436,0.01418123991921676
2018-06-25,2.9230000972747803,-0.007498275027371022,0.014255823889342028
2018-06-26,2.938999891281128,0.005458831036790699,0.014116501797850527
2018-06-27,2.996000051498413,0.019208732399040238,0.01448023705545426
2018-06-28,2.940000057220459,-0.018868482030698124,0.01487755223541538
2018-06-29,2.9240000247955322,-0.00545705044579501,0.014685452186588588
2018-07-02,2.861999988555908,-0.021431873231911563,0.015213165588937528
2018-07-03,2.869999885559082,0.0027913127610198394,0.015010897306202689
2018-07-05,2.8369998931884766,-0.011564871719392978,0.013755938304159577
2018-07-06,2.8580000400543213,0.007374975345231832,0.01382838981446166
2018-07-09,2.828000068664551,-0.010552321207906154,0.013821796120834031
2018-07-10,2.7880001068115234,-0.014245241105137252,0.014020405154330296
2018-07-11,2.8289999961853027,0.014598759761563999,0.013787841696729308
2018-07-12,2.796999931335449,-0.011375901300538466,0.013904939110668013
2018-07-13,2.752000093460083,-0.016219435638583038,0.013404841854742009
2018-07-16,2.759000062942505,0.0025403640167874107,0.01339333543276564
2018-07-17,2.740000009536743,-0.0069103941681278955,0.013326161534081657
2018-07-18,2.7209999561309814,-0.006958480201821187,0.013180815492402739
2018-07-19,2.7690000534057617,0.017486819797125075,0.013637888444727306
2018-07-20,2.756999969482422,-0.004343142503311355,0.013416365076825627
2018-07-23,2.7209999561309814,-0.013143677293813596,0.013398667353921756
2018-07-24,2.7320001125335693,0.004034539220733127,0.01278517129373865
2018-07-25,2.7750000953674316,0.015616798665585402,0.013205976448546767
2018-07-26,2.7799999713897705,0.0018001358460570161,0.013089946439756323
2018-07-27,2.822000026702881,0.014994945481921781,0.013451668325113832
2018-07-30,2.796999931335449,-0.008898473222552303,0.012926805143144952
2018-07-31,2.7820000648498535,-0.005377272858699439,0.012308189503754409
2018-08-01,2.757999897003174,-0.008664374785408878,0.012029157071231521
2018-08-02,2.815999984741211,0.0208116908508346,0.01196186891338621
2018-08-03,2.8529999256134033,0.013053613281055854,0.012226582708951887
2018-08-06,2.859999895095825,0.0024505419937314718,0.012131927840540367
2018-08-07,2.8970000743865967,0.012854156312346914,0.012322200414293489
2018-08-08,2.9489998817443848,0.017790345268569763,0.012720111728419392
2018-08-09,2.9549999237060547,0.0020325353065712326,0.012207187407795188
2018-08-10,2.944000005722046,-0.003729422229207691,0.011723250964137177
2018-08-13,2.930000066757202,-0.004766756997255753,0.011712751528653854
2018-08-14,2.9590001106262207,0.009848964991421882,0.011109569706394012
2018-08-15,2.940000057220459,-0.0064418099910943764,0.011189024620789047
2018-08-16,2.9079999923706055,-0.010944043765646535,0.011165911039248307
2018-08-17,2.946000099182129,0.012982794659463679,0.011325167045135455
2018-08-20,2.940999984741211,-0.0016986973235899748,0.011127078235455138
2018-08-21,2.9800000190734863,0.013173652534253556,0.010930004048331119
2018-08-22,2.9560000896453857,-0.008086273505271763,0.010828306939407801
2018-08-23,2.9639999866485596,0.00270266951676587,0.010554268530333172
2018-08-24,2.9170000553131104,-0.015983993081393894,0.010540383392039542
2018-08-27,2.875999927520752,-0.014155295190519642,0.010940794054950603
2018-08-28,2.8519999980926514,-0.008379912774118705,0.010982422448567345
2018-08-29,2.8949999809265137,0.014964602553261151,0.01113976974999533
2018-08-30,2.874000072479248,-0.007280291560757006,0.010872067132596995
2018-08-31,2.9159998893737793,0.014507963332971633,0.011080974770868649
2018-09-04,2.822999954223633,-0.032412643152901204,0.012454504453541787
2018-09-05,2.7950000762939453,-0.009967999152204782,0.012607095825806453
2018-09-06,2.7720000743865967,-0.00826302574099558,0.012388685706596281
2018-09-07,2.7760000228881836,0.001441942726932922,0.012387027524269114
2018-09-10,2.803999900817871,0.010035882911104051,0.01221120155947597
2018-09-11,2.828000068664551,0.008522838513892234,0.012198163973459696
2018-09-12,2.8289999961853027,0.0003535186564267875,0.01214987579508987
2018-09-13,2.816999912261963,-0.0042508332226820576,0.012060743480224298
2018-09-14,2.7669999599456787,-0.017908771419254697,0.011905729246454295
2018-09-17,2.813999891281128,0.016843233728135593,0.01207433738533782
2018-09-18,2.933000087738037,0.04141889985220431,0.014290772418760492
2018-09-19,2.9079999923706055,-0.008560262861722581,0.014204545451645156
2018-09-20,2.9760000705718994,0.023114583636836255,0.014463749832025826
2018-09-21,2.9769999980926514,0.00033594070842335997,0.014460073784989575
2018-09-24,3.0380001068115234,0.020283357939136194,0.01489055428166478
2018-09-25,3.0820000171661377,0.014379303135647939,0.015042279782032406
2018-09-26,3.0209999084472656,-0.019990870368634134,0.015464531241161135
2018-09-27,3.055999994277954,0.011518997332782393,0.015526404495261938
2018-09-28,3.007999897003174,-0.01583149758525017,0.015684040408510787
2018-10-01,3.0940001010894775,0.028189412976993677,0.01631351360498947
2018-10-02,3.1659998893737793,0.023004141693247247,0.016756915204785564
2018-10-03,3.2300000190734863,0.020013216622801748,0.016953122548046713
2018-10-04,3.1649999618530273,-0.020329099596285857,0.017363737473799004
2018-10-05,3.1429998874664307,-0.006975321532461758,0.017445272072301208
2018-10-08,3.2669999599456787,0.03869439834773537,0.01833984737867043
2018-10-09,3.2660000324249268,-0.0003061158823596917,0.01804482487140679
2018-10-10,3.2839999198913574,0.005496162720265703,0.017887372573988654
2018-10-11,3.2219998836517334,-0.019059918552354307,0.018288362673831056
2018-10-12,3.1610000133514404,-0.01911381118692551,0.01865434721249688
2018-10-15,3.242000102996826,0.025302017625733492,0.01898174106566313
2018-10-16,3.239000082015991,-0.000925789572432224,0.017756648420447097
2018-10-17,3.319999933242798,0.024700097310221242,0.017904556013874577
2018-10-18,3.197999954223633,-0.0374391627231046,0.019419568941462732
2018-10-19,3.25,0.01612939624394485,0.019517790120354213
2018-10-22,3.138000011444092,-0.0350693383838672,0.020829969283272385
2018-10-23,3.2119998931884766,0.023308104872836792,0.0211196554108203
2018-10-24,3.1659998893737793,-0.014424836313748149,0.02138422641263382
2018-10-25,3.2019999027252197,0.011306657678273184,0.021372108474990298
2018-10-26,3.184999942779541,-0.005323313136621451,0.021042727418783123
2018-10-29,3.184999942779541,0.0,0.020931679214381188
2018-10-30,3.187000036239624,0.0006277757477575847,0.019715311480722135
2018-10-31,3.260999917984009,0.022953824850340282,0.019929284639862755
2018-11-01,3.236999988555908,-0.007386900247910454,0.019687518430122324
2018-11-02,3.2839999198913574,0.014415195787856412,0.01979422069833698
2018-11-05,3.566999912261963,0.08266271458304006,0.024386524690348497
2018-11-06,3.555000066757202,-0.0033697997460020407,0.024375235230564864
2018-11-07,3.555000066757202,0.0,0.02394474463209119
2018-11-08,3.5429999828338623,-0.00338126099535174,0.023968515990032257
2018-11-09,3.7190001010894775,0.04848102108658078,0.024905425494616083
2018-11-12,3.7880001068115234,0.018383361396340964,0.024682071923696616
2018-11-13,4.10099983215332,0.07939260196051805,0.02790017506411027
2018-11-14,4.836999893188477,0.16506386627697278,0.039920681180498206
2018-11-15,4.038000106811523,-0.18054512541642592,0.05312864766627428
2018-11-16,4.271999835968018,0.056332516918657184,0.053761907940837725
2018-11-19,4.699999809265137,0.09548040487323298,0.05576114219549249
2018-11-20,4.5229997634887695,-0.03838702992920869,0.05648261463993855
2018-11-21,4.451000213623047,-0.016046600176807573,0.056689638397341875
2018-11-23,4.308000087738037,-0.032655058367664185,0.05698464341072648
2018-11-26,4.248000144958496,-0.014025461596868924,0.05690349240638484
2018-11-27,4.26200008392334,0.0032902353039181093,0.05683928307400787
2018-11-28,4.715000152587891,0.10101039508015006,0.059215367369946544
2018-11-29,4.645999908447266,-0.014742333805139259,0.05937317727169921
2018-11-30,4.611999988555908,-0.0073450147170663165,0.058774240212285625
2018-12-03,4.339000225067139,-0.0610176412384879,0.06026539623465377
2018-12-04,4.456999778747559,0.026831885635903746,0.05973949280692791
2018-12-06,4.327000141143799,-0.029601350460788108,0.060164359780967125
2018-12-07,4.48799991607666,0.03653265565883109,0.06017230113550792
2018-12-10,4.545000076293945,0.01262059489489,0.06017253489827469
2018-12-11,4.4070000648498535,-0.030833543840746283,0.060599769447203126
2018-12-12,4.136000156402588,-0.063465025553976,0.06208036017507197
2018-12-13,4.124000072479248,-0.0029055912913655687,0.06209956979144062
2018-12-14,3.8269999027252197,-0.07474240270416053,0.06385717958533763
2018-12-17,3.5280001163482666,-0.0813500099024623,0.06576460679381596
2018-12-18,3.8380000591278076,0.08422024186832057,0.0674017140669952
2018-12-19,3.7260000705718994,-0.029616121871610303,0.06605571942140431
2018-12-20,3.5829999446868896,-0.039134868234624504,0.06646723597568405
2018-12-21,3.815999984741211,0.063002326702242,0.06744677135961319
2018-12-24,3.4670000076293945,-0.09591308068394398,0.06979340641964517
2018-12-26,3.5429999828338623,0.02168415213478783,0.06931178615333973
2018-12-27,3.6419999599456787,0.027559149269275104,0.06942323875398573
2018-12-28,3.302999973297119,-0.09770183198330451,0.06985230606143981
2018-12-31,2.940000057220459,-0.11642153751088875,0.0646227421756944
2019-01-02,2.9579999446868896,0.0061037447757803665,0.056806274284726774
2019-01-03,2.944999933242798,-0.004404551153542098,0.055412084479644394
2019-01-04,3.0439999103546143,0.033063616114005545,0.05230661661202341
2019-01-07,2.944000005722046,-0.03340320773931557,0.052235934440323255
2019-01-08,2.9670000076293945,0.007782141069842259,0.05238961507901824
2019-01-09,2.9839999675750732,0.005713327595150284,0.05237468559313883
2019-01-10,2.9690001010894775,-0.005039441645304693,0.05238981772742323
2019-01-11,3.0989999771118164,0.042854241589996345,0.053276905058458154
2019-01-14,3.5910000801086426,0.14735126613217306,0.057155747762436475
2019-01-15,3.500999927520752,-0.025382116282029854,0.05722508102550119
2019-01-16,3.384000062942505,-0.03399016092607913,0.05739808747182927
2019-01-17,3.4130001068115234,0.008533240876056586,0.05667987454224677
2019-01-18,3.4820001125335693,0.020015172444591146,0.05654892728279156
2019-01-22,3.0399999618530273,-0.13574937079487145,0.06107224352377373
2019-01-23,2.9800000190734863,-0.01993419595197219,0.060398756971231496
2019-01-24,3.0989999771118164,0.039156164502131906,0.06098816519494376
2019-01-25,3.177999973297119,0.02517258829216368,0.061272528066560625
2019-01-28,2.9110000133514404,-0.08775539036207348,0.062145395033195494
2019-01-29,2.950000047683716,0.013308517165665838,0.062294912057267796
2019-01-30,2.8540000915527344,-0.033083635382311946,0.06128500630808839
2019-01-31,2.813999891281128,-0.014114631076184854,0.059788524779585815
2019-02-01,2.7339999675750732,-0.028841193615330597,0.05731751754407794
2019-02-04,2.6600000858306885,-0.027439571381089028,0.05729491497577175
2019-02-05,2.6619999408721924,0.0007515427003379268,0.05708754505700715
2019-02-06,2.6619999408721924,0.0,0.05544835489085106
2019-02-07,2.5510001182556152,-0.04259221224487586,0.05348581317139162
2019-02-08,2.5829999446868896,0.012466007183168157,0.05332239490487057
2019-02-11,2.6419999599456787,0.022584698240113922,0.05320746340385071
2019-02-12,2.687999963760376,0.017261218239372773,0.050811323361436914
2019-02-13,2.575000047683716,-0.042947856545252884,0.046974581740680574
2019-02-14,2.572999954223633,-0.0007770371250884642,0.04693821716591084
2019-02-15,2.625,0.02000838053502827,0.047153711778784926
2019-02-19,2.6619999408721924,0.013996801717534155,0.04676613819275767
2019-02-20,2.635999917984009,-0.009815112234666286,0.04646020304945684
2019-02-21,2.697000026702881,0.022877468532094988,0.04666993186783974
2019-02-22,2.7170000076293945,0.007388279193682468,0.04668193871758851
2019-02-25,2.8359999656677246,0.04286626331176884,0.047427580983590324
2019-02-26,2.8550000190734863,0.006677253224703142,0.04671477182273909
2019-02-27,2.7990000247955322,-0.019809630396676752,0.03719498008625139
2019-02-28,2.812000036239624,0.004633767443881625,0.03712342825996353
2019-03-01,2.8589999675750732,0.01657591516291312,0.03701784149923248
2019-03-04,2.8570001125335693,-0.0006997393614682189,0.03693440527726009
2019-03-05,2.884000062942505,0.009406078610072807,0.03672765892916677
2019-03-06,2.8410000801086426,-0.015022110178036388,0.02751000334097645
2019-03-07,2.865999937057495,0.008761176374794259,0.027372690391608882
2019-03-08,2.865000009536743,-0.00034895394877567173,0.026288077032468108
2019-03-11,2.7720000743865967,-0.03299924533276106,0.026312998862853217
2019-03-12,2.7839999198913574,0.00431960553486869,0.02113414120072645
2019-03-13,2.819999933242798,0.012848147579738477,0.02112319196954092
2019-03-14,2.8550000190734863,0.01233498851144901,0.020396766125498116
2019-03-15,2.7950000762939453,-0.021239715885060614,0.020607322827584634
2019-03-18,2.8499999046325684,0.019486826914658334,0.020177733595270416
2019-03-19,2.874000072479248,0.008385852057476014,0.019460351660203268
2019-03-20,2.819999933242798,-0.01896795159852269,0.019853284512216077
2019-03-21,2.821000099182129,0.000354605901103497,0.01985220628778603
2019-03-22,2.753000020980835,-0.024400233396807913,0.018688994516696627
2019-03-25,2.755000114440918,0.0007262503626793013,0.018596673293834222
2019-03-26,2.740000009536743,-0.005459560263688106,0.018235339305572147
2019-03-27,2.7130000591278076,-0.009902868409494864,0.01808483726000464
2019-03-28,2.7119998931884766,-0.0003687247776788767,0.016139141555397956
2019-03-29,2.6619999408721924,-0.01860863293224719,0.016557512673204114
2019-04-01,2.7079999446868896,0.017132636863091022,0.01645246149540983
2019-04-02,2.684000015258789,-0.008902109829683973,0.01636143661520039
2019-04-03,2.677000045776367,-0.0026114431564371603,0.01626080798629916
2019-04-04,2.6429998874664307,-0.012782188593907756,0.015868330020280597
2019-04-05,2.6640000343322754,0.007914172521450066,0.015877831396128445
2019-04-08,2.7079999446868896,0.01638156905857878,0.013999674713606327
2019-04-09,2.6989998817443848,-0.003329044402949136,0.013916111061752102
2019-04-10,2.700000047683716,0.00037050044965573713,0.013500731797703246
2019-04-11,2.6640000343322754,-0.01342302510528539,0.013633518154425867
2019-04-12,2.6600000858306885,-0.0015026105048501135,0.01318535032082995
2019-04-15,2.5899999141693115,-0.026668312488599424,0.013902467305874203
2019-04-16,2.572000026702881,-0.006974025814664451,0.013707733690801442
2019-04-17,2.5169999599456787,-0.02161611651785738,0.013944432164015681
2019-04-18,2.490000009536743,-0.010784985933028537,0.013781551239983333
2019-04-22,2.5239999294281006,0.01356220241199219,0.01416137335072725
2019-04-23,2.4549999237060547,-0.027718186549105923,0.013820055360790801
2019-04-24,2.4619998931884766,0.0028472542086939246,0.013791900658281613
2019-04-25,2.5139999389648438,0.020901101511736377,0.0142052529284303
2019-04-26,2.565999984741211,0.020473174356966984,0.014596877482279303
2019-04-29,2.5929999351501465,0.010467221300024792,0.01441923309302945
2019-04-30,2.575000047683716,-0.0069659289132950174,0.013824869969184575
2019-05-01,2.619999885559082,0.017324721459617647,0.014179042319933118
2019-05-02,2.5889999866485596,-0.011902578480851677,0.013963153952860897
2019-05-03,2.566999912261963,-0.008533827902622302,0.013987117161260684
2019-05-06,2.5239999294281006,-0.016892950991164966,0.013656990525527461
2019-05-07,2.5369999408721924,0.00513734059232727,0.013720917436652599
2019-05-08,2.609999895095825,0.028367923830477645,0.014835114200530531
2019-05-09,2.5950000286102295,-0.005763653498442287,0.0147745503174717
2019-05-10,2.61899995803833,0.009206021860566316,0.014902298815190422
2019-05-13,2.621000051498413,0.0007633944860977492,0.014535489717374611
2019-05-14,2.6589999198913574,0.014394138143872571,0.014429033963791821
2019-05-15,2.6010000705718994,-0.02205406853440846,0.01488237982975369
2019-05-16,2.6389999389648438,0.014504020793932041,0.015146066183286237
2019-05-17,2.63100004196167,-0.003036016385949872,0.014976593610704518
2019-05-20,2.6730000972747803,0.015837455541294933,0.015192051331773428
2019-05-21,2.61299991607666,-0.022702519127538432,0.015422858023787695
2019-05-22,2.5429999828338623,-0.027154474731221907,0.016133826743104467
2019-05-23,2.578000068664551,0.013669451462175977,0.016381567613847656
2019-05-24,2.5980000495910645,0.007728006184767768,0.016307548284495405
2019-05-28,2.5820000171661377,-0.0061776382637384305,0.016336447375402827
2019-05-29,2.632999897003174,0.0195595423236624,0.016007940532536565
2019-05-30,2.546999931335449,-0.033207672358172846,0.01711154129168241
2019-05-31,2.4539999961853027,-0.037196824304090034,0.017993724980394317
2019-06-03,2.4030001163482666,-0.021001339561985626,0.01828269081181093
2019-06-04,2.4159998893737793,0.005395229111316187,0.018115562778585687
2019-06-05,2.378000020980835,-0.015853427192087703,0.017645910690676482
2019-06-06,2.3239998817443848,-0.022970018986333603,0.018073047327086922
2019-06-07,2.3369998931884766,0.005578221747026683,0.017616532637280937
2019-06-10,2.3570001125335693,0.008521661846226703,0.01721112445096959
2019-06-11,2.3989999294281006,0.017662282741941145,0.017451293175794698
2019-06-12,2.385999917984009,-0.005433665138461804,0.017440289539632798
2019-06-13,2.325000047683716,-0.025898229753435493,0.01752769514208625
2019-06-14,2.38700008392334,0.02631732296674804,0.01830393725442593
2019-06-17,2.385999917984009,-0.0004190932133125046,0.018274808583788302
2019-06-18,2.328000068664551,-0.024608729937607147,0.018537670831014794
2019-06-19,2.2760000228881836,-0.022590033043868744,0.01882274751327833
2019-06-20,2.184999942779541,-0.04080372396070412,0.01900513746613412
2019-06-21,2.186000108718872,0.00045763712880466913,0.019040861369973457
2019-06-24,2.302999973297119,0.05213916975521868,0.021637518856933973
2019-06-25,2.308000087738037,0.0021687774168762677,0.021650345518277332
2019-06-26,2.2909998893737793,-0.007393031476549667,0.021367322082875638
2019-06-27,2.3239998817443848,0.014301432921097404,0.021395649990805263
2019-06-28,2.308000087738037,-0.006908401444547608,0.021120975719256568
2019-07-01,2.2669999599456787,-0.017924032803633923,0.02126063210274764
2019-07-02,2.240000009536743,-0.011981483732542857,0.020926136649126008
2019-07-03,2.2899999618530273,0.022075930783658302,0.021279636200618075
2019-07-05,2.4179999828338623,0.05438894418520695,0.023377196990640763
2019-07-08,2.4030001163482666,-0.006222739921035705,0.02320830910381125
2019-07-09,2.424999952316284,0.009113499553805584,0.023230409254414948
2019-07-10,2.444000005722046,0.007804538924553071,0.023290053329745423
2019-07-11,2.4159998893737793,-0.011522809367042692,0.022995161911710058
2019-07-12,2.453000068664551,0.015198558984854383,0.02248543682676681
2019-07-15,2.4079999923706055,-0.018515268990201776,0.021700677876214665
2019-07-16,2.305999994277954,-0.04328210491272705,0.022776494325452777
2019-07-17,2.303999900817871,-0.0008677195796494695,0.022740989382893307
2019-07-18,2.2869999408721924,-0.00740581059907418,0.02261010867934346
2019-07-19,2.250999927520752,-0.015866359460864662,0.022411672927194048
2019-07-22,2.312000036239624,0.0267384367588027,0.022954327931562473
2019-07-23,2.299999952316284,-0.005203864281655374,0.02290796768850444
2019-07-24,2.2200000286102295,-0.035401893431374704,0.02347364580588155
2019-07-25,2.24399995803833,0.010752760189274487,0.02359163448574136
2019-07-26,2.1689999103546143,-0.03399377844650072,0.023917927269093312
2019-07-29,2.1410000324249268,-0.012993165762148987,0.023365641429170095
2019-07-30,2.13700008392334,-0.0018700091437261772,0.023360276758210567
2019-07-31,2.2330000400543213,0.0439429751868913,0.02456365456530085
2019-08-01,2.2019999027252197,-0.013979996670630964,0.024356826738986037
2019-08-02,2.121000051498413,-0.037478294262041266,0.02417681498647138
2019-08-05,2.069999933242798,-0.02433912483537533,0.024546631656189366
2019-08-06,2.1110000610351562,0.019613222751673636,0.022732527227619502
2019-08-07,2.0829999446868896,-0.013352662054801791,0.022789704715392604
2019-08-08,2.128000020980835,0.02137344561451983,0.023217889703396874
2019-08-09,2.11899995803833,-0.004238321855232381,0.02300209428835621
2019-08-12,2.1050000190734863,-0.006628783288197083,0.023000545339446097
2019-08-13,2.1470000743865967,0.019756077348021317,0.023189402319511578
2019-08-14,2.1429998874664307,-0.0018648895641310615,0.023109852579322798
2019-08-15,2.2320001125335693,0.04069143095805526,0.023996930455364576
2019-08-16,2.200000047683716,-0.014440712898642901,0.021714821966244798
2019-08-19,2.2100000381469727,0.0045351507520485805,0.021751116845616182
2019-08-20,2.2179999351501465,0.0036133268994536214,0.02167034601339229
2019-08-21,2.1700000762939453,-0.021878656979320857,0.02183823066588267
2019-08-22,2.1589999198913574,-0.005082088282710598,0.021792966445071303
2019-08-23,2.1519999504089355,-0.0032474951727942784,0.021498171645082657
2019-08-26,2.2300000190734863,0.03560397476979744,0.022516277606361587
2019-08-27,2.2019999027252197,-0.012635599900322536,0.021265489725476615
2019-08-28,2.250999927520752,0.02200853560106832,0.021696153604069984
2019-08-29,2.2960000038146973,0.0197939503928675,0.02197605493730462
2019-08-30,2.2850000858306885,-0.004802418209941653,0.021790386404592375
2019-09-03,2.3580000400543213,0.031447757192912616,0.022001864155963675
2019-09-04,2.444999933242798,0.03623127652153139,0.022903361010782483
2019-09-05,2.434999942779541,-0.004098362587884771,0.021826595930646148
2019-09-06,2.496000051498413,0.024742738104167022,0.022143303288507887
2019-09-09,2.5850000381469727,0.03503605157788368,0.021689639876826084
2019-09-10,2.5799999237060547,-0.001936153355212706,0.021451057265624775
2019-09-11,2.552000045776367,-0.010911985942237723,0.021631370019588207
2019-09-12,2.5739998817443848,0.008583679811590151,0.020417154132740718
2019-09-13,2.614000082015991,0.015420583346114406,0.020192124799170194
2019-09-16,2.680999994277954,0.025308210541830994,0.018763950027127753
2019-09-17,2.6679999828338623,-0.004860735500234157,0.01793169067687574
2019-09-18,2.63700008392334,-0.011687182422834543,0.018169353882888314
2019-09-19,2.5380001068115234,-0.03826552781934446,0.01965952759077213
2019-09-20,2.5339999198913574,-0.0015773610916801303,0.019510216767358937
2019-09-23,2.5269999504089355,-0.0027662415038580126,0.019485881755004292
2019-09-24,2.503000020980835,-0.009542787949663172,0.019557463715133432
2019-09-25,2.502000093460083,-0.0003995714330437688,0.019406139241852888
2019-09-26,2.427999973297119,-0.03002258719950848,0.02040963460164952
2019-09-27,2.4040000438690186,-0.009933827278055394,0.01935058482419303
2019-09-30,2.3299999237060547,-0.03126580008787869,0.020087530199919275
2019-10-01,2.2829999923706055,-0.020377870627596138,0.02048642146416657
2019-10-02,2.246999979019165,-0.01589438033990312,0.020711702938923722
2019-10-03,2.3289999961853027,0.035843005398364984,0.021241844528862276
2019-10-04,2.3519999980926514,0.009827039961141109,0.021236202899420586
2019-10-07,2.302999973297119,-0.021053419981709377,0.021657269466392126
2019-10-08,2.2880001068115234,-0.006534489042815022,0.020768393142666416
2019-10-09,2.2339999675750732,-0.023884434068191004,0.021118960093394236
2019-10-10,2.2179999351501465,-0.0071878264425290035,0.020762417267661152
2019-10-11,2.2139999866485596,-0.0018050314342044084,0.020406137010607277
2019-10-14,2.2799999713897705,0.029374602162018926,0.02113962886059266
2019-10-15,2.3389999866485596,0.025548051475855645,0.020861904747649002
2019-10-16,2.302999973297119,-0.015510872650135185,0.01985471862409225
2019-10-17,2.318000078201294,0.00649216941037341,0.019910093261875886
2019-10-18,2.319999933242798,0.0008623782494651253,0.019286478896882637
2019-10-21,2.23799991607666,-0.035984584513087454,0.018882669742669132
2019-10-22,2.2720000743865967,0.015077961209009318,0.019224217677760086
2019-10-23,2.2820000648498535,0.0043917462583896285,0.019244038977495343
2019-10-24,2.315999984741211,0.014789273264451626,0.01941353970205508
2019-10-25,2.299999952316284,-0.006932450919271708,0.019087723954875607
2019-10-28,2.446000099182129,0.061544975610629965,0.021954936161068184
2019-10-29,2.5969998836517334,0.05990281006590025,0.0247745297445519
2019-10-30,2.690999984741211,0.035555978194880704,0.025554359086144143
2019-10-31,2.632999897003174,-0.021789024677963165,0.0248560880768528
2019-11-01,2.7139999866485596,0.030299715096706693,0.02540740321946007
2019-11-04,2.821000099182129,0.03866791068515095,0.02623587768280968
2019-11-05,2.861999988555908,0.014429209957265965,0.02618463009025096
2019-11-06,2.828000068664551,-0.011950904821047374,0.026343122473235767
2019-11-07,2.7720000743865967,-0.0200006641519293,0.025956418326095562
2019-11-08,2.7890000343322754,0.006114012792591022,0.025815454107582396
2019-11-11,2.63700008392334,-0.05604118175878088,0.02736386552192084
2019-11-12,2.621000051498413,-0.006085995206805561,0.027045106340086035
2019-11-13,2.5999999046325684,-0.008044535641998325,0.026877417688248223
2019-11-14,2.6470000743865967,0.017915542999537126,0.026359188194880614
2019-11-15,2.687999963760376,0.015370457831708623,0.026418876366937648
2019-11-18,2.565999984741211,-0.046449148931982716,0.02764280026214154
2019-11-19,2.509999990463257,-0.02206551090272412,0.02798257980102329
2019-11-20,2.559000015258789,0.01933381379625223,0.027656747016051173
2019-11-21,2.566999912261963,0.003121304569345464,0.027570074590425
2019-11-22,2.6649999618530273,0.03746617559395591,0.028167984151619967
2019-11-25,2.5309998989105225,-0.051589601681288996,0.02970572481856411
2019-11-26,2.4700000286102295,-0.024396279399483134,0.029825667376866656
2019-11-27,2.500999927520752,0.012472460692399736,0.029702404767369867
2019-11-29,2.2809998989105225,-0.09207672393117676,0.034360588384918664
2019-12-02,2.3289999961853027,0.020825090280094178,0.034581200056756
2019-12-03,2.440999984741211,0.046968795895490904,0.03490890235205562
2019-12-04,2.3989999294281006,-0.017355830719440985,0.03502061728490364
2019-12-05,2.427000045776367,0.011603991165419091,0.03506365857412153
2019-12-06,2.3340001106262207,-0.03907236434370254,0.03576107202470091
2019-12-09,2.2320001125335693,-0.04468548632472931,0.03667540924658774
2019-12-10,2.2639999389648438,0.014235038444615888,0.03486578883045128
2019-12-11,2.243000030517578,-0.00931886423817685,0.0328187435479652
2019-12-12,2.328000068664551,0.037195290220504794,0.0328896879535731
2019-12-13,2.2960000038146973,-0.013841079245499453,0.03278019942652693
2019-12-16,2.3410000801086426,0.019409742609838448,0.032439325719518596
2019-12-17,2.319000005722046,-0.00944216198775464,0.031381737621036125
2019-12-18,2.2860000133514404,-0.014332489527713287,0.03115782950109097
2019-12-19,2.2730000019073486,-0.005703025503605172,0.031147867236759278
2019-12-20,2.328000068664551,0.023909013654734083,0.03155857860995781
2019-12-23,2.2139999866485596,-0.05020873110828873,0.03248592352599998
2019-12-24,2.171999931335449,-0.019152457797808917,0.0312682287754675
2019-12-26,2.2939999103546143,0.05464860917080521,0.033200182475705914
2019-12-27,2.1579999923706055,-0.06111511632843815,0.03477528651170397
2019-12-30,2.186000108718872,0.012891576187962486,0.034667023562612274
2019-12-31,2.188999891281128,0.0013713293862207725,0.034457762608595066
2020-01-02,2.121999979019165,-0.031085738570226777,0.03395943036015258
2020-01-03,2.130000114440918,0.003763003144964069,0.033874119601318115
2020-01-06,2.134999990463257,0.0023446087642665318,0.033585902443248224
2020-01-07,2.1619999408721924,0.0125670496546247,0.03371874523921921
2020-01-08,2.1410000324249268,-0.009760667116050375,0.032720481325785214
2020-01-09,2.1659998893737793,0.011609072752523252,0.031791792954576625
2020-01-10,2.2019999027252197,0.016483896620010936,0.03181632814424856
2020-01-13,2.181999921798706,-0.009124142553232415,0.03167880986514494
2020-01-14,2.187000036239624,0.0022889066934981615,0.027032263434850108
2020-01-15,2.119999885559082,-0.03111472356274888,0.027222171610197344
2020-01-16,2.0769999027252197,-0.02049153664265106,0.025683508913539804
2020-01-17,2.003000020980835,-0.036278430901316876,0.026214557829374808
2020-01-21,1.8949999809265137,-0.05542723868916121,0.027486958020588707
2020-01-22,1.9049999713897705,0.005263165090945669,0.026959313721634515
2020-01-23,1.9259999990463257,0.010963319320604865,0.0261632799905447
2020-01-24,1.8930000066757202,-0.01728243712706056,0.02600007383959452
2020-01-27,1.9019999504089355,0.004743062296368226,0.026064213327175803
2020-01-28,1.934000015258789,0.016684466870775762,0.025159024058515733
2020-01-29,1.8769999742507935,-0.029915661034764715,0.02549670304986882
2020-01-30,1.8289999961853027,-0.025905376563039487,0.025236510023728908
2020-01-31,1.840999960899353,0.006539513689076835,0.025378255691903093
2020-02-03,1.819000005722046,-0.012021978330436937,0.025360915494838418
2020-02-04,1.871999979019165,0.028720464165994414,0.026214874096678376
2020-02-05,1.8609999418258667,-0.0058934204471855,0.025580990011939277
2020-02-06,1.8619999885559082,0.0005372263082427582,0.02430283871973223
2020-02-07,1.8580000400543213,-0.002150510759338248,0.024177962603167118
2020-02-10,1.7660000324249268,-0.050783541406979514,0.02280129769965103
2020-02-11,1.7879999876022339,0.012380549275019847,0.020841692833450404
2020-02-12,1.843999981880188,0.030839445490591078,0.021652504148185342
2020-02-13,1.8259999752044678,-0.00980934671441546,0.021623308799642763
2020-02-14,1.8370000123977661,0.006006044388284298,0.021198328243514464
2020-02-18,1.9809999465942383,0.07546792777551362,0.025751471178588444
2020-02-19,1.9550000429153442,-0.01321152536851069,0.025808834032874605
2020-02-20,1.9199999570846558,-0.018065051700963466,0.025780275099882604
2020-02-21,1.9049999713897705,-0.007843170127777188,0.02576776384985882
2020-02-24,1.8270000219345093,-0.041806704158549236,0.026494875768727673
2020-02-25,1.847000002861023,0.010887413364491881,0.026352807708209344
2020-02-26,1.8209999799728394,-0.014176913018534527,0.026390507723754442
2020-02-27,1.7519999742507935,-0.03862781193041538,0.026996190726593396
2020-02-28,1.684000015258789,-0.039586052935990344,0.027295525209866806
2020-03-02,1.75600004196167,0.04186659422791846,0.028627686608189453
2020-03-03,1.7999999523162842,0.024748119302073334,0.02854036813375252
2020-03-04,1.8270000219345093,0.014888650990456461,0.026978686243622943
2020-03-05,1.7719999551773071,-0.030566462513706313,0.02747046191390222
2020-03-06,1.7079999446868896,-0.036785763906262904,0.028046007433118705
2020-03-09,1.777999997138977,0.040166072500935936,0.02905135372379069
2020-03-10,1.9359999895095825,0.08513484795319258,0.033125346109491666
2020-03-11,1.878000020980835,-0.030416591477806447,0.03345086529630995
2020-03-12,1.840999960899353,-0.019898510945842877,0.03320112832489075
2020-03-13,1.86899995803833,0.01509462500989187,0.03296852832185862
2020-03-16,1.815000057220459,-0.02931800677878645,0.03339751690441234
2020-03-17,1.7289999723434448,-0.048542308537778106,0.034480964442348876
2020-03-18,1.6039999723434448,-0.07504269850337797,0.03647190552866581
2020-03-19,1.6540000438690186,0.03069613092240383,0.037053353695474585
2020-03-20,1.6039999723434448,-0.0306961309224038,0.03736100481600028
2020-03-23,1.6019999980926514,-0.0012476447465183968,0.03736371927894059
2020-03-24,1.652999997138977,0.03133896965251781,0.036894710207836315
2020-03-25,1.659000039100647,0.003623217669031118,0.036809883197004234
2020-03-26,1.6369999647140503,-0.013349757943367504,0.03631068636173402
2020-03-27,1.6339999437332153,-0.00183431483093043,0.036295644532304806
2020-03-30,1.690000057220459,0.03369760079042753,0.036898197212046145
2020-03-31,1.6399999856948853,-0.03003232967976516,0.034105180094345086
2020-04-01,1.5870000123977661,-0.03285078375712712,0.03442942703808133
2020-04-02,1.5520000457763672,-0.02230099810024047,0.034485217201434853
2020-04-03,1.621000051498413,0.04349882326696301,0.035699293588129906
2020-04-06,1.7309999465942383,0.06565597081845147,0.037274974594053
2020-04-07,1.8519999980926514,0.06756688985257876,0.03932048127916463
2020-04-08,1.7829999923706055,-0.037968800592063374,0.0398544644099042
2020-04-09,1.7330000400543213,-0.028443300755862638,0.03956258510702893
2020-04-13,1.7239999771118164,-0.0052068748808831375,0.03887929848731711
2020-04-14,1.649999976158142,-0.043871885502414346,0.038906373969847106
2020-04-15,1.5980000495910645,-0.032022395085589093,0.03893733206920005
2020-04-16,1.6859999895095825,0.053605974980300015,0.040204890990673675
2020-04-17,1.753000020980835,0.03896976455003908,0.040544589763025475
2020-04-20,1.9240000247955322,0.09307774722337707,0.043356383195351504
2020-04-21,1.8209999799728394,-0.05502057538342618,0.04409281461150811
2020-04-22,1.9390000104904175,0.06278659192315592,0.042788284565151775
2020-04-23,1.815000057220459,-0.0660868824274979,0.04413844144235162
2020-04-24,1.746000051498413,-0.03875801233074537,0.04454727580684745
2020-04-27,1.819000005722046,0.040959415769202985,0.045131309177162654
2020-04-28,1.7940000295639038,-0.013839122565768552,0.044883062066775954
2020-04-29,1.86899995803833,0.040955725906097466,0.04454507387165574
2020-04-30,1.9490000009536743,0.04191291499271472,0.04259103698460386
2020-05-01,1.8899999856948853,-0.03073959951203125,0.04286332167114542
2020-05-04,1.9930000305175781,0.053064235040332745,0.043221789020249916
2020-05-05,2.134000062942505,0.06835712583160321,0.04459689681407468
2020-05-06,1.944000005722046,-0.09325047339295657,0.048157575831126974
2020-05-07,1.8940000534057617,-0.02605668602046065,0.04849910150686247
2020-05-08,1.8229999542236328,-0.03820755237515951,0.04902260702191602
2020-05-11,1.8259999752044678,0.0016442980075579282,0.04901345422454694
2020-05-12,1.7200000286102295,-0.05980346113440838,0.050003194436024356
2020-05-13,1.6160000562667847,-0.06237031254175794,0.051024150843285446
2020-05-14,1.680999994277954,0.039434856105067126,0.051149968374064325
2020-05-15,1.6460000276565552,-0.02104073196536572,0.051129905194812766
2020-05-18,1.7829999923706055,0.07994921554487908,0.052564015565421514
2020-05-19,1.8300000429153442,0.026018655702298773,0.051425170712107116
2020-05-20,1.7710000276565552,-0.03277161588729108,0.05025350598563534
2020-05-21,1.7100000381469727,-0.035050981594306634,0.05018324630740775
2020-05-22,1.7309999465942383,0.01220585251878368,0.04997604855067054
2020-05-26,1.7929999828338623,0.03519093970749742,0.050374651103293526
2020-05-27,1.722000002861023,-0.04040377738202791,0.05027126670666421
2020-05-28,1.8270000219345093,0.05918888173462933,0.05093256697914821
2020-05-29,1.8489999771118164,0.011969650624683711,0.05010791342808031
2020-06-01,1.7740000486373901,-0.04140802872212536,0.05027113820635041
2020-06-02,1.7769999504089355,0.0016896099611508199,0.0471322348303385
2020-06-03,1.8209999799728394,0.024459268482248563,0.0463136010141941
2020-06-04,1.8220000267028809,0.0005490237459944988,0.04477243905413037
2020-06-05,1.781999945640564,-0.022198514949690662,0.043301572704316026
2020-06-08,1.7890000343322754,0.003920525173462064,0.042702030683516974
2020-06-09,1.7669999599456787,-0.012373653047766435,0.04207856480494221
2020-06-10,1.7799999713897705,0.007330177561252389,0.0420327325897491
2020-06-11,1.812999963760376,0.0183695635531215,0.041467492835368276
2020-06-12,1.7309999465942383,-0.046283666442429594,0.04144558841599459
2020-06-15,1.6690000295639038,-0.03647458294828191,0.041586383669583636
2020-06-16,1.6139999628067017,-0.033509115589659376,0.04046833698108741
2020-06-17,1.6380000114440918,0.014760445613920873,0.03814159771040347
2020-06-18,1.6380000114440918,0.0,0.03466470510276302
2020-06-19,1.6690000295639038,0.018748669975738465,0.03472296701270281
2020-06-22,1.6640000343322754,-0.003000299361847519,0.034124291394776816
2020-06-23,1.6369999647140503,-0.016359086197649395,0.034197262966783666
2020-06-24,1.597000002861023,-0.024738405809370527,0.03278146039026217
2020-06-25,1.4819999933242798,-0.07473434865501317,0.033627273874159536
2020-06-26,1.4950000047683716,0.008733687662835382,0.0327506748412236
2020-06-29,1.7089999914169312,0.13378218907898234,0.04109361942461889
2020-06-30,1.7510000467300415,0.02427868088016685,0.03859853112919378
2020-07-01,1.6710000038146973,-0.046764828095205685,0.03915093424326931
2020-07-02,1.7339999675750732,0.037008607762714106,0.03939510815862037
2020-07-06,1.8300000429153442,0.053885130645483635,0.04006194644872383
2020-07-07,1.8760000467300415,0.024825885189099398,0.04023585567869677
2020-07-08,1.8240000009536743,-0.02810998331844895,0.040131883129666375
2020-07-09,1.7790000438690186,-0.024980458831920037,0.03968517338009735
2020-07-10,1.8049999475479126,0.014509129382448265,0.03824157552376077
2020-07-13,1.7389999628067017,-0.03725034874112051,0.03874493726023949
2020-07-14,1.746000051498413,0.004017272928096815,0.0380346528337331
2020-07-15,1.777999997138977,0.01816164857009668,0.0381863971122032
2020-07-16,1.7230000495910645,-0.031422149154983016,0.03831580538864943
2020-07-17,1.718000054359436,-0.0029061311244271224,0.038313557172831976
2020-07-20,1.6410000324249268,-0.045855023335976255,0.03898208852361728
2020-07-21,1.6749999523162842,0.02050730494193721,0.03919696164931829
2020-07-22,1.680999994277954,0.003575714213385784,0.039162289353619734
2020-07-23,1.784999966621399,0.060029545509580846,0.04073014485921458
2020-07-24,1.8079999685287476,0.01280284803121251,0.04065662621889057
2020-07-27,1.7339999675750732,-0.041790384904464864,0.04048852079887221
2020-07-28,1.7999999523162842,0.037355778752311844,0.04043518769977347
2020-07-29,1.8539999723434448,0.02955881381526218,0.040135847947350284
2020-07-30,1.8289999961853027,-0.01357608490337255,0.040222340030079004
2020-07-31,1.7990000247955322,-0.016538398571706053,0.040387463435574755
2020-08-03,2.1010000705718994,0.15518248670118537,0.04897576140032899
2020-08-04,2.193000078201294,0.04285704964272114,0.04934538238143338
2020-08-05,2.190999984741211,-0.0009124514462293448,0.049149676427732956
2020-08-06,2.1649999618530273,-0.011937709814421636,0.048895149725567626
2020-08-07,2.23799991607666,0.03316222855587041,0.04633795428406744
2020-08-10,2.1530001163482666,-0.03872029996818201,0.04731439233666837
2020-08-11,2.1710000038146973,0.008325620230977548,0.04136401307547152
2020-08-12,2.1519999504089355,-0.008790273397907269,0.04135520786070498
2020-08-13,2.181999921798706,0.013844232316242452,0.04010606333825262
2020-08-14,2.3559999465942383,0.0767233915497544,0.04169024278395561
2020-08-17,2.3389999866485596,-0.007241761227500911,0.040969991598721896
2020-08-18,2.4170000553131104,0.03280364271251395,0.041107419814982005
2020-08-19,2.4260001182556152,0.0037167346605855977,0.04053820215396755
2020-08-20,2.3519999980926514,-0.030977830041525357,0.04072848180200356
2020-08-21,2.447999954223633,0.040005316725150196,0.04110504450787402
2020-08-24,2.513000011444092,0.02620591716482823,0.04020422018244457
2020-08-25,2.489000082015991,-0.009596206778574309,0.04037706206076659
2020-08-26,2.4609999656677246,-0.01131329887845686,0.04057551060692564
2020-08-27,2.5789999961853027,0.04683396796168938,0.04027952568397369
2020-08-28,2.6570000648498535,0.029795965764777714,0.04026427602143997
2020-08-31,2.630000114440918,-0.010213801481517992,0.038924499019762915
2020-09-01,2.5269999504089355,-0.03995108092175362,0.040212027333562085
2020-09-02,2.4860000610351562,-0.016357791141505318,0.04054849113760988
2020-09-03,2.486999988555908,0.0004021425796325285,0.03961658926828932
2020-09-04,2.5880000591278076,0.039808239265862806,0.0399629649778818
2020-09-08,2.4000000953674316,-0.07541662239523668,0.041944829718450524
2020-09-09,2.4059998989105225,0.0024967984465805765,0.04166671305745971
2020-09-10,2.322999954223633,-0.035106141454348865,0.04227073143480782
2020-09-11,2.2690000534057617,-0.023520204747720184,0.042480309291904925
2020-09-14,2.309999942779541,0.017908270428099997,0.04228202295584013
2020-09-15,2.361999988555908,0.022261213167144772,0.032102120175619864
2020-09-16,2.2669999599456787,-0.041051359073119076,0.032246173753649715
2020-09-17,2.0420000553131104,-0.10452760702677938,0.03757806495702395
2020-09-18,2.0480000972747803,0.0029340078445247793,0.03754526979007514
2020-09-21,1.8350000381469727,-0.10981925237963722,0.041783216530678
2020-09-22,1.8339999914169312,-0.0005451331407732974,0.04135090265068799
2020-09-23,2.125,0.1472724332220791,0.04984416798443427
2020-09-24,2.247999906539917,0.05626908808029361,0.05088510718832497
2020-09-25,2.1389999389648438,-0.049702488890840446,0.05166820230949014
2020-09-28,2.1010000705718994,-0.017924946113299155,0.049629356171062906
2020-09-29,2.561000108718872,0.19798439421657996,0.06179438553948096
2020-09-30,2.5269999504089355,-0.01336504088753839,0.06160172913852366
2020-10-01,2.5269999504089355,0.0,0.06160082038386789
2020-10-02,2.437999963760376,-0.03585479258698486,0.06169546459723442
2020-10-05,2.615000009536743,0.07008608496923366,0.06258595056799132
2020-10-06,2.5199999809265137,-0.037005207209336186,0.0628135117579577
2020-10-07,2.6059999465942383,0.0335575642547798,0.06307754559762324
2020-10-08,2.627000093460083,0.008026088070869221,0.0630405622370789
2020-10-09,2.740999937057495,0.04248024807717486,0.06293914058141348
2020-10-12,2.88100004196167,0.049814676310046144,0.06334845264454657
2020-10-13,2.8550000190734863,-0.009065620878654064,0.06334072921656335
2020-10-14,2.635999917984009,-0.07980926426224942,0.06467104837855508
2020-10-15,2.7750000953674316,0.05138819603858454,0.06520985998198517
2020-10-16,2.7730000019073486,-0.0007210142435696916,0.06521212075019064
2020-10-19,2.7950000762939453,0.007902366582174065,0.06486095328710406
2020-10-20,2.9130001068115234,0.0413513807408429,0.06350947191917207
2020-10-21,3.0230000019073486,0.03706620178378007,0.06374830140024462
2020-10-22,3.006999969482422,-0.005306822570720038,0.06329028336970163
2020-10-23,2.9709999561309814,-0.01204431214281781,0.06312389717718743
2020-10-26,3.0239999294281006,0.01768185326528921,0.06312280706581573
2020-10-27,3.0190000534057617,-0.0016547665654317366,0.06310027850914077
2020-10-28,2.996000051498413,-0.007647585570556909,0.062493382696363946
2020-10-29,3.3010001182556152,0.09694740585120509,0.06063797103045858
2020-10-30,3.3540000915527344,0.015928202002363872,0.06058773715009529
2020-11-02,3.24399995803833,-0.03334656737959519,0.05656770497797045
2020-11-03,3.059000015258789,-0.05871905316107418,0.05823311171267044
2020-11-04,3.0460000038146973,-0.004258814431595947,0.05287377701584862
2020-11-05,2.941999912261963,-0.034739663368669925,0.052857178649872494
2020-11-06,2.888000011444092,-0.01852536736344763,0.05196278481802901
2020-11-09,2.8589999675750732,-0.010092322994393268,0.05183712392390354
2020-11-10,2.9489998817443848,0.03099418773407357,0.03814145465923175
2020-11-11,3.0309998989105225,0.02742647499091297,0.03820220376628579
2020-11-12,2.9760000705718994,-0.018312424039287872,0.03844791777162927
2020-11-13,2.994999885559082,0.006364052672233885,0.03764820418248926
2020-11-16,2.697000026702881,-0.10480413929820502,0.040918601233848995
2020-11-17,2.691999912261963,-0.001855674868207551,0.040290389619597106
2020-11-18,2.7119998931884766,0.007401951503026136,0.039869248978090896
2020-11-19,2.5920000076293945,-0.045256549259900816,0.04073796869923729
2020-11-20,2.6500000953674316,0.022129894552372707,0.04016390554260235
2020-11-23,2.7109999656677246,0.02275788186662497,0.03927452248136723
2020-11-24,2.7750000953674316,0.023333223712574028,0.039518998502892345
2020-11-25,2.8959999084472656,0.042679661344916804,0.03735883193311114
2020-11-27,2.8429999351501465,-0.018470633051453727,0.03641268621138523
2020-11-30,2.881999969482422,0.013624677129799924,0.03648605155469219
2020-12-01,2.880000114440918,-0.0006941531040188977,0.03646604166964411
2020-12-02,2.7799999713897705,-0.035339416473187425,0.036226990284632256
2020-12-03,2.506999969482422,-0.10336411040788687,0.03994600607219031
2020-12-04,2.575000047683716,0.02676274563043789,0.040398347450878676
2020-12-07,2.4059998989105225,-0.06788397709673766,0.04198137672667024
2020-12-08,2.3989999294281006,-0.002913621096567675,0.04173096436174299
2020-12-09,2.441999912261963,0.017765385319408297,0.041978147851395066
2020-12-10,2.552999973297119,0.044451788040183855,0.04301823744040756
2020-12-11,2.5910000801086426,0.01477480469807882,0.03867831723162089
2020-12-14,2.681999921798706,0.034518823203645854,0.039221224620061355
2020-12-15,2.681999921798706,0.0,0.03893355762210849
2020-12-16,2.677000045776367,-0.0018659740635676271,0.03765895634855754
2020-12-17,2.635999917984009,-0.01543419611163616,0.037712271321183766
2020-12-18,2.700000047683716,0.023989205144463854,0.037629743854838145
2020-12-21,2.7049999237060547,0.0018500934227400983,0.0375209941241956
2020-12-22,2.7799999713897705,0.02734903331743742,0.03786988206394272
2020-12-23,2.6080000400543213,-0.06386725798843776,0.03905386826095707
2020-12-24,2.5179998874664307,-0.03511876849215191,0.03898243319834738
2020-12-28,2.305000066757202,-0.08838418551998531,0.041736367825673186
2020-12-29,2.4670000076293945,0.06792213522927834,0.04394783217668075
2020-12-30,2.421999931335449,-0.01840922385925069,0.03992845855913143
2020-12-31,2.5390000343322754,0.04717669946395992,0.04099107601832451
2021-01-04,2.5810000896453857,0.016406639224778703,0.04109475758015197
2021-01-05,2.7019999027252197,0.045815248067690086,0.04112621464424103
2021-01-06,2.7160000801086426,0.0051680356545536505,0.04094739476294088
2021-01-07,2.7290000915527344,0.004775036082758374,0.04074630421081433
2021-01-08,2.700000047683716,-0.010683484603370961,0.04055380067603594
2021-01-11,2.746999979019165,0.017257608804491426,0.03987134685478678
2021-01-12,2.753000020980835,0.002181834306140705,0.03975099608126716
2021-01-13,2.7269999980926514,-0.009489130617530542,0.039680249268357524
2021-01-14,2.6659998893737793,-0.02262292290271087,0.039859931798889255
2021-01-15,2.736999988555908,0.02628324561597864,0.03970067491680504
2021-01-19,2.5460000038146973,-0.07233892424376338,0.03725823292551035
2021-01-20,2.5390000343322754,-0.0027531853890160685,0.03692946339475704
2021-01-21,2.490999937057495,-0.019086105232432295,0.03487526830458693
2021-01-22,2.446000099182129,-0.01823013319839306,0.03504859964932917
2021-01-25,2.6019999980926514,0.061826301543598354,0.03667607723427965
2021-01-26,2.6559998989105225,0.02054081419610776,0.035977471192307674
2021-01-27,2.759999990463257,0.03840948272032741,0.03653672131132568
2021-01-28,2.6640000343322754,-0.03540191070808349,0.03662783385758923
2021-01-29,2.563999891281128,-0.03826026890926681,0.037280033082693814
2021-02-01,2.8499999046325684,0.10575046416193533,0.04210850876887176
2021-02-02,2.8450000286102295,-0.0017558831836880042,0.04198612110663914
2021-02-03,2.7890000343322754,-0.019879956679374873,0.041977385720691714
2021-02-04,2.934999942779541,0.0510243128289232,0.042957100338453104
2021-02-05,2.86299991607666,-0.02483743698126166,0.04298200226845181
2021-02-08,2.881999969482422,0.006614490185402083,0.04120471381835931
2021-02-09,2.8350000381469727,-0.016442536352864877,0.04074226917488505
2021-02-10,2.9110000133514404,0.026454718714596412,0.03698961358529663
2021-02-11,2.868000030517578,-0.014881735971942409,0.03540247920665829
2021-02-12,2.9119999408721924,0.0152251766514689,0.03516670220395195
2021-02-16,3.128999948501587,0.07187333819875916,0.03642690606269287
2021-02-17,3.2190001010894775,0.02835733549235148,0.03659866088282721
2021-02-18,3.0820000171661377,-0.04349204125294251,0.03699311225513319
2021-02-19,3.069000005722046,-0.004226964965663547,0.03702601776540997
2021-02-22,2.953000068664551,-0.03853015148780733,0.037833064607154694
2021-02-23,2.878999948501587,-0.0253786322718234,0.03810552749369054
2021-02-24,2.8540000915527344,-0.00872144260904641,0.038045264379004295
2021-02-25,2.7769999504089355,-0.02735036066650888,0.038401358108275024
2021-02-26,2.7709999084472656,-0.0021629576256391833,0.03836030236721187
2021-03-01,2.7769999504089355,0.00216295762563921,0.03811046850545955
2021-03-02,2.8389999866485596,0.022080682321087834,0.038023320443457964
2021-03-03,2.815999984741211,-0.008134439910774855,0.035460829392899317
2021-03-04,2.746000051498413,-0.025172106777438544,0.0358284175527813
2021-03-05,2.7009999752044678,-0.016523260469405266,0.03577791581634052
2021-03-08,2.6640000343322754,-0.013793300064714725,0.03569750267270532
2021-03-09,2.6619999408721924,-0.0007510678045122008,0.033916097833179636
2021-03-10,2.691999912261963,0.011206681429221021,0.0337708789810583
2021-03-11,2.6679999828338623,-0.008955257571049546,0.033034117902043005
2021-03-12,2.5999999046325684,-0.025817713271638412,0.032736246832184554
2021-03-15,2.4839999675750732,-0.0456412573299352,0.033053607622106754
2021-03-16,2.562000036239624,0.030918066601875585,0.026981254047422354
2021-03-17,2.5280001163482666,-0.013359695311145168,0.027037747069800906
2021-03-18,2.4809999465942383,-0.018766839124687427,0.02701587018495738
2021-03-19,2.5350000858306885,0.021531987717643447,0.02543885873732779
2021-03-22,2.5820000171661377,0.01837062817143293,0.02549328469376353
2021-03-23,2.507999897003174,-0.029078717369480384,0.025838258239747024
2021-03-24,2.5179998874664307,0.003979309227148194,0.025785366871786855
2021-03-25,2.569999933242798,0.020440982001056474,0.025563245358226433
2021-03-26,2.556999921798706,-0.005071207205734073,0.025483893167417445
2021-03-29,2.5859999656677246,0.01127760134762802,0.02539215697841671
2021-03-30,2.622999906539917,0.014206398180290437,0.021307954230337555
2021-03-31,2.6080000400543213,-0.00573500583108897,0.020304520734509904
2021-04-01,2.6389999389648438,0.011816374970390384,0.01936772018736867
2021-04-05,2.510999917984009,-0.04971898688028196,0.02100299572079727
2021-04-06,2.4560000896453857,-0.022147000727307166,0.020349357172718505
2021-04-07,2.5199999809265137,0.025724847169028547,0.02081717086584918
2021-04-08,2.5220000743865967,0.0007933730833211045,0.020822164182572687
2021-04-09,2.5260000228881836,0.0015847659515287364,0.020374454434717065
2021-04-12,2.561000108718872,0.013760816679776047,0.020607356602752605
2021-04-13,2.61899995803833,0.022394699834440878,0.02109480195059445
2021-04-14,2.618000030517578,-0.00038187035901785557,0.020605304060698135
2021-04-15,2.6579999923706055,0.01516327827616491,0.02083127032174532
2021-04-16,2.680000066757202,0.008242862011466862,0.020434957465488863
2021-04-19,2.749000072479248,0.02542041611661734,0.020755225846626722
2021-04-20,2.7269999980926514,-0.008035132384765682,0.020643980114594153
2021-04-21,2.691999912261963,-0.012917723973678104,0.020794040202806372
2021-04-22,2.749000072479248,0.02095285635844383,0.02104376053180559
2021-04-23,2.7300000190734863,-0.00693561936529266,0.02101502330397488
2021-04-26,2.7899999618530273,0.021739965977030793,0.020732409301513054
2021-04-27,2.872999906539917,0.02931516530614301,0.019209980766036642
2021-04-28,2.924999952316284,0.017937716915027508,0.01874308497113134
2021-04-29,2.9110000133514404,-0.004797795031660681,0.018527010988200393
2021-04-30,2.930999994277954,0.006846990426470994,0.017990596843409784
2021-05-03,2.9660000801086426,0.01187061094821776,0.017779994242812173
2021-05-04,2.9670000076293945,0.00033707315537920214,0.017624715183166925
2021-05-05,2.937999963760376,-0.00982227846321008,0.016679954525884465
2021-05-06,2.927999973297119,-0.0034094784376630448,0.016754128612952605
2021-05-07,2.9579999446868896,0.010193758609882683,0.016532057513218647
2021-05-10,2.931999921798706,-0.008828588236362237,0.016622519135967614
2021-05-11,2.9549999237060547,0.007813867686718065,0.0165862523768076
2021-05-12,2.9690001010894775,0.004726604790480242,0.016483880427443406
2021-05-13,2.9730000495910645,0.001346330866492203,0.016388165376894595
2021-05-14,2.9609999656677246,-0.004044523171810019,0.01639537206860776
2021-05-17,3.1089999675750732,0.04877408312261215,0.015112294341462447
2021-05-18,3.01200008392334,-0.03169678284660041,0.015833421550197374
2021-05-19,2.9639999866485596,-0.016064634871335543,0.015949105899053528
2021-05-20,2.924999952316284,-0.01324523854761128,0.016291485707321415
2021-05-21,2.9059998989105225,-0.006516934020072612,0.016415721338558713
2021-05-24,2.885999917984009,-0.006906098428512707,0.016454726634142464
2021-05-25,2.9130001068115234,0.00931208271137709,0.01611988681806293
2021-05-26,2.9839999675750732,0.024081156830765567,0.016527897427260737
2021-05-27,2.9579999446868896,-0.008751325886140596,0.016565636350488654
2021-05-28,2.9860000610351562,0.009421373968327786,0.01657850517746505
2021-06-01,3.1040000915527344,0.03875691225861454,0.017344782124156702
2021-06-02,3.075000047683716,-0.009386715050673344,0.017378973052101187
2021-06-03,3.0409998893737793,-0.011118544448391283,0.01732157633409511
2021-06-04,3.0969998836517334,0.018247491106020718,0.01723745313885668
2021-06-07,3.069999933242798,-0.008756323568921389,0.01728033757899779
2021-06-08,3.128000020980835,0.018716289536404106,0.017181306012112436
2021-06-09,3.128999948501587,0.0003196188378268689,0.016499181366842586
2021-06-10,3.1489999294281006,0.006371471479675591,0.016267863797815533
2021-06-11,3.2960000038146973,0.04562469349660181,0.018004269671595623
2021-06-14,3.3519999980926514,0.01684756884622152,0.018148116864347013
2021-06-15,3.240000009536743,-0.0339838493031413,0.01939201668814833
2021-06-16,3.250999927520752,0.0033892862796435995,0.01938586647996668
2021-06-17,3.253000020980835,0.0006150349135815411,0.019240050491534193
2021-06-18,3.2149999141693115,-0.011750322948268214,0.01940135691180112
2021-06-21,3.190999984741211,-0.007492988478348184,0.019447567143433354
2021-06-22,3.257999897003174,0.020779136052053553,0.019602055634850193
2021-06-23,3.3329999446868896,0.02275930416367019,0.019902707850132633
2021-06-24,3.4179999828338623,0.02518279694111373,0.020274954621580098
2021-06-25,3.496000051498413,0.02256389285283265,0.02052269151183064
2021-06-28,3.617000102996826,0.03402550892176478,0.021087693233271275
2021-06-29,3.630000114440918,0.0035876983574613837,0.01953314943741974
2021-06-30,3.6500000953674316,0.005494513919280717,0.018251150866192428
2021-07-01,3.6610000133514404,0.0030091440625740215,0.017767255453829484
2021-07-02,3.700000047683716,0.010596494752632184,0.017357102408920497
2021-07-06,3.63700008392334,-0.017173643457937347,0.017765194152937137
2021-07-07,3.5959999561309814,-0.011337084669751665,0.017906774435945624
2021-07-08,3.687999963760376,0.02526219145800463,0.01820195641989248
2021-07-09,3.6740000247955322,-0.0038033023261311674,0.01805661713328099
2021-07-12,3.749000072479248,0.02020816354487571,0.017963014923807887
2021-07-13,3.696000099182129,-0.014237976472300743,0.0184077435841294
2021-07-14,3.6600000858306885,-0.00978800975014661,0.017647917719192444
2021-07-15,3.614000082015991,-0.012647956000280458,0.017752465416640266
2021-07-16,3.6740000247955322,0.01646577867785203,0.017581806178752553
2021-07-19,3.7790000438690186,0.028178442434129425,0.017904970357189496
2021-07-20,3.875999927520752,0.025344239353039935,0.0179765054108684
2021-07-21,3.9590001106262207,0.021187820737940562,0.018033968325801526
2021-07-22,4.002999782562256,0.011052529624774241,0.017985757028035124
2021-07-23,4.059999942779541,0.014138933828193935,0.018014248517472693
2021-07-26,4.1020002365112305,0.010291757787795371,0.01660090400214686
2021-07-27,3.9709999561309814,-0.032456776205961095,0.01800359434718942
2021-07-28,4.044000148773193,0.01821639684508124,0.016500922539266306
2021-07-29,4.059000015258789,0.003702303669161141,0.0164984051856806
2021-07-30,3.9140000343322754,-0.03637676387046503,0.018306222769849775
2021-08-02,3.934999942779541,0.005350989582409749,0.017992656119882
2021-08-03,4.0269999504089355,0.023110802226720985,0.018025630831673623
2021-08-04,4.1579999923706055,0.032012518046275154,0.01841789090077141
2021-08-05,4.139999866485596,-0.004338432013583603,0.018340034290927062
2021-08-06,4.139999866485596,0.0,0.018064110381127107
2021-08-09,4.059999942779541,-0.019512796067434328,0.01839530274354515
2021-08-10,4.089000225067139,0.007117536904669754,0.017567911426606835
2021-08-11,4.059000015258789,-0.007363854808592654,0.017692022325850116
2021-08-12,3.933000087738037,-0.03153412585816564,0.018819907918645195
2021-08-13,3.8610000610351562,-0.01847628266762287,0.019204320442807087
2021-08-16,3.946000099182129,0.021776199645055557,0.01948782078320263
2021-08-17,3.8369998931884766,-0.028011649307709788,0.019953214129925897
2021-08-18,3.8519999980926514,0.0039017100131549334,0.019801045973541296
2021-08-19,3.8299999237060547,-0.005727710168256874,0.019364966839557095
2021-08-20,3.8510000705718994,0.005468089885910928,0.01935536461356988
2021-08-23,3.944999933242798,0.024116064217484502,0.019497764144291233
2021-08-24,3.8959999084472656,-0.012498575094733063,0.019451270365538172
2021-08-25,3.8970000743865967,0.00025668316361494934,0.01933177962079973
2021-08-26,4.184000015258789,0.07106068496481831,0.02285165456082445
2021-08-27,4.369999885559082,0.04349525251008543,0.02383579249687604
2021-08-30,4.304999828338623,-0.014985884914836302,0.02373987442718067
2021-08-31,4.376999855041504,0.01658642708571789,0.02352561073796782
2021-09-01,4.614999771118164,0.05294829326908987,0.02499224960179497
2021-09-02,4.640999794006348,0.0056179975138030275,0.024967379379438978
2021-09-03,4.711999893188477,0.015182607807884965,0.02498137730115723
2021-09-07,4.567999839782715,-0.03103698640143303,0.02580349063246364
2021-09-08,4.914000034332275,0.07301284380574044,0.027828816793676013
2021-09-09,5.031000137329102,0.023530517720150336,0.02791876742699972
2021-09-10,4.938000202178955,-0.018658366939285412,0.028313259240461085
2021-09-13,5.230999946594238,0.057642022312522176,0.02860166397114604
2021-09-14,5.260000228881836,0.005528616084275266,0.028600757835192905
2021-09-15,5.460000038146973,0.037317726480164216,0.028946441024288647
2021-09-16,5.335000038146973,-0.023159904839399077,0.029260331200397893
2021-09-17,5.105000019073486,-0.04406843655117444,0.03071539236241019
2021-09-20,4.985000133514404,-0.023787025155833325,0.03120502332747095
2021-09-21,4.804999828338623,-0.036776423500349424,0.031847935947946014
2021-09-22,4.804999828338623,0.0,0.031862870551732835
2021-09-23,4.97599983215332,0.03496931500894943,0.032214550665625716
2021-09-24,5.139999866485596,0.03242673178587646,0.031703215318603574
2021-09-27,5.705999851226807,0.10446517322668462,0.03572973819005031
2021-09-28,5.841000080108643,0.023383802054864088,0.03574452628240478
2021-09-29,5.4770002365112305,-0.06434447978885002,0.03774414873186153
2021-09-30,5.867000102996826,0.06878589851479538,0.03910666446024567
2021-10-01,5.61899995803833,-0.043189742836759394,0.04033787663144445
2021-10-04,5.765999794006348,0.025824858828393978,0.04038189515540682
2021-10-05,6.311999797821045,0.09047398802204903,0.04273484098643291
2021-10-06,5.675000190734863,-0.10638195453555278,0.04798366717087882
2021-10-07,5.677000045776367,0.00035233527493419076,0.047982826181451624
2021-10-08,5.565000057220459,-0.019925937242356678,0.04702226447699973
2021-10-11,5.34499979019165,-0.04033548978590237,0.04742203560682572
2021-10-12,5.505000114440918,0.029495285739375522,0.04741556835551644
2021-10-13,5.590000152587891,0.015322523500404873,0.047408417100786956
2021-10-14,5.686999797821045,0.017203518309999555,0.046687496574394645
2021-10-15,5.409999847412109,-0.0499337681199844,0.047830319345324
2021-10-18,4.988999843597412,-0.0810136071241907,0.050292910541972574
2021-10-19,5.0879998207092285,0.01964933327044103,0.049998644782362635
2021-10-20,5.170000076293945,0.01598791247753277,0.04832443084532122
2021-10-21,5.114999771118164,-0.010695348620980216,0.04819493540282742
2021-10-22,5.28000020980835,0.03174878279819244,0.04838042923047409
2021-10-25,5.8979997634887695,0.11068713283824193,0.05135332119700358
2021-10-26,5.881999969482422,-0.002716435349337488,0.051366921495484316
2021-10-27,6.202000141143799,0.05297500849254096,0.05179773727576353
2021-10-28,5.7820000648498535,-0.07012218862607339,0.05334123249786788
2021-10-29,5.426000118255615,-0.06354741877897872,0.05404385554424199
2021-11-01,5.185999870300293,-0.04523957392410498,0.05453694784806681
2021-11-02,5.541999816894531,0.06639275129429764,0.05529946623149583
2021-11-03,5.670000076293945,0.022833717794197704,0.05538880598824466
2021-11-04,5.716000080108643,0.008080142887045994,0.05511265722911238
2021-11-05,5.515999794006348,-0.03561635149612621,0.05532859845492064
2021-11-08,5.427000045776367,-0.016266419070104458,0.05193177092235916
2021-11-09,4.979000091552734,-0.08615741746837709,0.05392222342385989
2021-11-10,4.880000114440918,-0.020083842731757756,0.05284641903104753
2021-11-11,5.14900016784668,0.05365731034585845,0.05219761932233831
2021-11-12,4.790999889373779,-0.07206341885136079,0.05319510786998259
2021-11-15,5.017000198364258,0.046093050229975126,0.053730239724648354
2021-11-16,5.177000045776367,0.03139356172148566,0.05114443014963462
2021-11-17,4.815999984741211,-0.07228204192385512,0.04919219063749518
2021-11-18,4.9019999504089355,0.017699570151257782,0.049364655295099646
2021-11-19,5.065000057220459,0.03271087400844997,0.04974586378952884
2021-11-22,4.789000034332275,-0.05603252046841583,0.05023079108098721
2021-11-23,4.9670000076293945,0.03649440913177145,0.05040605057031314
2021-11-24,5.067999839782715,0.020130193184148833,0.05047531462509128
2021-11-26,5.447000026702881,0.07211877245846818,0.052209293151307
2021-11-29,4.854000091552734,-0.11526187713814093,0.05555685865361775
2021-11-30,4.566999912261963,-0.060946611174151046,0.054707155420213746
2021-12-01,4.257999897003174,-0.07005697270928282,0.05586881554336537
2021-12-02,4.056000232696533,-0.048602218622451836,0.05623812512046144
2021-12-03,4.131999969482422,0.01856422021190409,0.05644470867073968
2021-12-06,3.6570000648498535,-0.12211838697140609,0.05968905487408425
2021-12-07,3.7079999446868896,0.013849475886054183,0.055266494040489715
2021-12-08,3.815000057220459,0.02844804694885701,0.05580476610800865
2021-12-09,3.813999891281128,-0.00026220106221327695,0.05441653032162968
2021-12-10,3.924999952316284,0.028687860412637548,0.054029604979732596
2021-12-13,3.7939999103546143,-0.033945491201030714,0.05333887991479246
2021-12-14,3.746999979019165,-0.012465333672442078,0.05296737508717811
2021-12-15,3.802000045776367,0.014571741894131485,0.051176756911358735
2021-12-16,3.7660000324249268,-0.009513817261440786,0.050744246309549115
2021-12-17,3.690000057220459,-0.020386965285537,0.050590024911341416
2021-12-20,3.8340001106262207,0.038282199918113144,0.05132459754058243
2021-12-21,3.86899995803833,0.00908739139531625,0.05146260522324268
2021-12-22,3.9760000705718994,0.02728024167103449,0.04991539320562873
2021-12-23,3.7309999465942383,-0.0636000266188395,0.05091599668162791
2021-12-27,4.059999942779541,0.0845066795949725,0.05251056112487946
2021-12-28,4.054999828338623,-0.001232314285818634,0.05110051504474027
2021-12-29,4.02400016784668,-0.0076741707252747015,0.05016068183910265
2021-12-30,3.561000108718872,-0.12223503968276553,0.05378018458139932
2021-12-31,3.7300000190734863,0.04636680394318617,0.05359253800795647
2022-01-03,3.815000057220459,0.022532440965970544,0.053681253601287976
2022-01-04,3.7170000076293945,-0.02602378636754699,0.053200730713907234
2022-01-05,3.881999969482422,0.04343358351783253,0.05335249249963423
2022-01-06,3.812000036239624,-0.018196481586837954,0.05274602938519687
2022-01-07,3.9159998893737793,0.026916701119784895,0.05288884108555181
2022-01-10,4.078999996185303,0.040781162981754895,0.05153176457003687
2022-01-11,4.249000072479248,0.04083181879041126,0.04827705446318158
2022-01-12,4.85699987411499,0.13373725925471433,0.053247976935778436
2022-01-13,4.269999980926514,-0.1288071146716685,0.05694353919159393
2022-01-14,4.26200008392334,-0.0018752694061794871,0.05619983644770621
2022-01-18,4.2829999923706055,0.00491514348441863,0.05611337808677202
2022-01-19,4.031000137329102,-0.06063917864863909,0.05245810693549882
2022-01-20,3.802000045776367,-0.05848726209696172,0.053603858803760604
2022-01-21,3.999000072479248,0.05051709188271125,0.054144587540531405
2022-01-24,4.0269999504089355,0.0069773215656504664,0.054152271837756935
2022-01-25,4.052999973297119,0.006435671503073209,0.05392335685134715
2022-01-26,4.2769999504089355,0.05379447659219917,0.05433654780220755
2022-01-27,6.264999866485596,0.3817267493869264,0.08766169384288737
2022-01-28,4.638999938964844,-0.30047975442423097,0.10511340655598203
2022-01-31,4.874000072479248,0.04941615746096042,0.1053516299638613
2022-02-01,4.750999927520752,-0.025559863124395968,0.1054049233812344
2022-02-02,5.500999927520752,0.14657477376846456,0.10827788177898154
2022-02-03,4.888000011444092,-0.11814665650711455,0.11085834469942304
2022-02-04,4.572000026702881,-0.06683247243746755,0.11161688719756828
2022-02-07,4.23199987411499,-0.07727608696307678,0.11193275349972195
2022-02-08,4.248000144958496,0.003773653253564321,0.1109011749335922
2022-02-09,4.008999824523926,-0.05790652817374284,0.11143092100809393
2022-02-10,3.9590001106262207,-0.012550293822870288,0.11144548230174946
2022-02-11,3.940999984741211,-0.004557001725903528,0.10905997820095664
2022-02-14,4.195000171661377,0.06245888649857961,0.10931796578152161
2022-02-15,4.306000232696533,0.026116072142598055,0.10934096523161971
2022-02-16,4.7170000076293945,0.0911635529373118,0.11031895742807568
2022-02-17,4.486000061035156,-0.0502115562158364,0.11060456813276404
2022-02-18,4.431000232696533,-0.012336104970782726,0.11056768385658686
2022-02-22,4.498000144958496,0.01500754103151513,0.11050770364788616
2022-02-23,4.623000144958496,0.02741099059757905,0.1103837243633272
2022-02-24,4.567999839782715,-0.011968439082152763,0.11019984773407908
2022-02-25,4.46999979019165,-0.021687075591386554,0.10743173188376284
2022-02-28,4.4019999504089355,-0.015329389849791281,0.1048066146194593
2022-03-01,4.572999954223633,0.03811046282708461,0.10502262562720845
2022-03-02,4.76200008392334,0.040498331022440937,0.10525330343527797
2022-03-03,4.7220001220703125,-0.00843530117349863,0.10458517813785882
2022-03-04,5.015999794006348,0.06040029774858255,0.10433798029094865
2022-03-07,4.833000183105469,-0.037165331513854455,0.10436983980073271
2022-03-08,4.5269999504089355,-0.0654079732501373,0.10518748488314232
2022-03-09,4.526000022888184,-0.0002209052309218149,0.1051889751506227
2022-03-10,4.63100004196167,0.022934284291263388,0.1048322761069853
2022-03-11,4.724999904632568,0.020094704202469022,0.07677795165480696
2022-03-14,4.6579999923706055,-0.014281370937885311,0.05366529974594499
2022-03-15,4.567999839782715,-0.019510732544365233,0.05295349215902934
2022-03-16,4.748000144958496,0.03864806999798217,0.053271778732813795
2022-03-17,4.989999771118164,0.04971235661746877,0.04659766205223585
2022-03-18,4.86299991607666,-0.02578034973119839,0.04151895072310363
2022-03-21,4.900000095367432,0.007579710415197316,0.03957647011570548
2022-03-22,5.186999797821045,0.05692023181192713,0.03781570341207142
2022-03-23,5.23199987411499,0.00863813370305757,0.03781278513901136
2022-03-24,5.401000022888184,0.031790535754214984,0.03601140511354346
2022-03-25,5.571000099182129,0.03099046299344658,0.03595130362092503
2022-03-28,5.507999897003174,-0.011373026675056486,0.03607685164758945
2022-03-29,5.335999965667725,-0.03172525998767381,0.035552929002923325
2022-03-30,5.605000019073486,0.049182757747826586,0.0362013085059354
2022-03-31,5.642000198364258,0.0065795878112395335,0.03268777339301531
2022-04-01,5.71999979019165,0.013730120973620285,0.030935940168789856
2022-04-04,5.711999893188477,-0.0013995623741377763,0.03075069635329433
2022-04-05,6.0320000648498535,0.05450943511883856,0.031866013928162795
2022-04-06,6.0289998054504395,-0.0004975142183173942,0.03174072780472934
2022-04-07,6.359000205993652,0.0532900374409947,0.03249197889344503
2022-04-08,6.2779998779296875,-0.012819725703681232,0.032223345095845776
2022-04-11,6.64300012588501,0.05651224865750659,0.03283804651007853
2022-04-12,6.679999828338623,0.0055542742176150186,0.03254070611179969
2022-04-13,6.997000217437744,0.04636355498886928,0.032730968285173155
2022-04-14,7.300000190734863,0.04239285744279617,0.032907444552473034
2022-04-18,7.820000171661377,0.06881020222639372,0.03334466849366098
2022-04-19,7.176000118255615,-0.0859424352729852,0.036959271528319175
2022-04-20,6.936999797821045,-0.03387276597766614,0.03504610386002541
2022-04-21,6.956999778747559,0.0028789398805009283,0.035006584945007545
2022-04-22,6.533999919891357,-0.06272901422004927,0.037672763290582584
2022-04-25,6.669000148773193,0.020450645039737574,0.03767562757805576
2022-04-26,6.849999904632568,0.026778692393540963,0.03745239947514319
2022-04-27,7.267000198364258,0.05909494057919894,0.03785742261320033
2022-04-28,6.888000011444092,-0.0535628101441968,0.039613764730182396
2022-04-29,7.24399995803833,0.05039276544167334,0.039636051408786004
2022-05-02,7.474999904632568,0.031390572290008786,0.03910667165369094
2022-05-03,7.953999996185303,0.06211083978733891,0.040038305280638876
2022-05-04,8.414999961853027,0.05634087680365391,0.04001809593356664
2022-05-05,8.782999992370605,0.04280221095676744,0.040282816978861206
2022-05-06,8.043000221252441,-0.08801585863569807,0.04451023329113671
2022-05-09,7.026000022888184,-0.13518461832935152,0.051948004484400706
2022-05-10,7.385000228881836,0.049833389874867684,0.05237187063671771
2022-05-11,7.639999866485596,0.03394663872657782,0.05194818754133421
2022-05-12,7.738999843597412,0.01287487437593648,0.051471942898573556
2022-05-13,7.663000106811523,-0.009868894151786784,0.05160537216659989
2022-05-16,7.955999851226807,0.03752277636535792,0.05184368406324586
2022-05-17,8.303999900817871,0.04281097218740551,0.05210679392201761
2022-05-18,8.368000030517578,0.007677596489870349,0.051501985067221374
2022-05-19,8.307999610900879,-0.007196051789911128,0.05156763143996102
2022-05-20,8.083000183105469,-0.027455745774729964,0.051374241470180555
2022-05-23,8.744000434875488,0.07860468720353124,0.05278899873905802
2022-05-24,8.795999526977539,0.005929218307121322,0.0520898336219544
2022-05-25,8.970999717712402,0.019700102194947968,0.05211823399394163
2022-05-26,8.907999992370605,-0.007047372571809019,0.05173806011694003
2022-05-27,8.72700023651123,-0.020528053256389713,0.05157289820647429
2022-05-31,8.145000457763672,-0.06901739702645772,0.05191806427754282
2022-06-01,8.696000099182129,0.06545886296858872,0.05047797656537353
2022-06-02,8.484999656677246,-0.024563303000524388,0.05024993528914585
2022-06-03,8.52299976348877,0.004468505566524696,0.050246589565039225
2022-06-06,9.321999549865723,0.08960878587284375,0.05067689277828718
2022-06-07,9.293000221252441,-0.0031156972795334742,0.05072153240623813
2022-06-08,8.699000358581543,-0.06605333463729726,0.05252901288800492
2022-06-09,8.963000297546387,0.02989690782600077,0.051814642238897334
2022-06-10,8.850000381469727,-0.012687523448649887,0.05069267071443286
2022-06-13,8.609000205993652,-0.027609310520234222,0.0504620161640664
2022-06-14,7.189000129699707,-0.18025609356038114,0.06054226832361139
2022-06-15,7.420000076293945,0.03162696941834607,0.059691122230918776
2022-06-16,7.464000225067139,0.005912426237239883,0.058683878101074616
2022-06-17,6.943999767303467,-0.07221354985112872,0.0592750445831042
2022-06-21,6.808000087738037,-0.01977953968903935,0.057370661683976164
2022-06-22,6.857999801635742,0.007317420957659107,0.05190703545889146
2022-06-23,6.238999843597412,-0.09459593705610848,0.0537146153385944
2022-06-24,6.21999979019165,-0.003050015040272704,0.05319707062393385
2022-06-27,6.500999927520752,0.04418612705355176,0.05390001079041872
2022-06-28,6.551000118255615,0.007661727727882332,0.05394950119806318
2022-06-29,6.498000144958496,-0.008123268246196162,0.05334254243728007
2022-06-30,5.423999786376953,-0.18066094830176582,0.06120695935462111
2022-07-01,5.730000019073486,0.05488202280204063,0.06238412236831277
2022-07-05,5.5229997634887695,-0.036794385959268816,0.06252921153753505
2022-07-06,5.510000228881836,-0.0023564833919100863,0.06250547578787184
2022-07-07,6.296999931335449,0.13350865389810246,0.06598042827753695
2022-07-08,6.033999919891357,-0.04266319114161727,0.06614817937453915
2022-07-11,6.426000118255615,0.06294215163568487,0.06733591792468925
2022-07-12,6.163000106811523,-0.04178858978514709,0.06756179545511264
2022-07-13,6.689000129699707,0.08190071621507194,0.06968536429637585
2022-07-14,6.599999904632568,-0.013394770943501508,0.06876360196157251
2022-07-15,7.015999794006348,0.06112359112655788,0.06861043685623633
2022-07-18,7.479000091552734,0.06390587974151071,0.06972858546746918
2022-07-19,7.263999938964844,-0.02916847255426215,0.06985460513113764
2022-07-20,8.006999969482422,0.09738552238255922,0.0702324630592536
2022-07-21,7.932000160217285,-0.009410924422734224,0.07023583102986627
2022-07-22,8.298999786376953,0.04522976901909262,0.06985299909416821
2022-07-25,8.72700023651123,0.05028669540677322,0.0702676800443029
2022-07-26,8.993000030517578,0.030024805043593887,0.07045285623942349
2022-07-27,8.687000274658203,-0.034618813430924426,0.07056095052124617
2022-07-28,8.133999824523926,-0.06577490098306173,0.06316780074070791
2022-07-29,8.229000091552734,0.011611725837322999,0.06297261771338339
2022-08-01,8.282999992370605,0.006540708945839706,0.06297356951301827
2022-08-02,7.705999851226807,-0.07220599379722088,0.06297325638424184
2022-08-03,8.265999794006348,0.07015146427112812,0.06396105020815404
2022-08-04,8.121999740600586,-0.017574293842712238,0.0641109329226652
2022-08-05,8.064000129699707,-0.007166669913425707,0.06132399584364882
2022-08-08,7.589000225067139,-0.06070986733400853,0.06259068835237036
2022-08-09,7.833000183105469,0.031645741682465055,0.06237272322282997
2022-08-10,8.20199966430664,0.046032384280372346,0.06279543968907501
2022-08-11,8.87399959564209,0.07874762134849322,0.06404113007227094
2022-08-12,8.767999649047852,-0.012016917210945697,0.05317215894046892
2022-08-15,8.727999687194824,-0.004572477487686165,0.052779879273077666
2022-08-16,9.329000473022461,0.06659166599184611,0.05272231160020874
2022-08-17,9.244000434875488,-0.009153139227127441,0.05282496559565638
2022-08-18,9.187999725341797,-0.006076484522506742,0.048174102051336105
2022-08-19,9.336000442504883,0.01597968744824112,0.04703081625328983
2022-08-22,9.680000305175781,0.036183990432959834,0.0463299031289726
2022-08-23,9.192999839782715,-0.05161962536147424,0.04676829913566512
2022-08-24,9.329999923706055,0.014792699228546148,0.04494476488493485
2022-08-25,9.375,0.004811565174493844,0.04472510089306471
2022-08-26,9.295999526977539,-0.008462422631436425,0.04386972197296401
2022-08-29,9.352999687194824,0.0061129647830071385,0.042644583933379616
2022-08-30,9.041999816894531,-0.033816745386181506,0.04279042655013467
2022-08-31,9.126999855041504,0.009356669030494816,0.03927350096174802
2022-09-01,9.26200008392334,0.014682979467240164,0.03922842446443615
2022-09-02,8.78600025177002,-0.052760442910193106,0.039852198638289656
2022-09-06,8.145000457763672,-0.07575527595359748,0.041196525556095064
2022-09-07,7.8420000076293945,-0.037910393412779395,0.041225513701723664
2022-09-08,7.914999961853027,0.009265783670367168,0.04089963224929995
2022-09-09,7.995999813079834,0.010181704748048475,0.03920191273047247
2022-09-12,8.24899959564209,0.03115053859812758,0.03957184489690665
2022-09-13,8.284000396728516,0.004234059564701076,0.03956110012973717
2022-09-14,9.11400032043457,0.09548573657591747,0.04083290521978763
2022-09-15,8.324000358581543,-0.09066877639077067,0.04258424868481103
2022-09-16,7.763999938964844,-0.06964529416395876,0.04435928287478363
2022-09-19,7.751999855041504,-0.001546801556492275,0.04434640331284159
2022-09-20,7.7170000076293945,-0.004525167424854803,0.04291485766300353
2022-09-21,7.7789998054504395,0.008002081750938226,0.042539707812582775
2022-09-22,7.089000225067139,-0.09288345159338668,0.04482925868301342
2022-09-23,6.828000068664551,-0.03751250363315136,0.04230649826448866
2022-09-26,6.9029998779296875,0.010924267049163452,0.04245224236762657
2022-09-27,6.651000022888184,-0.0371888592940786,0.04277858665931629
2022-09-28,6.868000030517578,0.03210572473507495,0.04110629105669305
2022-09-29,6.874000072479248,0.0008732414929381628,0.04115589704558713
2022-09-30,6.765999794006348,-0.01583614905850678,0.04116341424061528
2022-10-03,6.46999979019165,-0.04473396382817118,0.04132410510873108
2022-10-04,6.836999893188477,0.05517294722415095,0.04222670379164926
2022-10-05,6.929999828338623,0.013510765121965083,0.04176951351172417
2022-10-06,6.9720001220703125,0.006042356735375011,0.041624910933970465
2022-10-07,6.748000144958496,-0.032655959001005715,0.04173608723324514
2022-10-10,6.434999942779541,-0.04749435400939762,0.04226063033770925
2022-10-11,6.5960001945495605,0.02471160203641216,0.0426738669533723
2022-10-12,6.434999942779541,-0.024711602036412313,0.04254288888071954
2022-10-13,6.741000175476074,0.046456475746443314,0.04368896662081764
2022-10-14,6.453000068664551,-0.04366315830804493,0.04384602776567308
2022-10-17,5.999000072479248,-0.07295234884157592,0.044640357616290934
2022-10-18,5.744999885559082,-0.04326290937221567,0.04343613776070284
2022-10-19,5.461999893188477,-0.050514887884502487,0.043758812685317824
2022-10-20,5.357999801635742,-0.01922426939578104,0.04358894535238635
2022-10-21,4.959000110626221,-0.07738660428517737,0.04489510327048907
2022-10-24,5.198999881744385,0.04726214684057207,0.04556896302579952
2022-10-25,5.61299991607666,0.07661904435272067,0.04846788138213235
2022-10-26,5.605999946594238,-0.0012478777924001781,0.044016795914656785
2022-10-27,5.185999870300293,-0.0778747811091728,0.04332697383093293
2022-10-28,5.684000015258789,0.0916925508124828,0.046319142511325226
2022-10-31,6.355000019073486,0.11158669472338244,0.05139199339691443
2022-11-01,5.714000225067139,-0.10632256444545353,0.054514478482673316
2022-11-02,6.26800012588501,0.09253800138023528,0.05757682491251415
2022-11-03,5.974999904632568,-0.04787326272103672,0.05582691025604163
2022-11-04,6.400000095367432,0.0687139234102894,0.05709388917199762
2022-11-07,6.943999767303467,0.08157993858081576,0.05907508759805766
2022-11-08,6.138000011444092,-0.12337898578559273,0.06292630572557593
2022-11-09,5.864999771118164,-0.045496514981608296,0.06304213985726316
2022-11-10,6.238999843597412,0.06181744497971233,0.064217646472041
2022-11-11,5.879000186920166,-0.059433176845445794,0.0650012536722872
2022-11-14,5.933000087738037,0.009143290849977979,0.06459960875741841
2022-11-15,6.033999919891357,0.016880125396014103,0.06378600694373608
2022-11-16,6.199999809265137,0.027139133826697175,0.0639645108297734
2022-11-17,6.36899995803833,0.026893203513447282,0.06418703033531796
2022-11-18,6.302999973297119,-0.010416758506367193,0.06396092527460266
2022-11-21,6.776000022888184,0.0723612544331465,0.06477699090139032
2022-11-22,6.7789998054504395,0.00044260902238547016,0.06463135247385059
2022-11-23,7.308000087738037,0.07514008077154252,0.06582631085450702
2022-11-25,7.02400016784668,-0.039636770292529835,0.06579905853093779
2022-11-28,6.711999893188477,-0.04543592697759433,0.06584167912849248
2022-11-29,7.235000133514404,0.07503342528601917,0.06562916128687304
2022-11-30,6.929999828338623,-0.043070590106357436,0.06562416785386178
2022-12-01,6.73799991607666,-0.028096655901919045,0.06508086582793748
2022-12-02,6.281000137329102,-0.07023390719267784,0.06644170604402781
2022-12-05,5.577000141143799,-0.11887820262084277,0.06861841137424843
2022-12-06,5.468999862670898,-0.019555263461434408,0.068246295950037
2022-12-07,5.7230000495910645,0.04539739283801092,0.06729566391944963
2022-12-08,5.961999893188477,0.04091282524830788,0.06769377969598922
2022-12-09,6.244999885559082,0.046375147911838825,0.06642407264931888
2022-12-12,6.586999893188477,0.05331686819071818,0.06507662173817287
2022-12-13,6.934999942779541,0.05148305207277549,0.06255571954086551
2022-12-14,6.429999828338623,-0.07560653396324805,0.060936622544359755
2022-12-15,6.96999979019165,0.0806406831182242,0.06037624644493049
2022-12-16,6.599999904632568,-0.05454556008803482,0.06058409626339667
2022-12-19,5.85099983215332,-0.12045707646350663,0.06332528214591421
2022-12-20,5.326000213623047,-0.0940120306180508,0.06335396021947406
2022-12-21,5.331999778747559,0.0011258333200432971,0.059556426486494944
2022-12-22,4.999000072479248,-0.06448845389107227,0.06010354241666971
2022-12-23,5.078999996185303,0.015876484137852993,0.05890718491840324
2022-12-27,5.2820000648498535,0.03919043508442361,0.0586231384098595
2022-12-28,4.709000110626221,-0.11482923139853372,0.06197005135092747
2022-12-29,4.559000015258789,-0.03237229017566132,0.06194876396471856
2022-12-30,4.474999904632568,-0.018596974162603412,0.061581665323143416
2023-01-03,3.98799991607666,-0.11521649936003572,0.06399521652949144
2023-01-04,4.171999931335449,0.04510568962447557,0.06494622870839165
2023-01-05,3.7200000286102295,-0.1146718447041234,0.06537023666422882
2023-01-06,3.7100000381469727,-0.002691789074430514,0.06533895289173021
2023-01-09,3.9100000858306885,0.05250550904731024,0.06432415188951617
2023-01-10,3.6389999389648438,-0.07182849409134212,0.06491420462870882
2023-01-11,3.6710000038146973,0.008755203696326416,0.0649912279371293
2023-01-12,3.694999933242798,0.006516430779421955,0.06269563429296653
2023-01-13,3.4189999103546143,-0.07763245189586691,0.06340215998434054
2023-01-17,3.5859999656677246,0.047689281171569585,0.064711069987692
2023-01-18,3.311000108718872,-0.07978707420819652,0.06498450556472697
2023-01-19,3.2750000953674316,-0.010932393193727956,0.0623320829449998
2023-01-20,3.1740000247955322,-0.03132526829074699,0.06238089629962013
2023-01-23,3.447000026702881,0.08251166536513573,0.06403057259995028
2023-01-24,3.257999897003174,-0.056390816715090386,0.06346304565905149
2023-01-25,3.066999912261963,-0.06041362204134556,0.06259230423326727
2023-01-26,2.944000005722046,-0.040930653714734554,0.06093659798095293
2023-01-27,3.1089999675750732,0.05453191783698228,0.06107412259809633
2023-01-30,2.677000045776367,-0.14960433900915074,0.06451308232788494
2023-01-31,2.684000015258789,0.002611443156437227,0.061430867054921325
2023-02-01,2.4679999351501465,-0.08390014502766491,0.06203628865926727
2023-02-02,2.4560000896453857,-0.004874032981403732,0.059958234377785385
2023-02-03,2.4100000858306885,-0.018907263668503038,0.05870215890948557
2023-02-06,2.4570000171661377,0.019314317408710587,0.05908924898957754
2023-02-07,2.5840001106262207,0.05039752820669232,0.06020939398848075
2023-02-08,2.3959999084472656,-0.0755379866898143,0.06053887633530229
2023-02-09,2.430000066757202,0.01409064278201132,0.05978933677834612
2023-02-10,2.5139999389648438,0.03398380106539399,0.058310064472575585
2023-02-13,2.4049999713897705,-0.0443251942283712,0.05843172564951103
2023-02-14,2.566999912261963,0.06518797604821173,0.060530894897811605
2023-02-15,2.4709999561309814,-0.03811495845686654,0.05786194874976748
2023-02-16,2.3889999389648438,-0.03374806645766416,0.05677328806458382
2023-02-17,2.2750000953674316,-0.0488947484725971,0.0541436883188663
2023-02-21,2.072999954223633,-0.09298328295120467,0.05583890203589024
2023-02-22,2.1740000247955322,0.047571988733047785,0.05562668939642986
2023-02-23,2.313999891281128,0.06240878168388678,0.05666698492535096
2023-02-24,2.4509999752044678,0.05751851264108634,0.05805690146151184
2023-02-27,2.7309999465942383,0.1081717285067015,0.06208987052552185
2023-02-28,2.746999979019165,0.005841576539229382,0.06081538540355151
2023-03-01,2.811000108718872,0.023030931125210208,0.06021025335624134
2023-03-02,2.765000104904175,-0.016499657686295868,0.058702366889938816
2023-03-03,3.009000062942505,0.08456714565166412,0.06097158100354509
2023-03-06,2.572000026702881,-0.15692400180846922,0.06700931834639304
2023-03-07,2.687000036239624,0.04374152636285509,0.06558192443592015
2023-03-08,2.5510001182556152,-0.051939857604129266,0.06547433009699302
2023-03-09,2.5429999828338623,-0.003141005826611833,0.06472874521668034
2023-03-10,2.430000066757202,-0.045453194865077116,0.06481751780908449
2023-03-13,2.6059999465942383,0.06992517338471173,0.0653749972297023
2023-03-14,2.572999954223633,-0.012743942700709261,0.05951228770045285
2023-03-15,2.438999891281128,-0.05348444084995977,0.060261026898040616
2023-03-16,2.5139999389648438,0.030287011231351378,0.058569870484711205
2023-03-17,2.3380000591278076,-0.07257919755016475,0.060073805272530596
2023-03-20,2.2230000495910645,-0.050438231049555145,0.06065927708612406
2023-03-21,2.3480000495910645,0.054706265796174984,0.06144115223302665
2023-03-22,2.1710000038146973,-0.07837603043313522,0.062183271594471845
2023-03-23,2.1540000438690186,-0.007861293552769537,0.06077797065500667
2023-03-24,2.2160000801086426,0.028377205934645777,0.06097659690696541
2023-03-27,2.0880000591278076,-0.059497106696838796,0.06140465427168256
2023-03-28,2.0299999713897705,-0.028170919378320704,0.06112890576105998
2023-03-29,1.9910000562667847,-0.019398725617362993,0.059682488185937514
2023-03-30,2.1040000915527344,0.05520328504649569,0.060510237017425306
2023-03-31,2.2160000801086426,0.051863466646026715,0.061140710214934696
2023-04-03,2.0969998836517334,-0.055196108598562985,0.06131614477020047
2023-04-04,2.1059999465942383,0.004282691916339092,0.058902553376744375
2023-04-05,2.1549999713897705,0.02300032192658012,0.05839446118195027
2023-04-06,2.010999917984009,-0.06915864027267365,0.05846353054340845
2023-04-10,2.171999931335449,0.07701630045134635,0.0592814547049483
2023-04-11,2.186000108718872,0.006425069030329597,0.05542618298394214
2023-04-12,2.0929999351501465,-0.043475027008805754,0.0557496974348726
2023-04-13,2.006999969482422,-0.04195735787106762,0.05572221095123081
2023-04-14,2.114000082015991,0.05194087163600362,0.05688785961167619
2023-04-17,2.2750000953674316,0.07339816807802792,0.05628813353687127
2023-04-18,2.365999937057495,0.039220644630613234,0.04953906734863052
2023-04-19,2.2219998836517334,-0.06279310009779561,0.04990607227775548
2023-04-20,2.249000072479248,0.012078066349019851,0.04925316575771841
2023-04-21,2.2330000400543213,-0.007139714409031857,0.04925561172274141
2023-04-24,2.2730000019073486,0.017754554914070277,0.04878566590597431
2023-04-25,2.306999921798706,0.0148473995846805,0.046979726277950336
2023-04-26,2.117000102996826,-0.08594790448923643,0.04929048383327076
2023-04-27,2.3550000190734863,0.10654069476254287,0.05257993415834887
2023-04-28,2.4100000858306885,0.023086047549430676,0.052447656636098614
2023-05-01,2.318000078201294,-0.03892200446285964,0.051218316864439645
2023-05-02,2.2139999866485596,-0.045903950398112646,0.05107169829811704
2023-05-03,2.1700000762939453,-0.02007362554511655,0.05011874929035972
2023-05-04,2.1010000705718994,-0.032313747258333615,0.04839404595136642
2023-05-05,2.13700008392334,0.016989560156043176,0.04848678622911229
2023-05-08,2.23799991607666,0.046179556781897224,0.048956071140869466
2023-05-09,2.2669999599456787,0.012874781466491379,0.0476726668456697
2023-05-10,2.190999984741211,-0.03409930020794009,0.047817292125845255
2023-05-11,2.190000057220459,-0.00045648369255332956,0.04764229716632786
2023-05-12,2.2660000324249268,0.03411460695866535,0.04699940525330352
2023-05-15,2.375,0.04698126057146664,0.046830636396546645
2023-05-16,2.375999927520752,0.000420933509059506,0.04555923684577239
2023-05-17,2.365000009536743,-0.004640345019318212,0.045587551474411896
2023-05-18,2.5920000076293945,0.09165175545712177,0.04822776479600347
2023-05-19,2.5850000381469727,-0.002704258716025822,0.04612979661266918
2023-05-22,2.4000000953674316,-0.07425674562711272,0.0466323847610747
2023-05-23,2.321000099182129,-0.033470607065531455,0.04710744797261218
2023-05-24,2.3980000019073486,0.03263688737591647,0.04662105485206799
2023-05-25,2.306999921798706,-0.03868711210649454,0.04651229647302726
2023-05-26,2.180999994277954,-0.05616446069831568,0.04690762733244923
2023-05-30,2.3269999027252197,0.06479635792159412,0.04647436919385435
2023-05-31,2.2660000324249268,-0.026563665602360096,0.04614757943342418
2023-06-01,2.1579999923706055,-0.04883431361459558,0.045574449254394425
2023-06-02,2.171999931335449,0.006466507157632936,0.045530526030310575
2023-06-05,2.244999885559082,0.03305709976013099,0.04593816261009975
2023-06-06,2.26200008392334,0.007543944577009816,0.04584117582654111
2023-06-07,2.3289999961853027,0.029189574468975667,0.04607728006298207
2023-06-08,2.3519999980926514,0.009827039961141109,0.04311713125291929
2023-06-09,2.253999948501587,-0.04255963645541434,0.03925128690562479
2023-06-12,2.2660000324249268,0.005309784145119211,0.0390013217423948
2023-06-13,2.3399999141693115,0.03213471577469008,0.038842414583379135
2023-06-14,2.3420000076293945,0.0008543757433382518,0.03784929078622941
2023-06-15,2.5329999923706055,0.07839909957437252,0.04008429095956033
2023-06-16,2.631999969482422,0.038339633860707455,0.0398819591672069
2023-06-20,2.492000102996826,-0.054658359612050685,0.04141073656317493
2023-06-21,2.5969998836517334,0.041271245623388145,0.04125232420702814
2023-06-22,2.6080000400543213,0.004226771543074732,0.04122531003477261
2023-06-23,2.7290000915527344,0.04535161585163115,0.04120078690128755
2023-06-26,2.7909998893737793,0.022464639643126144,0.04126409853911876
2023-06-27,2.763000011444092,-0.010082864834228464,0.04109128349893725
2023-06-28,2.6029999256134033,-0.05965245264801524,0.042078813166017005
2023-06-29,2.7009999752044678,0.036957468195175876,0.042526287599650145
2023-06-30,2.7980000972747803,0.035282845378766484,0.0428610693105753
2023-07-03,2.7090001106262207,-0.03232530706960484,0.04017084029827733
2023-07-05,2.6570000648498535,-0.019381912754662535,0.040345643550185994
2023-07-06,2.6089999675750732,-0.018230697458361197,0.03797295345928026
2023-07-07,2.5820000171661377,-0.010402694653647343,0.03744338204080604
2023-07-10,2.6689999103546143,0.03313953776191725,0.03745695552129497
2023-07-11,2.7309999465942383,0.02296398610142489,0.03674308671510703
2023-07-12,2.631999969482422,-0.03692382106793469,0.03578274555520816
2023-07-13,2.5450000762939453,-0.03361332188778594,0.03472719082657494
2023-07-14,2.5390000343322754,-0.0023603637359513995,0.034295509387877364
2023-07-17,2.51200008392334,-0.01069103422958422,0.03295818890854953
2023-07-18,2.628999948501587,0.0455242441442257,0.0337768014495349
2023-07-19,2.6029999256134033,-0.009938928723978016,0.03351635725226062
2023-07-20,2.756999969482422,0.05747852353736224,0.03486339958168192
2023-07-21,2.7130000591278076,-0.016088065501487298,0.03483163711766612
2023-07-24,2.684999942779541,-0.01037434882137731,0.03493197116724356
2023-07-25,2.7300000190734863,0.01662090953382343,0.03384182182562492
2023-07-26,2.6649999618530273,-0.02409757287974662,0.034296924376320086
2023-07-27,2.492000102996826,-0.06711840104755121,0.03635511417478706
2023-07-28,2.638000011444092,0.056935416377097064,0.03770571832277128
2023-07-31,2.634000062942505,-0.0015174314160361743,0.034991131203977954
2023-08-01,2.559999942779541,-0.02849639107752737,0.03467804111661252
2023-08-02,2.4769999980926514,-0.03295908640253019,0.033732018895620185
2023-08-03,2.565000057220459,0.034910351193704885,0.03348140596351705
2023-08-04,2.5769999027252197,0.004667392992028158,0.033483608187976556
2023-08-07,2.7249999046325684,0.05584249919505223,0.034028243190524256
2023-08-08,2.7769999504089355,0.0189027973488947,0.03395311331355509
2023-08-09,2.9590001106262207,0.06348022033754672,0.035817523676245
2023-08-10,2.763000011444092,-0.06853436072123821,0.03637944190627513
2023-08-11,2.7699999809265137,0.0025302632303245407,0.0357763171448936
2023-08-14,2.7950000762939453,0.00898482059013154,0.03522118342006619
2023-08-15,2.6589999198913574,-0.049882051770118396,0.03591521837703866
2023-08-16,2.5920000076293945,-0.02552030070005767,0.03604304512334537
2023-08-17,2.621000051498413,0.011126162556185159,0.035952608402573256
2023-08-18,2.5510001182556152,-0.027070458473407267,0.03624892095152034
2023-08-21,2.631999969482422,0.031258516352000824,0.036190481256600904
2023-08-22,2.559999942779541,-0.027736765728517174,0.036242426132096474
2023-08-23,2.496999979019165,-0.024917233244509836,0.03591001284459886
2023-08-24,2.5190000534057617,0.00877201567642938,0.03544414471521408
2023-08-25,2.5399999618530273,0.008302047440303339,0.03547665419674865
2023-08-28,2.5789999961853027,0.0152376594081176,0.03552269518126124
2023-08-29,2.555999994277954,-0.008958191143453304,0.03454055565400872
2023-08-30,2.7960000038146973,0.08974629145928854,0.03824150494662649
2023-08-31,2.7679998874664307,-0.010064828635673729,0.03684894071491694
2023-09-01,2.765000104904175,-0.0010843241859066373,0.03672279749449028
2023-09-05,2.5820000171661377,-0.0684763738414858,0.03879688509126645
2023-09-06,2.509999990463257,-0.02828154972864541,0.03894737358119002
2023-09-07,2.5789999961853027,0.027118976075876395,0.039103851325551296
2023-09-08,2.6050000190734863,0.01003095710713648,0.037097390872468786
2023-09-11,2.6080000400543213,0.001150976895452474,0.035589204993129814
2023-09-12,2.743000030517578,0.05046856365842859,0.03677774877856711
2023-09-13,2.680000066757202,-0.023235403648918195,0.036642813060124305
2023-09-14,2.7079999446868896,0.01039351519204334,0.036086512234193076
2023-09-15,2.6440000534057617,-0.023917392435921562,0.03588895110367732
2023-09-18,2.7279999256134033,0.031275770525110755,0.036308765249058496
2023-09-19,2.8480000495910645,0.043048298248920876,0.03572372468433646
2023-09-20,2.7330000400543213,-0.04121708936058387,0.03639218875217193
2023-09-21,2.609999895095825,-0.04604974046030737,0.035224244676631586
2023-09-22,2.63700008392334,0.010291758055027352,0.033136622316694966
2023-09-25,2.6389999389648438,0.0007580951965906554,0.033130665969163337
2023-09-26,2.6559998989105225,0.006421159160340801,0.03310567971019837
2023-09-27,2.7639999389648438,0.03985769026984988,0.032653220305451064
2023-09-28,2.944999933242798,0.06342991061233007,0.03413937890216622
2023-09-29,2.928999900817871,-0.005447760452086495,0.03415846681948756
2023-10-02,2.8399999141693115,-0.03085701203244205,0.03428286963901931
2023-10-03,2.9489998817443848,0.03766206778185505,0.03448052642548453
2023-10-04,2.9619998931884766,0.004398590052101778,0.033962584776433956
2023-10-05,3.1659998893737793,0.06660424673187004,0.03528034014871144
2023-10-06,3.3380000591278076,0.05290291643631898,0.03622479576086584
2023-10-09,3.375999927520752,0.011319712311552328,0.03622587847825601
2023-10-10,3.381999969482422,0.00177568618811972,0.03623552899106153
2023-10-11,3.377000093460083,-0.001479472373952138,0.03613304933250567
2023-10-12,3.3440001010894775,-0.009820043626344725,0.03291725093574711
2023-10-13,3.2360000610351562,-0.03282970739501989,0.033555747987506865
2023-10-16,3.1089999675750732,-0.04003689741030011,0.034546579769563684
2023-10-17,3.0789999961853027,-0.009696252943818777,0.03186222871726059
2023-10-18,3.055999994277954,-0.0074979982715461775,0.031315362423446465
2023-10-19,2.9570000171661377,-0.03293162275628217,0.031870274031975024
2023-10-20,2.8989999294281006,-0.01980942107960855,0.032157971967072284
2023-10-23,2.9260001182556152,0.009270517417398491,0.03217112469042482
2023-10-24,2.9709999561309814,0.015262238701344093,0.031033374302739166
2023-10-25,3.009999990463257,0.013041493877702266,0.030694413485022894
2023-10-26,3.2139999866485596,0.06557618756873906,0.03268753378854739
2023-10-27,3.1640000343322754,-0.01567920240485395,0.03246389037595317
2023-10-30,3.3519999980926514,0.05772012129450242,0.03351624470740236
2023-10-31,3.575000047683716,0.06440800743325462,0.034523118224394016
2023-11-01,3.49399995803833,-0.022917989781844953,0.033785019039956996
2023-11-02,3.4719998836517334,-0.006316436414570557,0.032333072758380856
2023-11-03,3.515000104904175,0.012308791819685487,0.03233684557259483
2023-11-06,3.2639999389648438,-0.0740861367049792,0.03574813157826892
2023-11-07,3.140000104904175,-0.03873058507322973,0.036714471339175304
2023-11-08,3.1059999465942383,-0.01088712579702475,0.0362467582139537
2023-11-09,3.0409998893737793,-0.021149335215120295,0.034712745292504864
2023-11-10,3.0329999923706055,-0.0026341461260066257,0.0346983283452555
2023-11-13,3.197000026702881,0.05266065223920243,0.03538432314644034
2023-11-14,3.1059999465942383,-0.02887717089807556,0.03528338106190422
2023-11-15,3.190000057220459,0.026685227202091384,0.03557494423163083
2023-11-16,3.062000036239624,-0.0409526256634301,0.03428523016582212
2023-11-17,2.9600000381469727,-0.03387902784731113,0.033214884636977846
2023-11-20,2.881999969482422,-0.02670479423515718,0.03333517566059218
2023-11-21,2.8459999561309814,-0.012570002734914161,0.03333346156737872
2023-11-22,2.8970000743865967,0.017761260210937758,0.03360251405404654
2023-11-23,2.934000015258789,0.012690940457141796,0.033744759545945316
2023-11-24,2.8550000190734863,-0.02729483513276362,0.03359855125909303
2023-11-27,2.7939999103546143,-0.02159762103889736,0.033084622484975526
2023-11-28,2.7060000896453857,-0.032002665872835075,0.03347561175388772
2023-11-29,2.803999900817871,0.0355753709237132,0.03424870390435233
2023-11-30,2.802000045776367,-0.0007134695488366595,0.03377537408814142
2023-12-01,2.813999891281128,0.004273455805354645,0.0336182738241536
2023-12-04,2.694000005722046,-0.04357983994503447,0.034436731128525334
2023-12-05,2.7100000381469727,0.005921568855814618,0.034310219713783285
2023-12-06,2.569000005722046,-0.05343192861289295,0.03536443871755076
2023-12-07,2.5850000381469727,0.006208802362351621,0.03283316247990669
2023-12-08,2.5810000896453857,-0.0015485672481542563,0.032809561862278874
2023-12-11,2.430999994277954,-0.05987426248908394,0.03184731954428753
2023-12-12,2.311000108718872,-0.050622314643879535,0.02931567904481392
2023-12-13,2.3350000381469727,0.010331529121569918,0.029615118066315185
2023-12-14,2.3919999599456787,0.024117911885373888,0.030378783284363133
2023-12-15,2.490999937057495,0.04055439166880894,0.03158536585497549
2023-12-18,2.503000020980835,0.004805809819835922,0.029401750177196834
2023-12-19,2.492000102996826,-0.0044043785757169,0.02886172661529336
2023-12-20,2.447000026702881,-0.018222846883163696,0.02892063474990459
2023-12-21,2.572000026702881,0.0498210213844876,0.030654322733193233
2023-12-22,2.609999895095825,0.014666364383911437,0.0308736670199574
2023-12-26,2.549999952316284,-0.02325684067059258,0.02904083893133708
2023-12-27,2.61899995803833,0.026699209032716793,0.029402986068754997
2023-12-28,2.556999921798706,-0.023957883777725918,0.028930434429665468
2023-12-29,2.5139999389648438,-0.01695957983587868,0.028294782913077094
2024-01-02,2.568000078201294,0.021252330389981228,0.02825046451161971
2024-01-03,2.6679999828338623,0.03820170533936121,0.02898577849850839
2024-01-04,2.821000099182129,0.05576234555906608,0.030801005547343312
2024-01-05,2.8929998874664307,0.025202519917066235,0.03098085738086358
2024-01-08,2.9800000190734863,0.0296293198223867,0.031372855339906566
2024-01-09,3.190000057220459,0.06809762781638924,0.03323554808410092
2024-01-10,3.0390000343322754,-0.0484924095023172,0.03428748828720216
2024-01-11,3.0969998836517334,0.018905338191126064,0.033761285895257905
2024-01-12,3.312999963760376,0.06742024895613598,0.03524029052458892
2024-01-16,2.9000000953674316,-0.133143342501397,0.04340236738652285
2024-01-17,2.869999885559082,-0.010398779981104425,0.04344855136691448
2024-01-18,2.697000026702881,-0.06217193583809484,0.04422691126415374
2024-01-19,2.5190000534057617,-0.06827803548690115,0.0459284983939239
2024-01-22,2.4189999103546143,-0.04050782400262055,0.04549221190950419
2024-01-23,2.450000047683716,0.012733849450348387,0.0455484025848074
2024-01-24,2.6410000324249268,0.07506960157313708,0.04766130323271447
2024-01-25,2.571000099182129,-0.026862678731504594,0.04658184136199286
2024-01-26,2.7119998931884766,0.05339136383235922,0.04641094440350791
2024-01-29,2.490000009536743,-0.08540361638673473,0.04925935579127536
2024-01-30,2.0769999027252197,-0.1813582162469301,0.059349993050538334
2024-01-31,2.0999999046325684,0.011012801256610156,0.05881580428662608
2024-02-01,2.049999952316284,-0.024097529426346284,0.05887461959389306
2024-02-02,2.0789999961853027,0.01404723715103721,0.058995199405796166
2024-02-05,2.0820000171661377,0.001441971396795338,0.05896440750331166
2024-02-06,2.009000062942505,-0.035691861274736926,0.05826644627327628
2024-02-07,1.9670000076293945,-0.021127573877445384,0.058147680908820845
2024-02-08,1.9170000553131104,-0.025748050368114776,0.058169885350814
2024-02-09,1.847000002861023,-0.03719879015138931,0.057967785176073955
2024-02-12,1.7680000066757202,-0.043713734774802185,0.05822418164891016
2024-02-13,1.6890000104904175,-0.045712323954625725,0.05853933140288936
2024-02-14,1.6089999675750732,-0.0485237961786628,0.05850705138024555
2024-02-15,1.5809999704360962,-0.017555308330184576,0.05761840964490974
2024-02-16,1.6089999675750732,0.017555308330184618,0.05635289038704556
2024-02-20,1.5759999752044678,-0.020722872155541413,0.05573913688639948
2024-02-21,1.7730000019073486,0.117783052465364,0.06057320078165749
2024-02-22,1.7319999933242798,-0.023396221881944092,0.05838874240146248
2024-02-23,1.6030000448226929,-0.07739990469673122,0.05910320695504019
2024-02-26,1.659000039100647,0.03433813318794164,0.059531025562318485
2024-02-27,1.6150000095367432,-0.026880072197387854,0.057153968704876754
2024-02-28,1.8849999904632568,0.15459285326096994,0.062124930441293975
2024-02-29,1.8600000143051147,-0.013351320424662099,0.06212077819701273
2024-03-01,1.8350000381469727,-0.013531993120957394,0.06146378332789794
2024-03-04,1.9160000085830688,0.04319518173327539,0.06136596931177603
2024-03-05,1.9570000171661377,0.021173013157248764,0.061311367277773456
2024-03-06,1.9290000200271606,-0.014410952879860179,0.061209321916388414
2024-03-07,1.8179999589920044,-0.05926477110710492,0.059823022981240835
2024-03-08,1.8049999475479126,-0.007176410473117975,0.059767391438595545
2024-03-11,1.7589999437332153,-0.02581512895803399,0.05852523222450417
2024-03-12,1.7139999866485596,-0.025915621381532188,0.05702623357294234
2024-03-13,1.6579999923706055,-0.033217760274411076,0.047516631402648134
2024-03-14,1.7410000562667847,0.04884764099317167,0.04851678793125423
2024-03-15,1.6549999713897705,-0.05065870156283177,0.04909266544576954
2024-03-18,1.7029999494552612,0.02859038045884932,0.049380003936500605
2024-03-19,1.74399995803833,0.023789929425469362,0.049673976384587155
2024-03-20,1.6990000009536743,-0.026141458175087,0.04950681920346766
2024-03-21,1.6829999685287476,-0.009461946741937635,0.0494262909697542
2024-03-22,1.659000039100647,-0.01436286173206055,0.0493066240081445
2024-03-25,1.6150000095367432,-0.026880072197387854,0.04910854503380885
2024-03-26,1.5750000476837158,-0.025079660026752947,0.04871135901967136
2024-03-27,1.718000054359436,0.08690555265020734,0.050756277910660716
2024-03-28,1.7630000114440918,0.025856054703814992,0.050087833249455926
2024-04-01,1.8370000123977661,0.041116903074915175,0.050400149895055424
2024-04-02,1.8619999885559082,0.013517359726837996,0.050370853933912996
2024-04-03,1.840999960899353,-0.011342291696614739,0.050235450302375605
2024-04-04,1.7740000486373901,-0.03707196970795173,0.046047596929876554
2024-04-05,1.784999966621399,0.006181485227925788,0.04584516994782467
2024-04-08,1.843999981880188,0.03251871877593392,0.04370540834615529
2024-04-09,1.871999979019165,0.015070251539649507,0.04339484309067082
2024-04-10,1.8849999904632568,0.006920448993004578,0.04300174095870401
2024-04-11,1.7640000581741333,-0.06634382527756119,0.034629969986259126
2024-04-12,1.7699999809265137,0.00339554524662417,0.034579146236215975
2024-04-15,1.690999984741211,-0.04565947491684348,0.035446337242253406
2024-04-16,1.7319999933242798,0.023956745392988282,0.034754205834487094
2024-04-17,1.7120000123977661,-0.011614521324665379,0.03447031114150032
2024-04-18,1.7569999694824219,0.025945506874584426,0.03485384261210131
2024-04-19,1.7519999742507935,-0.0028498140186565615,0.0332025624725475
2024-04-22,1.7910000085830688,0.022016150053744146,0.03344922300414967
2024-04-23,1.812000036239624,0.011657099749672016,0.03316041378688964
2024-04-24,1.652999997138977,-0.09183941051249919,0.03697027600399612
2024-04-25,1.6380000114440918,-0.009115824690578039,0.03650969649217644
2024-04-26,1.6139999628067017,-0.014760445613920785,0.035380312662877014
2024-04-29,2.0299999713897705,0.22932023215640493,0.05417835751745078
2024-04-30,1.9910000562667847,-0.019398725617362993,0.05422147329579328
2024-05-01,1.9320000410079956,-0.03008129632662707,0.054476317726231585
2024-05-02,2.0350000858306885,0.05194010405580334,0.05487939032705195
2024-05-03,2.1419999599456787,0.05124409225426044,0.05540569707299795
2024-05-06,2.194999933242798,0.02444206278776975,0.05531757540523394
2024-05-07,2.2070000171661377,0.005452118938810627,0.054901123938833916
2024-05-08,2.187000036239624,-0.009103376787537407,0.054621777144629416
2024-05-09,2.3010001182556152,0.05081310418126414,0.05327174196249206
2024-05-10,2.252000093460083,-0.021525110667999448,0.05347940951351834
2024-05-13,2.38100004196167,0.055701833349906416,0.05385432009999924
2024-05-14,2.3440001010894775,-0.015661670286598987,0.05402652967275865
2024-05-15,2.4159998893737793,0.030254319441893322,0.05405543797942559
2024-05-16,2.494999885559082,0.03217544905180873,0.053493159721054756
2024-05-17,2.625999927520752,0.05117306494459885,0.05397127562339896
2024-05-20,2.750999927520752,0.04650270731595106,0.054206718137317526
2024-05-21,2.6710000038146973,-0.029511520039913013,0.05476570004287045
2024-05-22,2.8420000076293945,0.06205509680341045,0.055514614052950655
2024-05-23,2.6570000648498535,-0.0673103411745777,0.055562919306892805
2024-05-24,2.5199999809265137,-0.05293879723035906,0.05685840182198577
2024-05-28,2.5899999141693115,0.027398948617695804,0.05586954817052087
2024-05-29,2.493000030517578,-0.03817102578945623,0.056641964848561537
2024-05-30,2.572000026702881,0.03119699997479177,0.056562087478275
2024-05-31,2.5869998931884766,0.005815045158577769,0.05652957585831719
2024-06-03,2.75600004196167,0.06328150646088464,0.057180035359263345
2024-06-04,2.5859999656677246,-0.06366810130352463,0.05893570987486587
2024-06-05,2.756999969482422,0.06403085389907728,0.05968860453672493
2024-06-06,2.821000099182129,0.02294834620582441,0.05625074559552796
2024-06-07,2.9179999828338623,0.033806977039391596,0.05608772830550494
2024-06-10,2.9059998989105225,-0.004120913856128262,0.05589859526185343
2024-06-11,3.128999948501587,0.07393591786669747,0.04101327976294245
2024-06-12,3.0450000762939453,-0.02721252201097664,0.04125954449916861
2024-06-13,2.9590001106262207,-0.028649515412917312,0.04120739732524545
2024-06-14,2.88100004196167,-0.02671394013706729,0.041226208721470654
2024-06-17,2.7880001068115234,-0.032812939457918244,0.04129445800110895
2024-06-18,2.9089999198913574,0.042484820765417666,0.04166010947743997
2024-06-20,2.740999937057495,-0.059486557617545614,0.04351732429728471
2024-06-21,2.7049999237060547,-0.013220910263653346,0.043577044451071
2024-06-24,2.811000108718872,0.03843844650696162,0.043205846437660594
2024-06-25,2.75600004196167,-0.01975996222363866,0.04316730613621239
2024-06-26,2.628000020980835,-0.04755725977104267,0.04324467232576954
2024-06-27,2.684999942779541,0.021457598043730836,0.04321474461697598
2024-06-28,2.6010000705718994,-0.03178469305055309,0.04342504784821608
2024-07-01,2.4779999256134033,-0.04844426041097068,0.04401324277466739
2024-07-02,2.434999942779541,-0.017505020152755044,0.04302245524515451
2024-07-03,2.4179999828338623,-0.007005987942102696,0.04201755793596686
2024-07-05,2.319000005722046,-0.041804684352431114,0.042330678468995686
2024-07-08,2.365999937057495,0.020064678212418956,0.040710114800599245
2024-07-09,2.3440001010894775,-0.009341824111600837,0.03904686372940455
2024-07-10,2.3289999961853027,-0.0064199255773836,0.03795203098507065
2024-07-11,2.2679998874664307,-0.02654065301676331,0.03775768016260654
2024-07-12,2.3289999961853027,0.026540653016763362,0.0376115176946919
2024-07-15,2.1579999923706055,-0.07625712596374949,0.03938917690509344
2024-07-16,2.187999963760376,0.013806004696292772,0.03949765083752986
2024-07-17,2.0350000858306885,-0.07249200692503521,0.03911155204335505
2024-07-18,2.125,0.04327594130458014,0.03893493041046275
2024-07-19,2.128000020980835,0.001410778962432597,0.03663125164808981
2024-07-22,2.250999927520752,0.05619194838709325,0.038093170096927136
2024-07-23,2.187000036239624,-0.028843771460802588,0.03746127067035237
2024-07-24,2.117000102996826,-0.032530717460120394,0.037676140046243825
2024-07-25,2.0409998893737793,-0.03656021117924674,0.03438869661089534
2024-07-26,2.00600004196167,-0.01729711916791206,0.03430729404884332
2024-07-29,1.906999945640564,-0.05061141234475294,0.034862439003391206
2024-07-30,2.125999927520752,0.10871094771484612,0.04140037090646813
2024-07-31,2.0360000133514404,-0.04325514058195915,0.04164085298937209
2024-08-01,1.968000054359436,-0.03396927899423228,0.04061459328303969
2024-08-02,1.9670000076293945,-0.0005082829661082405,0.0397053881891369
2024-08-05,1.9420000314712524,-0.012791157210896409,0.03970465936427599
2024-08-06,2.009999990463257,0.03441633125161479,0.0395382452183713
2024-08-07,2.111999988555908,0.04950064309907494,0.041014531394126856
2024-08-08,2.127000093460083,0.007077219732548592,0.040446575199161054
2024-08-09,2.1429998874664307,0.007494083821314175,0.04018670908166716
2024-08-12,2.188999891281128,0.02123810489545183,0.040248482576619254
2024-08-13,2.1480000019073486,-0.018907591340142384,0.039522763402081565
2024-08-14,2.2190001010894775,0.032519511972194146,0.040018835838608886
2024-08-15,2.197000026702881,-0.009963883950057224,0.040032441861262286
2024-08-16,2.122999906539917,-0.03426266685825073,0.039804648287955095
2024-08-19,2.234999895095825,0.0514110424300707,0.04082772026869435
2024-08-20,2.197999954223633,-0.016693345973483393,0.04089594035656612
2024-08-21,2.177000045776367,-0.009600031875376332,0.040911525166575126
2024-08-22,2.052999973297119,-0.05864567824964521,0.041974923410238535
2024-08-23,2.0220000743865967,-0.015214967643132661,0.04164159729724754
2024-08-26,1.9559999704360962,-0.03318560088874722,0.03979119424344954
2024-08-27,1.9040000438690186,-0.02694459708853098,0.03988340251640713
2024-08-28,1.9299999475479126,0.013563016329922153,0.037878901448508216
2024-08-29,2.13700008392334,0.10188303986903097,0.04160958192009766
2024-08-30,2.127000093460083,-0.004690435450617835,0.041618307254102
2024-09-03,2.203000068664551,0.03510751883090268,0.04080650099957585
2024-09-04,2.1449999809265137,-0.026680555500950325,0.04075696959927683
2024-09-05,2.253999948501587,0.04956684928210662,0.041294934124887654
2024-09-06,2.2750000953674316,0.009273701552644432,0.04065862862284029
2024-09-09,2.1700000762939453,-0.04725289161179527,0.04154809953963433
2024-09-10,2.2320001125335693,0.028170892226461287,0.04054522829356473
2024-09-11,2.2699999809265137,0.01688172815356528,0.035633564991761
2024-09-12,2.3570001125335693,0.037609848607506366,0.03513274659264245
2024-09-13,2.305000066757202,-0.022308966287879536,0.03475055242881045
2024-09-16,2.372999906539917,0.02907423265832455,0.034999793711231894
2024-09-17,2.3239998817443848,-0.0208651499636982,0.035181868472425944
2024-09-18,2.2839999198913574,-0.017361531385220792,0.03500865957548224
2024-09-19,2.3480000495910645,0.027635666366478774,0.034253790013625704
2024-09-20,2.434000015258789,0.03597207774794766,0.034759450201567524
2024-09-23,2.61299991607666,0.07096295358650237,0.03681884459609575
2024-09-24,2.5510001182556152,-0.024013468904610112,0.037124546907834656
2024-09-25,2.63700008392334,0.03315645368021288,0.037180376193927236
2024-09-26,2.5850000381469727,-0.019916416479016423,0.037163903286707246
2024-09-27,2.9019999504089355,0.11567461465597245,0.04215322886137527
2024-09-30,2.9230000972747803,0.0072103820347843685,0.04134847214114125
2024-10-01,2.8959999084472656,-0.009280076498242213,0.04076648713100775
2024-10-02,2.885999917984009,-0.0034590109768468306,0.040553989052696374
2024-10-03,2.9700000286102295,0.028690530514572807,0.04054844141168247
2024-10-04,2.8540000915527344,-0.03984041131429432,0.039578751545143336
2024-10-07,2.746000051498413,-0.038576225033634504,0.04033451991012908
2024-10-08,2.7330000400543213,-0.004745404498015166,0.039607259159266515
2024-10-09,2.6600000858306885,-0.027073766540954846,0.039611549951033234
2024-10-10,2.674999952316284,0.005623207461498323,0.039621364836859595
2024-10-11,2.631999969482422,-0.01620536065403536,0.03596607109429024
2024-10-14,2.49399995803833,-0.05385617143544974,0.03759768138530724
2024-10-15,2.497999906539917,0.0016025438566243464,0.037177180027691194
2024-10-16,2.367000102996826,-0.05386700024391796,0.038270846100739955
2024-10-17,2.3469998836517334,-0.00848550674980333,0.03730536407706135
2024-10-18,2.257999897003174,-0.03865844718241387,0.03797463049577697
2024-10-21,2.312000036239624,0.023633546371422946,0.03714545648860593
2024-10-22,2.311000108718872,-0.00043258814838486014,0.036819199179649306
2024-10-23,2.3420000076293945,0.013324890096842276,0.036772523161105033
2024-10-24,2.5220000743865967,0.07404699860464296,0.03857937898674668
2024-10-25,2.559999942779541,0.01495496910191978,0.038360481099934014
2024-10-28,2.309000015258789,-0.10319269915897362,0.042677523868165736
2024-10-29,2.3459999561309814,0.015897194551031776,0.04261256252254417
2024-10-30,2.8450000286102295,0.19285134610282678,0.055068696991221126
2024-10-31,2.7070000171661377,-0.04972206066106166,0.055889687005102585
2024-11-01,2.6630001068115234,-0.01638767003228602,0.055698039458997865
2024-11-04,2.7809998989105225,0.04335719196051501,0.054756533715962716
2024-11-05,2.6700000762939453,-0.04073203791511217,0.055115129489372985
2024-11-06,2.746999979019165,0.028430898488741013,0.055028278671691355
2024-11-07,2.693000078201294,-0.019853556607221007,0.055027441688555674
2024-11-08,2.6689999103546143,-0.0089520060334332,0.05062860832283663
2024-11-11,2.9200000762939453,0.08987980557349741,0.05336739301832564
2024-11-12,2.9070000648498535,-0.004461998523343721,0.05334585468269667
2024-11-13,2.9830000400543213,0.025807875075231364,0.05354526251778386
2024-11-14,2.7850000858306885,-0.0686816147619756,0.05475283899770101
2024-11-15,2.822999954223633,0.013552228857682867,0.0543515482743589
2024-11-18,2.9730000495910645,0.05177142764059131,0.05466338384385734
2024-11-19,2.997999906539917,0.008373807809822099,0.054654677001055044
2024-11-20,3.193000078201294,0.06301556971786235,0.05541022278211366
2024-11-21,3.3389999866485596,0.044710418738758806,0.055856667759459126
2024-11-22,3.128999948501587,-0.06495790873456347,0.05725845095601479
2024-11-25,3.36899995803833,0.07390250374086611,0.05742196194790391
2024-11-26,3.430999994277954,0.01823581023937819,0.0574181430588343
2024-11-27,3.2039999961853027,-0.06845173419305577,0.058040985091472166
2024-11-29,3.36299991607666,0.04843337978772082,0.05834227337817256
2024-12-02,3.2130000591278076,-0.04562830926682871,0.05856437307443945
2024-12-03,3.0420000553131104,-0.05468988651615979,0.05975049297627404
2024-12-04,3.0429999828338623,0.0003286532534048113,0.05974644607056591
2024-12-05,3.0789999961853027,0.011761002429777765,0.05974337995355699
2024-12-06,3.0759999752044678,-0.0009748241209917851,0.05848891766305387
2024-12-09,3.181999921798706,0.03387986175701848,0.05868365489363572
2024-12-10,3.1630001068115234,-0.005988927246882665,0.054939489866254285
2024-12-11,3.378000020980835,0.06576284650406404,0.05585542332914851
2024-12-12,3.4549999237060547,0.022538610540818103,0.044320115117433376
2024-12-13,3.2799999713897705,-0.05197902146402772,0.044420599495737255
2024-12-16,3.2139999866485596,-0.02032715051225124,0.044496046360141775
2024-12-17,3.308000087738037,0.028827540523260184,0.04415621016546274
2024-12-18,3.374000072479248,0.019755201921043596,0.04333223627856686
2024-12-19,3.5840001106262207,0.06038052037390054,0.04423986572341229
2024-12-20,3.747999906539917,0.04474281346081278,0.04436567929835454
2024-12-23,3.6559998989105225,-0.024852713498578975,0.044706166654839015
2024-12-24,3.946000099182129,0.07633280679366752,0.0439384304649919
2024-12-26,3.7149999141693115,-0.06032377766937305,0.045721577697276646
2024-12-27,3.5139999389648438,-0.05562368267013716,0.04703695261062793
2024-12-30,3.936000108718872,0.1134100344159054,0.04885321035331752
2024-12-31,3.632999897003174,-0.08010628192295799,0.05163308115382362
2025-01-02,3.6600000858306885,0.00740444597556923,0.0509794880882476
2025-01-03,3.3540000915527344,-0.08730948016668419,0.05380107135940285
2025-01-06,3.671999931335449,0.09058276336114922,0.055068868644315386
2025-01-07,3.4489998817443848,-0.06265215439097231,0.05585921937642106
2025-01-08,3.6510000228881836,0.056916809274742436,0.05532002291224814
2025-01-09,3.7009999752044678,0.013601937761816904,0.053810431212007195
2025-01-10,3.989000082015991,0.07493754677947431,0.05533345692053895
2025-01-13,3.934000015258789,-0.013883869638245575,0.0537079055805299
2025-01-14,3.9679999351501465,0.008605449233854201,0.05313353936966899
2025-01-15,4.083000183105469,0.02856988410383702,0.0523925828564303
2025-01-16,4.257999897003174,0.041967485099018174,0.05136725436716413
2025-01-17,3.947999954223633,-0.07559043230586174,0.05373721444181044
2025-01-21,3.75600004196167,-0.04985453745849059,0.05478266332849845
2025-01-22,3.9600000381469727,0.05288946238154303,0.05540415707264442
2025-01-23,3.944999933242798,-0.0037950975236033416,0.055233898816830676
2025-01-24,4.0269999504089355,0.020572732178815143,0.055228667995137724
2025-01-27,3.697000026702881,-0.08549998237732871,0.056664201240448034
2025-01-28,3.4709999561309814,-0.06307896293642307,0.05779148113356863
2025-01-29,3.5350000858306885,0.01827059938786406,0.0570243931596388
2025-01-30,3.046999931335449,-0.14855584616034856,0.06325897842836231
2025-01-31,3.0439999103546143,-0.0009850669188635375,0.06299521550311551
2025-02-03,3.3519999980926514,0.09638477150124344,0.06544606372592743
2025-02-04,3.253000020980835,-0.029979528109916203,0.06463526920905731
2025-02-05,3.359999895095825,0.032363288812729374,0.06435735473798086
2025-02-06,3.4079999923706055,0.014184663974765447,0.06430835152373061
2025-02-07,3.309000015258789,-0.02947957317762293,0.06272682562089218
2025-02-10,3.444000005722046,0.03998755467616356,0.06239666841511312
2025-02-11,3.5190000534057617,0.02154328528891293,0.061719129701451866
2025-02-12,3.565000057220459,0.012987196401027887,0.057968026483115484
2025-02-13,3.628000020980835,0.017517468119041996,0.05622153194834055
2025-02-14,3.7249999046325684,0.026385288193606714,0.0564147358456496
2025-02-18,4.006999969482422,0.07297599780841364,0.05538396152193846
2025-02-19,4.28000020980835,0.0659102345764056,0.05425525298603648
2025-02-20,4.1519999504089355,-0.030362924694657154,0.05317420524919995
2025-02-21,4.234000205993652,0.019557087445238895,0.05237657027557925
2025-02-24,3.99399995803833,-0.05835399687748168,0.05359944097850015
2025-02-25,4.173999786376953,0.04408153298810564,0.05244591291017643
2025-02-26,3.9059998989105225,-0.066360950901628,0.05383386292396298
2025-02-27,3.934000015258789,0.007142917271638818,0.053826239878139844
2025-02-28,3.8340001106262207,-0.025748050368114776,0.05373558275113633
2025-03-03,4.122000217437744,0.07242986174136191,0.054872750076811
2025-03-04,4.349999904632568,0.053837287958234635,0.05389190593406318
2025-03-05,4.449999809265137,0.022728230139335913,0.05304912156705037
2025-03-06,4.302000045776367,-0.03382401183012501,0.05274804968853158
2025-03-07,4.39900016784668,0.02229723903597061,0.05285123028527181
2025-03-10,4.491000175476074,0.020698152656202642,0.05285262158291577
2025-03-11,4.453000068664551,-0.008497391419023143,0.050176609649339156
2025-03-12,4.084000110626221,-0.08650111436927402,0.051457647749253155
2025-03-13,4.111000061035156,0.006589395372399955,0.05140122892342071
2025-03-14,4.104000091552734,-0.0017041925858926159,0.0424905162292213
2025-03-17,4.01800012588501,-0.021177832453630915,0.04282792906011424
2025-03-18,4.052000045776367,0.00842629996065624,0.03954207280717076
2025-03-19,4.247000217437744,0.047002304845430026,0.03960288656271561
2025-03-20,3.9749999046325684,-0.06618817841460645,0.04162427833997405
2025-03-21,3.9800000190734863,0.0012570999741912314,0.041599279533308796
2025-03-24,3.9140000343322754,-0.01672194634313559,0.041296945289982866
2025-03-25,3.8399999141693115,-0.019087533497650484,0.041007987124858924
2025-03-26,3.8610000610351562,0.005453888842327021,0.040870586913838845
2025-03-27,3.950000047683716,0.022789357894636857,0.04099142743415389
2025-03-28,4.065000057220459,0.028698166091290295,0.041174453430962016
2025-03-31,4.11899995803833,0.013196648190452097,0.04099491185723542
2025-04-01,3.9509999752044678,-0.04164170011310713,0.039599634458536905
2025-04-02,4.054999828338623,0.025981940080620877,0.03792737916634115
2025-04-03,4.138000011444092,0.020261936854847156,0.03773846658159525
2025-04-04,3.8369998931884766,-0.0755217986613945,0.039956823362967395
2025-04-07,3.6549999713897705,-0.04859469805352062,0.03953044349074362
2025-04-08,3.4649999141693115,-0.05338347750294086,0.03953639306412787
2025-04-09,3.815999984741211,0.09649014171630077,0.042089532887477805
2025-04-10,3.556999921798706,-0.07028527860627012,0.04392123330417993
2025-04-11,3.5269999504089355,-0.008469833787630185,0.043730377556904655
2025-04-14,3.325000047683716,-0.05897794874472076,0.042500946328309114
2025-04-15,3.3289999961853027,0.0012022689982044514,0.0409542433372009
2025-04-16,3.246999979019165,-0.0249404707878863,0.04060739629862403
2025-04-17,3.244999885559082,-0.0006161717698969011,0.04040192990984613
2025-04-21,3.0160000324249268,-0.07318385399252582,0.0415630654585642
2025-04-22,3.006999969482422,-0.0029885670391334444,0.04113181068797367
2025-04-23,3.0220000743865967,0.0049759946080229845,0.041260217553399994
2025-04-24,2.930000066757202,-0.030916442652565854,0.03902991039470928
2025-04-25,2.937000036239624,0.0023862187424727064,0.038971836469274525
2025-04-28,3.1700000762939453,0.07634294740120305,0.042107135061834056
2025-04-29,3.385999917984009,0.06591764753217541,0.0441628944656932
2025-04-30,3.3259999752044678,-0.017878886173179828,0.04413378831380888
2025-05-01,3.4790000915527344,0.04497454916994852,0.044050367921683216
2025-05-02,3.630000114440918,0.04248775731755899,0.04344970261348673
2025-05-05,3.549999952316284,-0.022285089747890917,0.04358206577455304
2025-05-06,3.4630000591278076,-0.024812307560849376,0.04368960878591586
2025-05-07,3.621000051498413,0.04461496251121383,0.04447606345419947
2025-05-08,3.5920000076293945,-0.008041092441706782,0.044466764004225945
2025-05-09,3.7950000762939453,0.05497527838744996,0.04547255838943996
2025-05-12,3.6459999084472656,-0.04005377980538777,0.045638962340586564
2025-05-13,3.6470000743865967,0.0002742810771851462,0.04553557661587076
2025-05-14,3.492000102996826,-0.0434302647507596,0.045587623697312264
2025-05-15,3.361999988555908,-0.03793863588996701,0.04562611994301941
2025-05-16,3.3340001106262207,-0.008363214072638675,0.045351110820190305
2025-05-19,3.11299991607666,-0.0685859530093522,0.04500718572343542
2025-05-20,3.427000045776367,0.09609839174955477,0.048043228470281606
2025-05-21,3.368000030517578,-0.017366150808915484,0.04716062376192458
2025-05-22,3.253000020980835,-0.03474145150021651,0.0437759828549988
2025-05-23,3.3340001106262207,0.02459516356892924,0.04232398655059057
2025-05-27,3.3980000019073486,0.019014206301223757,0.042479823935778475
2025-05-28,3.2039999961853027,-0.05878699579554718,0.04247088794524052
2025-05-29,3.5220000743865967,0.09462900317906153,0.04593948448970611
2025-05-30,3.447000026702881,-0.021524735913139748,0.04587491076639653
2025-06-02,3.694000005722046,0.069205588044629,0.04748103698741781
2025-06-03,3.7219998836517334,0.007551243634389918,0.04516840834056098
2025-06-04,3.7160000801086426,-0.0016132844510954663,0.04515860637940482
2025-06-05,3.677000045776367,-0.010550627740839584,0.04527210797312511
2025-06-06,3.7839999198913574,0.028684415250757576,0.04487777134124708
2025-06-09,3.634999990463257,-0.04017252165737706,0.04574286767837306
2025-06-10,3.5329999923706055,-0.02846174214435264,0.04425059759475057
2025-06-11,3.506999969482422,-0.0073864037614050125,0.04268791064608817
2025-06-12,3.492000102996826,-0.004286294983699447,0.042550665788495395
2025-06-13,3.5810000896453857,0.025167448577475875,0.04200498384069582
2025-06-16,3.747999906539917,0.04558022339027415,0.042114053780001645
2025-06-17,3.8510000705718994,0.027110533718187765,0.042135206780149245
2025-06-18,3.989000082015991,0.0352077203254333,0.04220806300788531
2025-06-20,3.8469998836517334,-0.036246999957546704,0.042153978498248576
2025-06-23,3.697999954223633,-0.03950147294001118,0.04279924091247482
2025-06-24,3.5369999408721924,-0.044513227079844724,0.04232207561778349
2025-06-25,3.4059998989105225,-0.037740340945733086,0.04225305241171133
2025-06-26,3.260999917984009,-0.0435046809040558,0.04291300531326292
2025-06-27,3.739000082015991,0.1367843462736337,0.049301850233899255
2025-06-30,3.4560000896453857,-0.07870634104938365,0.05098180737309318
2025-07-01,3.4149999618530273,-0.011934395028530534,0.051008390910132095
2025-07-02,3.48799991607666,0.021151000133805536,0.04940512438724026
2025-07-03,3.4089999198913574,-0.02290951232953838,0.04642583335307374
2025-07-04,3.38700008392334,-0.006474371042894661,0.046329251185356024
2025-07-07,3.4119999408721924,0.007354013686354002,0.04587007296539143
2025-07-08,3.3399999141693115,-0.021327831009265562,0.04584215814286545
2025-07-09,3.2139999866485596,-0.03845451812962765,0.04622195713690083
2025-07-10,3.3369998931884766,0.037555904599818384,0.04547083659634477
2025-07-11,3.313999891281128,-0.006916281562553922,0.041929794329408326
2025-07-14,3.4660000801086426,0.04484532820768652,0.0426110807659962
2025-07-15,3.5230000019073486,0.016311685494378413,0.04070846913514022
2025-07-16,3.5510001182556152,0.007916387362510715,0.040711347890737014
2025-07-17,3.5420000553131104,-0.002537732286019085,0.040711733423267164
2025-07-18,3.565000057220459,0.006472514939887504,0.04070128968734904
2025-07-21,3.325000047683716,-0.06969438146809422,0.0421615427758916
2025-07-22,3.252000093460083,-0.02219946802395787,0.04176016672185636
2025-07-23,3.0769999027252197,-0.05531515569843563,0.04258855726643334
2025-07-24,3.0940001010894775,0.0055097200972293444,0.042624598349061335
2025-07-25,3.109999895095825,0.005157907636275897,0.04265862159768079
2025-07-28,2.98799991607666,-0.04001845327611953,0.04278895963994352
2025-07-29,3.0810000896453857,0.030650009526951665,0.042251381235895835
2025-07-30,3.0450000762939453,-0.011753322493385503,0.041777436494306666
2025-07-31,3.1059999465942383,0.019834781314766608,0.04132318324242754
2025-08-01,3.0829999446868896,-0.0074325765694231985,0.04098566409665351
2025-08-04,2.931999921798706,-0.05021837360993722,0.04132062640436663
2025-08-05,3.009999990463257,0.026255318239681934,0.04116847875256471
2025-08-06,3.0769999027252197,0.022014989133959804,0.04099389877168393
2025-08-07,3.066999912261963,-0.0032552082013970144,0.04028819010581802
2025-08-08,2.990000009536743,-0.025426465932852766,0.030775723621559222
2025-08-11,2.9539999961853027,-0.012113207774319878,0.027707752329251312
2025-08-12,2.808000087738037,-0.050687665408517456,0.02890837068864469
2025-08-13,2.828000068664551,0.007097254905273564,0.028556167537405315
2025-08-14,2.8410000801086426,0.004586358754812961,0.028468781747568964
2025-08-15,2.9159998893737793,0.026056645139359305,0.0290663390397399
2025-08-18,2.890000104904175,-0.00895623778538701,0.02897987659681804
2025-08-19,2.7660000324249268,-0.04385429345811836,0.02968641632094408
2025-08-20,2.752000093460083,-0.005074290933361513,0.02905802990453048
2025-08-21,2.8259999752044678,0.026534321456379444,0.02856465803291752
2025-08-22,2.697999954223633,-0.04635153466947602,0.029521514188139027
2025-08-25,2.696000099182129,-0.0007415109801024853,0.027897143449705696
2025-08-26,2.7170000076293945,0.007759103413548819,0.027679020231999942
2025-08-27,2.867000102996826,0.053737889573948074,0.029807660741156476
2025-08-28,2.944000005722046,0.026502979984079376,0.030427132256658607
2025-08-29,2.996999979019165,0.017842578523654295,0.03065988491717821
2025-09-02,3.009000062942505,0.00399603723207491,0.028217803980783787
2025-09-03,3.063999891281128,0.018113397829694875,0.028248026168263714
2025-09-04,3.0739998817443848,0.0032583902510987545,0.02639853720184413
2025-09-05,3.0480000972747803,-0.008493936908084981,0.026420957435093692
2025-09-08,3.0899999141693115,0.01368539339403454,0.026529567384019792
2025-09-09,3.117000102996826,0.008699970696043642,0.025479384068274314
2025-09-10,3.0290000438690186,-0.028638487300671506,0.02543240038174294
2025-09-11,2.934000015258789,-0.031865861606636035,0.02599627832430464
2025-09-12,2.940999984741211,0.002382969462090524,0.0257020674943159
2025-09-15,3.0429999828338623,0.03409421089008679,0.026495347918715335
2025-09-16,3.1029999256134033,0.01952549622012054,0.024993820157398653
2025-09-17,3.0999999046325684,-0.0009672807663532563,0.024569258465856808
2025-09-18,2.938999891281128,-0.05333273028242333,0.026145663663555262
2025-09-19,2.888000011444092,-0.017505125451773743,0.026307039384172955
2025-09-22,2.805999994277954,-0.028804245352164366,0.026417736153691036
2025-09-23,2.8529999256134033,0.01661106651719656,0.02656308480782323
2025-09-24,2.8580000400543213,0.0017510473642359111,0.024862458002214677
2025-09-25,2.9040000438690186,0.01596701854647731,0.02499491565221811
2025-09-26,2.8350000381469727,-0.024047161433523312,0.025392201662295798
2025-09-29,3.2669999599456787,0.14183016972321966,0.03605768159037429
2025-09-30,3.302999973297119,0.010959017965562767,0.035998226626409245
2025-10-01,3.4760000705718994,0.05105108938154326,0.03577609858405936
2025-10-02,3.441999912261963,-0.009829555406839175,0.035844731171358314
2025-10-03,3.3239998817443848,-0.03488383088202106,0.03646614878646763
2025-10-06,3.3570001125335693,0.009878910103058452,0.03513467432315972
2025-10-07,3.497999906539917,0.04114359835830016,0.03563340750529752
2025-10-08,3.3329999446868896,-0.048318567148251716,0.0371231408361361
2025-10-09,3.2690000534057617,-0.019388638650903102,0.036327916920643896
2025-10-10,3.1059999465942383,-0.05114843654699715,0.03744598680835623
2025-10-13,3.118000030517578,0.0038560728910242374,0.03732605361391244
2025-10-14,3.0280001163482666,-0.02928940642380191,0.03773619573366271
2025-10-15,3.0160000324249268,-0.003970913102651884,0.03759001918304757
2025-10-16,2.937999963760376,-0.026202395479788292,0.037871507793950085
2025-10-17,3.007999897003174,0.0235463064297349,0.038118689509481433
2025-10-20,3.3970000743865967,0.12161733922955234,0.044119051894749454
2025-10-21,3.4739999771118164,0.02241395015431072,0.04424931611032068
2025-10-22,3.450000047683716,-0.006932416365854406,0.04387966834998538
2025-10-23,3.3440001010894775,-0.03120651941207353,0.043861070729228055
2025-10-24,3.303999900817871,-0.01203389981263457,0.04396234138336782
2025-10-27,3.441999912261963,0.04091884665899705,0.04414137500762836
2025-10-28,3.3450000286102295,-0.028585970165599425,0.04443488377193668
2025-10-29,3.375999927520752,0.009224853131414327,0.0444463957651914
2025-10-30,3.9560000896453857,0.15854188115633971,0.051487881213097206
2025-10-31,4.124000072479248,0.04159014730862217,0.05153345921978695
2025-11-03,4.265999794006348,0.03385298803214978,0.0510957696884968
2025-11-04,4.3429999351501465,0.01788876685879337,0.05109858471233206
2025-11-05,4.23199987411499,-0.02589067381063135,0.051574189501193454
2025-11-06,4.35699987411499,0.02910905343270321,0.0516552626288679
2025-11-07,4.315000057220459,-0.009686380446499832,0.05136079212386305
2025-11-10,4.3379998207092285,0.005316033278181961,0.04533939349553217
2025-11-11,4.565000057220459,0.05100515550713606,0.04597043454717163
2025-11-12,4.5329999923706055,-0.007034556305900126,0.04543620134768542
2025-11-13,4.645999908447266,0.024622644366872306,0.04538315226526791
2025-11-14,4.565999984741211,-0.01736906987673076,0.044895902856305195
2025-11-17,4.361000061035156,-0.045936141909466974,0.04606727281691309
2025-11-18,4.370999813079834,0.0022903702611606095,0.04566877956597226
2025-11-19,4.550000190734863,0.040135501765139345,0.04479263163389644
2025-11-20,4.473999977111816,-0.016844416930491615,0.044736709277945014
2025-11-21,4.579999923706055,0.023416123515909937,0.04324220500178528
2025-11-24,4.548999786376953,-0.006791599840602078,0.04336290946903304
2025-11-25,4.423999786376953,-0.027863165694699425,0.0433161673466372
2025-11-26,4.558000087738037,0.029839734140007165,0.04330897590996593
2025-11-28,4.849999904632568,0.06209473521327111,0.043499041188660055
2025-12-01,4.921000003814697,0.014533077373024934,0.04348130658046763
2025-12-02,4.840000152587891,-0.016597010404065096,0.03904533858124223
2025-12-03,4.994999885559082,0.031522636934458316,0.03916594358153177
2025-12-04,5.063000202178955,0.013521843730989231,0.03900080793787808
2025-12-05,5.289000034332275,0.043669965654692056,0.03848080457958684
2025-12-08,4.9120001792907715,-0.07394797122969814,0.0415353834896114
2025-12-09,4.573999881744385,-0.07129315759868891,0.04393788358122381
2025-12-10,4.59499979019165,0.0045806404007918385,0.04336057791985982
2025-12-11,4.230999946594238,-0.08253035103206917,0.046576501002375495
2025-12-12,4.11299991607666,-0.02828569027156239,0.03724315514209179
2025-12-15,4.01200008392334,-0.024862777826106897,0.036736791195015044
2025-12-16,3.885999917984009,-0.031909561168026186,0.03655203603135659
2025-12-17,4.02400016784668,0.03489614465909521,0.03701787157748072
2025-12-18,3.9079999923706055,-0.029250742280552834,0.0370959497799136
2025-12-19,3.9839999675750732,0.01926059935527906,0.036847907931695525
2025-12-22,3.9649999141693115,-0.00478049814383798,0.03682801458941103
2025-12-23,4.4079999923706055,0.10591523668007992,0.04183404684599453
2025-12-24,4.242000102996826,-0.03838618969706519,0.04129521417173621
2025-12-26,4.366000175476074,0.028812417896506317,0.04167474871221124
2025-12-29,4.686999797821045,0.07094537748520852,0.043485281402036426
2025-12-30,3.9719998836517334,-0.16552295891364222,0.052944151896048654
2025-12-31,3.686000108718872,-0.07472782814810122,0.05396946503261466
2026-01-02,3.618000030517578,-0.018620493334679293,0.05399900030344641
2026-01-05,3.5230000019073486,-0.02660849550753415,0.05339128269066101
2026-01-06,3.3499999046325684,-0.050352582531414974,0.053919162526023766
2026-01-07,3.5250000953674316,0.050920145949737525,0.05472843284724326
2026-01-08,3.4070000648498535,-0.034048305605694704,0.054921097790822423
2026-01-09,3.1689999103546143,-0.07241610529256935,0.05602229951645308
2026-01-12,3.4089999198913574,0.0730029172360459,0.05764139666133041
2026-01-13,3.4189999103546143,0.002929114780792214,0.05609223402774263
2026-01-14,3.119999885559082,-0.09151511929578726,0.057703435992543524
2026-01-15,3.128000020980835,0.0025608642488838393,0.05779325862130007
2026-01-16,3.1029999256134033,-0.008024467896726974,0.05715359481333629
2026-01-20,3.9070000648498535,0.23040047117754334,0.072622403890107
2026-01-21,4.875,0.2213502717785015,0.083470646681465
2026-01-22,5.045000076293945,0.03427756447844649,0.08262032631996315
2026-01-23,5.275000095367432,0.04458102851300698,0.08183419762698814
2026-01-26,6.800000190734863,0.25394394279004123,0.09363015866601644
2026-01-27,6.953999996185303,0.022394392805802858,0.09187944824559652
2026-01-28,7.460000038146973,0.07023838629209651,0.09198187739411048
2026-01-29,3.9179999828338623,-0.6439741041882078,0.15213898754443922
2026-01-30,4.354000091552734,0.10551366869862883,0.15323460614101947
2026-02-02,3.236999988555908,-0.296448012430919,0.16257204821345236
2026-02-03,3.311000108718872,0.022603319992062554,0.16260577062343187
2026-02-04,3.4649999141693115,0.04546231647033555,0.1628137293174593
2026-02-05,3.509000062942505,0.012618506667421,0.16284424355756877
2026-02-06,3.421999931335449,-0.025105959134144054,0.16154449267716062
2026-02-09,3.138000011444092,-0.08663949744660283,0.16209223192443684
2026-02-10,3.115000009536743,-0.0073565026568077315,0.1619276489497845
2026-02-11,3.1589999198913574,0.014026341160115453,0.16126340776312684
2026-02-12,3.2170000076293945,0.018193754167389473,0.15874627559871152
2026-02-13,3.243000030517578,0.008049586106997212,0.158247577331613
2026-02-16,2.990000009536743,-0.08122544614333199,0.15885499481130344
